  0
SECTION
  2
HEADER
  9
$ACADVER
  1
AC1032
  9
$ACADMAINTVER
 90
      228
  9
$DWGCODEPAGE
  3
ANSI_1252
  9
$LASTSAVEDBY
  1
admin
  9
$REQUIREDVERSIONS
160
                 0
  9
$INSBASE
 10
0.0
 20
0.0
 30
0.0
  9
$EXTMIN
 10
15.60472854579212
 20
20.19528734270716
 30
0.0
  9
$EXTMAX
 10
137.8047285457851
 20
50.6496352932445
 30
0.0
  9
$LIMMIN
 10
0.0
 20
0.0
  9
$LIMMAX
 10
12.0
 20
9.0
  9
$ORTHOMODE
 70
     0
  9
$REGENMODE
 70
     1
  9
$FILLMODE
 70
     1
  9
$QTEXTMODE
 70
     0
  9
$MIRRTEXT
 70
     0
  9
$LTSCALE
 40
1.0
  9
$ATTMODE
 70
     1
  9
$TEXTSIZE
 40
0.2
  9
$TRACEWID
 40
0.05
  9
$TEXTSTYLE
  7
Standard
  9
$CLAYER
  8
0
  9
$CELTYPE
  6
ByLayer
  9
$CECOLOR
 62
   256
  9
$CELTSCALE
 40
1.0
  9
$DISPSILH
 70
     0
  9
$DIMSCALE
 40
1.0
  9
$DIMASZ
 40
0.18
  9
$DIMEXO
 40
0.0625
  9
$DIMDLI
 40
0.38
  9
$DIMRND
 40
0.0
  9
$DIMDLE
 40
0.0
  9
$DIMEXE
 40
0.18
  9
$DIMTP
 40
0.0
  9
$DIMTM
 40
0.0
  9
$DIMTXT
 40
0.18
  9
$DIMCEN
 40
0.09
  9
$DIMTSZ
 40
0.0
  9
$DIMTOL
 70
     0
  9
$DIMLIM
 70
     0
  9
$DIMTIH
 70
     1
  9
$DIMTOH
 70
     1
  9
$DIMSE1
 70
     0
  9
$DIMSE2
 70
     0
  9
$DIMTAD
 70
     0
  9
$DIMZIN
 70
     0
  9
$DIMBLK
  1

  9
$DIMASO
 70
     1
  9
$DIMSHO
 70
     1
  9
$DIMPOST
  1

  9
$DIMAPOST
  1

  9
$DIMALT
 70
     0
  9
$DIMALTD
 70
     2
  9
$DIMALTF
 40
25.4
  9
$DIMLFAC
 40
1.0
  9
$DIMTOFL
 70
     0
  9
$DIMTVP
 40
0.0
  9
$DIMTIX
 70
     0
  9
$DIMSOXD
 70
     0
  9
$DIMSAH
 70
     0
  9
$DIMBLK1
  1

  9
$DIMBLK2
  1

  9
$DIMSTYLE
  2
Standard
  9
$DIMCLRD
 70
     0
  9
$DIMCLRE
 70
     0
  9
$DIMCLRT
 70
     0
  9
$DIMTFAC
 40
1.0
  9
$DIMGAP
 40
0.09
  9
$DIMJUST
 70
     0
  9
$DIMSD1
 70
     0
  9
$DIMSD2
 70
     0
  9
$DIMTOLJ
 70
     1
  9
$DIMTZIN
 70
     0
  9
$DIMALTZ
 70
     0
  9
$DIMALTTZ
 70
     0
  9
$DIMUPT
 70
     0
  9
$DIMDEC
 70
     4
  9
$DIMTDEC
 70
     4
  9
$DIMALTU
 70
     2
  9
$DIMALTTD
 70
     2
  9
$DIMTXSTY
  7
Standard
  9
$DIMAUNIT
 70
     0
  9
$DIMADEC
 70
     0
  9
$DIMALTRND
 40
0.0
  9
$DIMAZIN
 70
     0
  9
$DIMDSEP
 70
    46
  9
$DIMATFIT
 70
     3
  9
$DIMFRAC
 70
     0
  9
$DIMLDRBLK
  1

  9
$DIMLUNIT
 70
     2
  9
$DIMLWD
 70
    -2
  9
$DIMLWE
 70
    -2
  9
$DIMTMOVE
 70
     0
  9
$DIMFXL
 40
1.0
  9
$DIMFXLON
 70
     0
  9
$DIMJOGANG
 40
0.7853981633974483
  9
$DIMTFILL
 70
     0
  9
$DIMTFILLCLR
 70
     0
  9
$DIMARCSYM
 70
     0
  9
$DIMLTYPE
  6

  9
$DIMLTEX1
  6

  9
$DIMLTEX2
  6

  9
$DIMTXTDIRECTION
 70
     0
  9
$LUNITS
 70
     2
  9
$LUPREC
 70
     4
  9
$SKETCHINC
 40
0.1
  9
$FILLETRAD
 40
0.0
  9
$AUNITS
 70
     0
  9
$AUPREC
 70
     0
  9
$MENU
  1
.
  9
$ELEVATION
 40
0.0
  9
$PELEVATION
 40
0.0
  9
$THICKNESS
 40
0.0
  9
$LIMCHECK
 70
     0
  9
$CHAMFERA
 40
0.0
  9
$CHAMFERB
 40
0.0
  9
$CHAMFERC
 40
0.0
  9
$CHAMFERD
 40
0.0
  9
$SKPOLY
 70
     0
  9
$TDCREATE
 40
2461201.544675926
  9
$TDUCREATE
 40
2461201.315509260
  9
$TDUPDATE
 40
2461201.545555556
  9
$TDUUPDATE
 40
2461201.316388889
  9
$TDINDWG
 40
0.0008796296
  9
$TDUSRTIMER
 40
0.0008796296
  9
$USRTIMER
 70
     1
  9
$ANGBASE
 50
0.0
  9
$ANGDIR
 70
     0
  9
$PDMODE
 70
     0
  9
$PDSIZE
 40
0.0
  9
$PLINEWID
 40
0.0
  9
$SPLFRAME
 70
     0
  9
$SPLINETYPE
 70
     6
  9
$SPLINESEGS
 70
     8
  9
$HANDSEED
  5
2C7
  9
$SURFTAB1
 70
     6
  9
$SURFTAB2
 70
     6
  9
$SURFTYPE
 70
     6
  9
$SURFU
 70
     6
  9
$SURFV
 70
     6
  9
$UCSBASE
  2

  9
$UCSNAME
  2

  9
$UCSORG
 10
0.0
 20
0.0
 30
0.0
  9
$UCSXDIR
 10
1.0
 20
0.0
 30
0.0
  9
$UCSYDIR
 10
0.0
 20
1.0
 30
0.0
  9
$UCSORTHOREF
  2

  9
$UCSORTHOVIEW
 70
     0
  9
$UCSORGTOP
 10
0.0
 20
0.0
 30
0.0
  9
$UCSORGBOTTOM
 10
0.0
 20
0.0
 30
0.0
  9
$UCSORGLEFT
 10
0.0
 20
0.0
 30
0.0
  9
$UCSORGRIGHT
 10
0.0
 20
0.0
 30
0.0
  9
$UCSORGFRONT
 10
0.0
 20
0.0
 30
0.0
  9
$UCSORGBACK
 10
0.0
 20
0.0
 30
0.0
  9
$PUCSBASE
  2

  9
$PUCSNAME
  2

  9
$PUCSORG
 10
0.0
 20
0.0
 30
0.0
  9
$PUCSXDIR
 10
1.0
 20
0.0
 30
0.0
  9
$PUCSYDIR
 10
0.0
 20
1.0
 30
0.0
  9
$PUCSORTHOREF
  2

  9
$PUCSORTHOVIEW
 70
     0
  9
$PUCSORGTOP
 10
0.0
 20
0.0
 30
0.0
  9
$PUCSORGBOTTOM
 10
0.0
 20
0.0
 30
0.0
  9
$PUCSORGLEFT
 10
0.0
 20
0.0
 30
0.0
  9
$PUCSORGRIGHT
 10
0.0
 20
0.0
 30
0.0
  9
$PUCSORGFRONT
 10
0.0
 20
0.0
 30
0.0
  9
$PUCSORGBACK
 10
0.0
 20
0.0
 30
0.0
  9
$USERI1
 70
     0
  9
$USERI2
 70
     0
  9
$USERI3
 70
     0
  9
$USERI4
 70
     0
  9
$USERI5
 70
     0
  9
$USERR1
 40
0.0
  9
$USERR2
 40
0.0
  9
$USERR3
 40
0.0
  9
$USERR4
 40
0.0
  9
$USERR5
 40
0.0
  9
$WORLDVIEW
 70
     1
  9
$SHADEDGE
 70
     3
  9
$SHADEDIF
 70
    70
  9
$TILEMODE
 70
     1
  9
$MAXACTVP
 70
    64
  9
$PINSBASE
 10
0.0
 20
0.0
 30
0.0
  9
$PLIMCHECK
 70
     0
  9
$PEXTMIN
 10
0.0
 20
0.0
 30
0.0
  9
$PEXTMAX
 10
0.0
 20
0.0
 30
0.0
  9
$PLIMMIN
 10
0.0
 20
0.0
  9
$PLIMMAX
 10
12.0
 20
9.0
  9
$UNITMODE
 70
     0
  9
$VISRETAIN
 70
     1
  9
$PLINEGEN
 70
     0
  9
$PSLTSCALE
 70
     1
  9
$TREEDEPTH
 70
  3020
  9
$CMLSTYLE
  2
Standard
  9
$CMLJUST
 70
     0
  9
$CMLSCALE
 40
1.0
  9
$PROXYGRAPHICS
 70
     1
  9
$MEASUREMENT
 70
     0
  9
$CELWEIGHT
370
    -1
  9
$ENDCAPS
280
     0
  9
$JOINSTYLE
280
     0
  9
$LWDISPLAY
290
     0
  9
$INSUNITS
 70
     1
  9
$HYPERLINKBASE
  1

  9
$STYLESHEET
  1

  9
$XEDIT
290
     1
  9
$CEPSNTYPE
380
     0
  9
$PSTYLEMODE
290
     1
  9
$FINGERPRINTGUID
  2
{13BC47A6-AB6D-4F4D-8D27-2574B78038E6}
  9
$VERSIONGUID
  2
{9614A4A3-8FE5-C044-90F2-BFFB915D159A}
  9
$EXTNAMES
290
     1
  9
$PSVPSCALE
 40
0.0
  9
$OLESTARTUP
290
     0
  9
$SORTENTS
280
   127
  9
$INDEXCTL
280
     0
  9
$HIDETEXT
280
     1
  9
$XCLIPFRAME
280
     2
  9
$HALOGAP
280
     0
  9
$OBSCOLOR
 70
   257
  9
$OBSLTYPE
280
     0
  9
$INTERSECTIONDISPLAY
280
     0
  9
$INTERSECTIONCOLOR
 70
   257
  9
$DIMASSOC
280
     2
  9
$PROJECTNAME
  1

  9
$CAMERADISPLAY
290
     0
  9
$LENSLENGTH
 40
50.0
  9
$CAMERAHEIGHT
 40
0.0
  9
$STEPSPERSEC
 40
2.0
  9
$STEPSIZE
 40
6.0
  9
$3DDWFPREC
 40
2.0
  9
$PSOLWIDTH
 40
0.25
  9
$PSOLHEIGHT
 40
4.0
  9
$LOFTANG1
 40
1.570796326794896
  9
$LOFTANG2
 40
1.570796326794896
  9
$LOFTMAG1
 40
0.0
  9
$LOFTMAG2
 40
0.0
  9
$LOFTPARAM
 70
     7
  9
$LOFTNORMALS
280
     1
  9
$LATITUDE
 40
37.795
  9
$LONGITUDE
 40
-122.394
  9
$NORTHDIRECTION
 40
0.0
  9
$TIMEZONE
 70
 -8000
  9
$LIGHTGLYPHDISPLAY
280
     1
  9
$TILEMODELIGHTSYNCH
280
     1
  9
$CMATERIAL
347
96
  9
$SOLIDHIST
280
     0
  9
$SHOWHIST
280
     1
  9
$DWFFRAME
280
     2
  9
$DGNFRAME
280
     0
  9
$REALWORLDSCALE
290
     1
  9
$INTERFERECOLOR
 62
     1
  9
$INTERFEREOBJVS
345
A3
  9
$INTERFEREVPVS
346
A0
  9
$CSHADOW
280
     0
  9
$SHADOWPLANELOCATION
 40
0.0
  0
ENDSEC
  0
SECTION
  2
CLASSES
  0
CLASS
  1
ACDBDICTIONARYWDFLT
  2
AcDbDictionaryWithDefault
  3
ObjectDBX Classes
 90
        0
 91
        1
280
     0
281
     0
  0
CLASS
  1
DICTIONARYVAR
  2
AcDbDictionaryVar
  3
ObjectDBX Classes
 90
        0
 91
       24
280
     0
281
     0
  0
CLASS
  1
TABLESTYLE
  2
AcDbTableStyle
  3
ObjectDBX Classes
 90
     4095
 91
        1
280
     0
281
     0
  0
CLASS
  1
MATERIAL
  2
AcDbMaterial
  3
ObjectDBX Classes
 90
     1153
 91
        3
280
     0
281
     0
  0
CLASS
  1
VISUALSTYLE
  2
AcDbVisualStyle
  3
ObjectDBX Classes
 90
     4095
 91
       24
280
     0
281
     0
  0
CLASS
  1
SCALE
  2
AcDbScale
  3
ObjectDBX Classes
 90
     1153
 91
       33
280
     0
281
     0
  0
CLASS
  1
MLEADERSTYLE
  2
AcDbMLeaderStyle
  3
ACDB_MLEADERSTYLE_CLASS
 90
     4095
 91
        2
280
     0
281
     0
  0
CLASS
  1
CELLSTYLEMAP
  2
AcDbCellStyleMap
  3
ObjectDBX Classes
 90
     1152
 91
        2
280
     0
281
     0
  0
CLASS
  1
EXACXREFPANELOBJECT
  2
ExAcXREFPanelObject
  3
EXAC_ESW
 90
     1025
 91
        0
280
     0
281
     0
  0
CLASS
  1
NPOCOLLECTION
  2
AcDbImpNonPersistentObjectsCollection
  3
ObjectDBX Classes
 90
     1153
 91
        0
280
     0
281
     0
  0
CLASS
  1
LAYER_INDEX
  2
AcDbLayerIndex
  3
ObjectDBX Classes
 90
        0
 91
        0
280
     0
281
     0
  0
CLASS
  1
SPATIAL_INDEX
  2
AcDbSpatialIndex
  3
ObjectDBX Classes
 90
        0
 91
        0
280
     0
281
     0
  0
CLASS
  1
IDBUFFER
  2
AcDbIdBuffer
  3
ObjectDBX Classes
 90
        0
 91
        0
280
     0
281
     0
  0
CLASS
  1
ACDBSECTIONVIEWSTYLE
  2
AcDbSectionViewStyle
  3
ObjectDBX Classes
 90
     1025
 91
        2
280
     0
281
     0
  0
CLASS
  1
ACDBDETAILVIEWSTYLE
  2
AcDbDetailViewStyle
  3
ObjectDBX Classes
 90
     1025
 91
        2
280
     0
281
     0
  0
CLASS
  1
RAPIDRTRENDERSETTINGS
  2
AcDbRapidRTRenderSettings
  3
ObjectDBX Classes
 90
     1024
 91
        7
280
     0
281
     0
  0
CLASS
  1
SORTENTSTABLE
  2
AcDbSortentsTable
  3
ObjectDBX Classes
 90
        0
 91
        1
280
     0
281
     0
  0
ENDSEC
  0
SECTION
  2
TABLES
  0
TABLE
  2
VPORT
  5
8
330
0
100
AcDbSymbolTable
 70
     1
  0
VPORT
  5
94
330
8
100
AcDbSymbolTableRecord
100
AcDbViewportTableRecord
  2
*Active
 70
     0
 10
0.0
 20
0.0
 11
1.0
 21
1.0
 12
79.01411528091049
 22
22.83735583881384
 13
0.0
 23
0.0
 14
0.5
 24
0.5
 15
0.5
 25
0.5
 16
0.0
 26
0.0
 36
1.0
 17
0.0
 27
0.0
 37
0.0
 40
115.2099797887925
 41
1.596618357487922
 42
50.0
 43
0.0
 44
0.0
 50
0.0
 51
0.0
 71
     0
 72
  1000
 73
     1
 74
     3
 75
     0
 76
     1
 77
     0
 78
     0
281
     0
 65
     1
110
0.0
120
0.0
130
0.0
111
1.0
121
0.0
131
0.0
112
0.0
122
1.0
132
0.0
 79
     0
146
0.0
348
9F
 60
     3
 61
     5
292
     1
282
     1
141
0.0
142
0.0
 63
   250
421
  3355443
1001
ACAD_NAV_VCDISPLAY
1070
     3
  0
ENDTAB
  0
TABLE
  2
LTYPE
  5
5
330
0
100
AcDbSymbolTable
 70
     1
  0
LTYPE
  5
14
330
5
100
AcDbSymbolTableRecord
100
AcDbLinetypeTableRecord
  2
ByBlock
 70
     0
  3

 72
    65
 73
     0
 40
0.0
  0
LTYPE
  5
15
330
5
100
AcDbSymbolTableRecord
100
AcDbLinetypeTableRecord
  2
ByLayer
 70
     0
  3

 72
    65
 73
     0
 40
0.0
  0
LTYPE
  5
16
330
5
100
AcDbSymbolTableRecord
100
AcDbLinetypeTableRecord
  2
Continuous
 70
     0
  3
Solid line
 72
    65
 73
     0
 40
0.0
  0
ENDTAB
  0
TABLE
  2
LAYER
  5
2
102
{ACAD_XDICTIONARY
360
18E
102
}
330
0
100
AcDbSymbolTable
 70
     9
  0
LAYER
  5
10
102
{ACAD_XDICTIONARY
360
E6
102
}
330
2
100
AcDbSymbolTableRecord
100
AcDbLayerTableRecord
  2
0
 70
     0
 62
     7
  6
Continuous
370
    -3
390
F
347
98
348
0
  0
LAYER
  5
299
330
2
100
AcDbSymbolTableRecord
100
AcDbLayerTableRecord
  2
DRILLS
 70
     0
 62
   170
  6
Continuous
370
    -3
390
F
347
98
348
0
  0
LAYER
  5
29A
330
2
100
AcDbSymbolTableRecord
100
AcDbLayerTableRecord
  2
1 - PRODUCT
 70
     0
 62
     7
  6
Continuous
370
    -3
390
F
347
98
348
0
  0
LAYER
  5
29B
330
2
100
AcDbSymbolTableRecord
100
AcDbLayerTableRecord
  2
XS-0665 - PROLINE AM3EX
 70
     0
 62
     7
  6
Continuous
370
    -3
390
F
347
98
348
0
  0
LAYER
  5
29C
330
2
100
AcDbSymbolTableRecord
100
AcDbLayerTableRecord
  2
3D RU-0520 - TRIPLEX OUTER SKIN
 70
     0
 62
     7
  6
Continuous
370
    -3
390
F
347
98
348
0
  0
LAYER
  5
29D
330
2
100
AcDbSymbolTableRecord
100
AcDbLayerTableRecord
  2
3D RU-0520 - TRIPLEX FOAM
 70
     0
 62
     7
  6
Continuous
370
    -3
390
F
347
98
348
0
  0
LAYER
  5
29E
330
2
100
AcDbSymbolTableRecord
100
AcDbLayerTableRecord
  2
3D RU-0520 - TRIPLEX LEG
 70
     0
 62
     7
  6
Continuous
370
    -3
390
F
347
98
348
0
  0
LAYER
  5
29F
330
2
100
AcDbSymbolTableRecord
100
AcDbLayerTableRecord
  2
3D RU-0520 - TRIPLEX FOOT
 70
     0
 62
     7
  6
Continuous
370
    -3
390
F
347
98
348
0
  0
LAYER
  5
2A0
330
2
100
AcDbSymbolTableRecord
100
AcDbLayerTableRecord
  2
3D XS-0604 - THERM BREAK
 70
     0
 62
   250
  6
Continuous
370
    -3
390
F
347
98
348
0
  0
ENDTAB
  0
TABLE
  2
STYLE
  5
3
330
0
100
AcDbSymbolTable
 70
     2
  0
STYLE
  5
11
330
3
100
AcDbSymbolTableRecord
100
AcDbTextStyleTableRecord
  2
Standard
 70
     0
 40
0.0
 41
1.0
 50
0.0
 71
     0
 42
0.2
  3
arial.ttf
  4

1001
ACAD
1000
Arial
1071
       34
  0
STYLE
  5
DC
330
3
100
AcDbSymbolTableRecord
100
AcDbTextStyleTableRecord
  2
Annotative
 70
     0
 40
0.0
 41
1.0
 50
0.0
 71
     0
 42
0.2
  3
arial.ttf
  4

1001
AcadAnnotative
1000
AnnotativeData
1002
{
1070
     1
1070
     1
1002
}
1001
ACAD
1000
Arial
1071
       34
  0
ENDTAB
  0
TABLE
  2
VIEW
  5
6
330
0
100
AcDbSymbolTable
 70
     1
  0
ENDTAB
  0
TABLE
  2
UCS
  5
7
330
0
100
AcDbSymbolTable
 70
     0
  0
ENDTAB
  0
TABLE
  2
APPID
  5
9
330
0
100
AcDbSymbolTable
 70
     8
  0
APPID
  5
12
330
9
100
AcDbSymbolTableRecord
100
AcDbRegAppTableRecord
  2
ACAD
 70
     0
  0
APPID
  5
DD
330
9
100
AcDbSymbolTableRecord
100
AcDbRegAppTableRecord
  2
AcadAnnoPO
 70
     0
  0
APPID
  5
DE
330
9
100
AcDbSymbolTableRecord
100
AcDbRegAppTableRecord
  2
AcadAnnotative
 70
     0
  0
APPID
  5
DF
330
9
100
AcDbSymbolTableRecord
100
AcDbRegAppTableRecord
  2
ACAD_DSTYLE_DIMJAG
 70
     0
  0
APPID
  5
E0
330
9
100
AcDbSymbolTableRecord
100
AcDbRegAppTableRecord
  2
ACAD_DSTYLE_DIMTALN
 70
     0
  0
APPID
  5
107
330
9
100
AcDbSymbolTableRecord
100
AcDbRegAppTableRecord
  2
ACAD_MLEADERVER
 70
     0
  0
APPID
  5
1A6
330
9
100
AcDbSymbolTableRecord
100
AcDbRegAppTableRecord
  2
ACAD_NAV_VCDISPLAY
 70
     0
  0
APPID
  5
2A2
330
9
100
AcDbSymbolTableRecord
100
AcDbRegAppTableRecord
  2
ACAD_PSEXT
 70
     0
  0
ENDTAB
  0
TABLE
  2
DIMSTYLE
  5
A
330
0
100
AcDbSymbolTable
 70
     3
100
AcDbDimStyleTable
 71
     2
340
27
340
E1
  0
DIMSTYLE
105
27
330
A
100
AcDbSymbolTableRecord
100
AcDbDimStyleTableRecord
  2
Standard
 70
     0
340
11
  0
DIMSTYLE
105
E1
330
A
100
AcDbSymbolTableRecord
100
AcDbDimStyleTableRecord
  2
Annotative
 70
     0
 40
0.0
340
11
1001
AcadAnnotative
1000
AnnotativeData
1002
{
1070
     1
1070
     1
1002
}
1001
ACAD_DSTYLE_DIMJAG
1070
   388
1040
1.5
1001
ACAD_DSTYLE_DIMTALN
1070
   392
1070
     0
  0
DIMSTYLE
105
2A1
330
A
100
AcDbSymbolTableRecord
100
AcDbDimStyleTableRecord
  2
ISO-25
 70
     0
 41
2.5
 42
0.625
 43
3.75
 44
1.25
 73
     0
 74
     0
 77
     1
 78
     8
140
2.5
141
2.5
143
0.03937007874016
147
0.625
171
     3
172
     1
271
     2
272
     2
274
     3
278
    44
283
     0
284
     8
340
11
  0
ENDTAB
  0
TABLE
  2
BLOCK_RECORD
  5
1
330
0
100
AcDbSymbolTable
 70
     6
  0
BLOCK_RECORD
  5
1F
102
{ACAD_XDICTIONARY
360
15D
102
}
330
1
100
AcDbSymbolTableRecord
100
AcDbBlockTableRecord
  2
*Model_Space
340
22
 70
     0
280
     1
281
     0
  0
BLOCK_RECORD
  5
58
330
1
100
AcDbSymbolTableRecord
100
AcDbBlockTableRecord
  2
*Paper_Space
340
59
 70
     0
280
     1
281
     0
  0
BLOCK_RECORD
  5
5D
330
1
100
AcDbSymbolTableRecord
100
AcDbBlockTableRecord
  2
*Paper_Space0
340
5E
 70
     0
280
     1
281
     0
  0
BLOCK_RECORD
  5
244
330
1
100
AcDbSymbolTableRecord
100
AcDbBlockTableRecord
  2
AM3EX
340
0
102
{BLKREFS
331
295
102
}
 70
     4
280
     1
281
     0
  0
BLOCK_RECORD
  5
24F
330
1
100
AcDbSymbolTableRecord
100
AcDbBlockTableRecord
  2
TARPINĖ
340
0
102
{BLKREFS
331
296
102
}
 70
     4
280
     1
281
     0
  0
BLOCK_RECORD
  5
274
330
1
100
AcDbSymbolTableRecord
100
AcDbBlockTableRecord
  2
GHJJ
340
0
102
{BLKREFS
331
297
102
}
 70
     4
280
     1
281
     0
  0
BLOCK_RECORD
  5
293
330
1
100
AcDbSymbolTableRecord
100
AcDbBlockTableRecord
  2
DFCF
340
0
102
{BLKREFS
331
2BA
102
}
 70
     4
280
     1
281
     0
  0
ENDTAB
  0
ENDSEC
  0
SECTION
  2
BLOCKS
  0
BLOCK
  5
20
330
1F
100
AcDbEntity
  8
0
100
AcDbBlockBegin
  2
*Model_Space
 70
     0
 10
0.0
 20
0.0
 30
0.0
  3
*Model_Space
  1

  0
ENDBLK
  5
21
330
1F
100
AcDbEntity
  8
0
100
AcDbBlockEnd
  0
BLOCK
  5
5A
330
58
100
AcDbEntity
 67
     1
  8
0
100
AcDbBlockBegin
  2
*Paper_Space
 70
     0
 10
0.0
 20
0.0
 30
0.0
  3
*Paper_Space
  1

  0
ENDBLK
  5
5B
330
58
100
AcDbEntity
 67
     1
  8
0
100
AcDbBlockEnd
  0
BLOCK
  5
5F
330
5D
100
AcDbEntity
 67
     1
  8
0
100
AcDbBlockBegin
  2
*Paper_Space0
 70
     0
 10
0.0
 20
0.0
 30
0.0
  3
*Paper_Space0
  1

  0
ENDBLK
  5
60
330
5D
100
AcDbEntity
 67
     1
  8
0
100
AcDbBlockEnd
  0
BLOCK
  5
245
330
244
100
AcDbEntity
  8
0
 62
     3
100
AcDbBlockBegin
  2
AM3EX
 70
     0
 10
0.0
 20
0.0
 30
0.0
  3
AM3EX
  1

  0
LINE
  5
246
330
244
100
AcDbEntity
  8
DRILLS
 48
0.05
100
AcDbLine
 10
8813.390101945815
 20
99822.34080827243
 30
0.0
 11
8810.789759792426
 21
99822.34080827243
 31
0.0
  0
LINE
  5
247
330
244
100
AcDbEntity
  8
DRILLS
 48
0.05
100
AcDbLine
 10
8813.196454203231
 20
99829.74080827244
 30
0.0
 11
8811.496454203231
 21
99829.74080827244
 31
0.0
  0
LINE
  5
248
330
244
100
AcDbEntity
  8
DRILLS
 48
0.05
100
AcDbLine
 10
8776.104504725863
 20
99820.18487767524
 30
0.0
 11
8773.296454203231
 21
99818.87288380223
 31
0.0
  0
LINE
  5
249
330
244
100
AcDbEntity
  8
DRILLS
 48
0.05
100
AcDbLine
 10
8773.328431874656
 20
99823.64285411676
 30
0.0
 11
8771.157770585388
 21
99822.62866498841
 31
0.0
  0
CIRCLE
  5
24A
330
244
100
AcDbEntity
  8
1 - PRODUCT
100
AcDbCircle
 10
8773.88459535541
 20
99821.70233898628
 30
0.0
 40
0.6283449861830377
  0
LWPOLYLINE
  5
24B
330
244
100
AcDbEntity
  8
XS-0665 - PROLINE AM3EX
100
AcDbPolyline
 90
       16
 70
     1
 43
0.0
 10
8810.49645420323
 20
99833.14080827243
 10
8805.496454203231
 20
99833.14080827243
 42
-0.4142135623730951
 10
8804.99645420323
 20
99833.64080827243
 10
8804.99645420323
 20
99837.59175399297
 42
0.5049088228826025
 10
8804.348946578212
 20
99838.06950026513
 10
8794.253772391657
 20
99834.95254204861
 10
8789.785303961204
 20
99830.48407361813
 10
8772.329741677808
 20
99826.95561923238
 42
0.4001350272111896
 10
8771.934508085809
 20
99826.39024574067
 10
8772.533464962004
 20
99824.26837205288
 42
0.2129213354888069
 10
8772.79424638187
 20
99823.95540758421
 42
-0.2567434539880569
 10
8775.145694355677
 20
99820.60274177241
 42
0.4005325243177075
 10
8775.673745019831
 20
99820.15810295415
 10
8811.02747282936
 20
99822.35558379617
 42
0.39614628781857
 10
8811.496454203231
 20
99822.85462071349
 10
8811.496454203231
 20
99832.14080827243
 42
0.4142135623730951
  0
LWPOLYLINE
  5
24C
330
244
100
AcDbEntity
  8
XS-0665 - PROLINE AM3EX
100
AcDbPolyline
 90
      254
 70
     1
 43
0.0
 10
8863.646454203232
 20
99820.64080827244
 10
8866.746454203232
 20
99820.64080827244
 42
-0.4142135623731205
 10
8866.996454203231
 20
99820.39080827243
 10
8866.996454203231
 20
99819.04080827245
 10
8866.996454203231
 20
99818.04080827245
 42
0.4142135623730951
 10
8867.496454203232
 20
99817.54080827245
 10
8868.196454203232
 20
99817.54080827245
 42
0.4142135623730951
 10
8868.696454203231
 20
99818.04080827245
 10
8868.696454203231
 20
99819.64080827244
 42
-0.4142135623730951
 10
8869.696454203232
 20
99820.64080827244
 10
8870.396454203232
 20
99820.64080827244
 42
0.4142135623730951
 10
8871.396454203232
 20
99821.64080827244
 10
8871.396454203232
 20
99830.09728244992
 42
-0.3687364708102152
 10
8871.902211682241
 20
99830.68983485033
 10
8872.870797508577
 20
99830.84388362307
 42
-0.4612016576253576
 10
8873.796454203231
 20
99830.05381375587
 10
8873.796454203231
 20
99828.54080827245
 42
0.4142135623730869
 10
8874.046454203231
 20
99828.29080827245
 10
8875.246454203233
 20
99828.29080827245
 42
0.4142135623731038
 10
8875.496454203233
 20
99828.54080827245
 10
8875.496454203233
 20
99830.04080827244
 42
0.4142135623730951
 10
8872.996454203232
 20
99832.54080827245
 10
8870.196454203231
 20
99832.54080827245
 42
0.4142135623730951
 10
8869.696454203232
 20
99832.04080827245
 10
8869.696454203232
 20
99830.99884816398
 42
-0.365977381863055
 10
8869.279787536566
 20
99830.50584151541
 42
0.3659773818630457
 10
8867.196454203231
 20
99828.04080827245
 10
8867.196454203231
 20
99827.59080827243
 42
1.000000000000454
 10
8868.196454203232
 20
99827.59080827243
 10
8868.196454203232
 20
99827.84080827244
 42
-0.4142135623730951
 10
8868.696454203231
 20
99828.34080827243
 10
8869.196454203231
 20
99828.34080827243
 42
-0.4142135623730951
 10
8869.696454203232
 20
99827.84080827244
 10
8869.696454203232
 20
99822.84080827243
 42
-0.4142135623730951
 10
8869.196454203231
 20
99822.34080827243
 10
8868.696454203231
 20
99822.34080827243
 42
-0.4142135623730951
 10
8868.196454203232
 20
99822.84080827243
 10
8868.196454203232
 20
99823.10080827245
 42
0.4142135623730951
 10
8867.706454203231
 20
99823.59080827244
 10
8867.686454203234
 20
99823.59080827244
 42
0.4142135623724156
 10
8867.196454203231
 20
99823.10080827245
 10
8867.196454203231
 20
99822.59080827244
 42
-0.4142135623725716
 10
8866.946454203231
 20
99822.34080827243
 10
8863.446454203232
 20
99822.34080827243
 42
-0.4142135623728306
 10
8863.196454203231
 20
99822.59080827244
 10
8863.196454203231
 20
99823.10080827245
 42
0.4142135623730951
 10
8862.706454203232
 20
99823.59080827244
 10
8862.686454203231
 20
99823.59080827244
 42
0.4142135623730951
 10
8862.196454203232
 20
99823.10080827245
 10
8862.196454203232
 20
99822.84080827243
 42
-0.4142135623730951
 10
8861.696454203231
 20
99822.34080827243
 10
8861.196454203231
 20
99822.34080827243
 42
-0.4142135623730951
 10
8860.696454203232
 20
99822.84080827243
 10
8860.696454203232
 20
99828.44080827245
 42
-0.4142135623730951
 10
8861.196454203231
 20
99828.94080827245
 10
8861.696454203231
 20
99828.94080827245
 42
-0.4142135623730951
 10
8862.196454203232
 20
99828.44080827245
 10
8862.196454203232
 20
99828.19017610596
 42
1.000000000000049
 10
8863.196454203231
 20
99828.19017610596
 10
8863.196454203231
 20
99828.59963353943
 42
0.1385034432212533
 10
8862.82709695982
 20
99829.90744141668
 42
0.3000328911284568
 10
8860.832285948466
 20
99830.84001490565
 10
8851.988021098927
 20
99829.54254363015
 10
8849.729777007516
 20
99829.17246644005
 42
0.4126460421442515
 10
8848.903809750527
 20
99828.02919546823
 10
8848.94565205662
 20
99827.76501354477
 42
0.370017025626741
 10
8849.193539860362
 20
99827.55412402624
 42
-0.3700170256267043
 10
8849.441427664102
 20
99827.34323450774
 10
8849.832519187689
 20
99824.87397980833
 42
-0.4126808072565268
 10
8849.625998057815
 20
99824.58815726298
 10
8847.356198796232
 20
99824.21646337934
 42
-0.4157479805251044
 10
8847.068875755809
 20
99824.42406869218
 10
8846.677784232223
 20
99826.89332339161
 42
-0.3715230047412827
 10
8846.849632905934
 20
99827.17089370897
 42
0.3715230047412952
 10
8847.021481579643
 20
99827.44846402633
 10
8846.973644772722
 20
99827.75049373849
 42
0.4948313192638904
 10
8845.574273668017
 20
99828.50538649334
 10
8834.960070494817
 20
99823.71052861381
 10
8814.196454203232
 20
99821.93224384539
 42
-0.4142135623730951
 10
8813.196454203231
 20
99822.93224384539
 10
8813.196454203231
 20
99825.63666308401
 42
0.2679491924306578
 10
8813.096454203233
 20
99825.80986816477
 10
8812.996454203233
 20
99825.86760319168
 42
-0.5773502691897683
 10
8812.996454203233
 20
99826.2140133532
 10
8813.096454203231
 20
99826.27174838013
 42
0.2679491924314032
 10
8813.196454203231
 20
99826.44495346088
 10
8813.196454203231
 20
99834.54080827245
 42
0.4142135623731038
 10
8812.696454203232
 20
99835.04080827245
 10
8811.912139628182
 20
99835.04080827245
 42
-0.1989123673796107
 10
8811.770718271944
 20
99835.0993869162
 10
8811.587875559467
 20
99835.28222962867
 42
0.4142135623730951
 10
8811.305032846995
 20
99835.28222962867
 10
8811.12219013452
 20
99835.0993869162
 42
-0.1989123673796557
 10
8810.980768778282
 20
99835.04080827245
 10
8809.012139628181
 20
99835.04080827245
 42
-0.1989123673796079
 10
8808.870718271943
 20
99835.0993869162
 10
8808.687875559469
 20
99835.28222962867
 42
0.4142135623730951
 10
8808.405032846993
 20
99835.28222962867
 10
8808.222190134518
 20
99835.0993869162
 42
-0.1989123673796275
 10
8808.080768778282
 20
99835.04080827245
 10
8807.046454203231
 20
99835.04080827245
 42
-0.4142135623730951
 10
8806.796454203231
 20
99835.29080827244
 10
8806.796454203231
 20
99837.49080827244
 42
-0.4142135623730951
 10
8807.046454203231
 20
99837.74080827243
 10
8809.580768778282
 20
99837.74080827243
 10
8809.580768778282
 20
99837.74080827243
 42
-0.1989123673796254
 10
8809.722190134518
 20
99837.68222962869
 10
8809.905032846993
 20
99837.49938691619
 42
0.4142135623730951
 10
8810.187875559469
 20
99837.49938691619
 10
8810.370718271943
 20
99837.68222962869
 42
-0.198912367379646
 10
8810.512139628182
 20
99837.74080827243
 10
8812.796454203231
 20
99837.74080827243
 42
0.4142135623730951
 10
8813.29645420323
 20
99838.24080827245
 10
8813.29645420323
 20
99842.03828431978
 42
0.504908822882725
 10
8812.648946578212
 20
99842.51603059192
 10
8808.800629923648
 20
99841.3278349259
 42
-0.2317304226023108
 10
8808.626828330394
 20
99841.3551613539
 10
8808.268994917041
 20
99841.6059901543
 42
0.4894951404738825
 10
8807.967111303694
 20
99841.5129229286
 10
8807.81240102946
 20
99841.10355949194
 42
-0.2315049045451643
 10
8807.684319009364
 20
99840.98316583827
 10
8804.027718609749
 20
99839.85416395583
 42
-0.2294779075111396
 10
8803.855322288816
 20
99839.88051427468
 10
8803.490108654003
 20
99840.1318843725
 42
0.4880056036769143
 10
8803.189366779966
 20
99840.03713976035
 10
8803.037158340679
 20
99839.62978860256
 42
-0.2324917569171712
 10
8802.908812787574
 20
99839.50869367156
 10
8799.244880865238
 20
99838.37742812832
 42
-0.2317304226023094
 10
8799.071079271985
 20
99838.40475455632
 10
8798.709729828246
 20
99838.65804797193
 42
0.4894951404738846
 10
8798.407846214898
 20
99838.56498074626
 10
8798.251616965107
 20
99838.15159809978
 42
-0.2315049045451643
 10
8798.123534945013
 20
99838.03120444608
 10
8794.47201427734
 20
99836.90377096772
 42
-0.2294779075111508
 10
8794.29961795641
 20
99836.93012128659
 10
8793.93084356521
 20
99837.18394219017
 42
0.4880056036769143
 10
8793.630101691171
 20
99837.089197578
 10
8793.476393698242
 20
99836.67783320706
 42
-0.232491756917171
 10
8793.348048145134
 20
99836.55673827604
 10
8793.343819840826
 20
99836.55543275643
 42
0.1220828205886416
 10
8793.261401534598
 20
99836.5057556038
 10
8790.593988680994
 20
99833.8383427502
 42
-0.2345213408155217
 10
8790.425444150463
 20
99833.78161180791
 10
8790.000175505948
 20
99833.83982276812
 42
0.495352122698208
 10
8789.774814867371
 20
99833.61517692785
 10
8789.831980820542
 20
99833.18743367968
 42
-0.2336836067916735
 10
8789.775164712494
 20
99833.0195187817
 10
8788.960444611259
 20
99832.20479868046
 42
-0.1475434770108492
 10
8788.807752152713
 20
99832.12287810587
 10
8788.230142357056
 20
99832.0061204911
 42
-0.2329277060312605
 10
8788.0592510169
 20
99832.05125986714
 10
8787.732075834354
 20
99832.33587127093
 42
0.4928183097237024
 10
8787.421175412667
 20
99832.27290224588
 10
8787.230777577482
 20
99831.88391670676
 42
-0.2331294338995718
 10
8787.090768495955
 20
99831.77580830568
 10
8783.323829337849
 20
99831.01436202412
 42
-0.2329277060312244
 10
8783.152937997691
 20
99831.05950140016
 10
8782.814333728218
 20
99831.35405502647
 42
0.4928183097237464
 10
8782.503433306532
 20
99831.29108600142
 10
8782.306379675587
 20
99830.88850257503
 42
-0.2331294338995604
 10
8782.16637059406
 20
99830.78039417396
 10
8778.429763301735
 20
99830.02507915321
 42
-0.2329277060312255
 10
8778.258871961577
 20
99830.07021852923
 10
8777.949828831983
 20
99830.33905676526
 42
0.4928183097236964
 10
8777.638928410297
 20
99830.27608774021
 10
8777.459089882423
 20
99829.90867501909
 42
-0.2331294338995588
 10
8777.319080800895
 20
99829.80056661801
 10
8773.523450282528
 20
99829.03332068621
 42
-0.2329277060312255
 10
8773.352558942368
 20
99829.07846006224
 10
8773.032086725846
 20
99829.35724052079
 42
0.4928183097236964
 10
8772.721186304162
 20
99829.29427149576
 10
8772.53469198053
 20
99828.91326088736
 42
-0.233129433899606
 10
8772.394682899001
 20
99828.80515248629
 10
8768.645140705155
 20
99828.04722281414
 42
-0.2329277060312255
 10
8768.474249364997
 20
99828.09236219017
 10
8768.143586516732
 20
99828.38000753263
 42
0.4928183097236666
 10
8767.832686095045
 20
99828.31703850758
 10
8767.643252096306
 20
99827.9300221003
 42
-0.2339205969102267
 10
8767.502654536793
 20
99827.82179566353
 10
8763.722087680694
 20
99827.06939660959
 42
-0.2321368901331274
 10
8763.551784818522
 20
99827.11465402131
 10
8763.225844410596
 20
99827.39819128818
 42
0.49281830972378
 10
8762.914943988912
 20
99827.33522226313
 10
8762.727190789121
 20
99826.9516397525
 42
-0.233920596910207
 10
8762.586593229608
 20
99826.84341331573
 10
8759.766183039781
 20
99826.28210226389
 42
0.1271259010587075
 10
8759.630960817913
 20
99826.21689152614
 10
8757.237266326377
 20
99824.19152214411
 42
-0.2400356698363989
 10
8757.060398724211
 20
99824.15047967361
 10
8756.658229712625
 20
99824.2502370679
 42
0.4947123206753754
 10
8756.410135368451
 20
99824.05138085844
 10
8756.420765679647
 20
99823.60286636385
 42
-0.227644217918662
 10
8756.349538937636
 20
99823.4450526249
 10
8753.599367248689
 20
99821.13249658075
 42
0.9939381288837884
 10
8754.685370417226
 20
99819.82492573241
 10
8760.564152222768
 20
99824.64744983035
 42
-0.1232592197407633
 10
8760.783672857263
 20
99824.75126071447
 10
8769.601275555064
 20
99826.50611816852
 42
-0.4032181993578677
 10
8770.185227827317
 20
99826.1317370135
 10
8770.939226444291
 20
99822.97046304699
 42
0.3216775357253558
 10
8771.346592949447
 20
99822.55336420521
 42
-0.4355863406760136
 10
8773.296454203231
 20
99819.54080827245
 10
8773.296454203231
 20
99818.04080827245
 42
0.4142135623730951
 10
8773.796454203232
 20
99817.54080827245
 10
8774.596454203232
 20
99817.54080827245
 42
0.4142135623730951
 10
8775.096454203231
 20
99818.04080827245
 10
8775.096454203231
 20
99818.43816555954
 42
-0.4142135623733171
 10
8775.396454203232
 20
99818.73816555953
 10
8779.777843027554
 20
99819.01049944339
 42
-0.4325146422337892
 10
8780.09645420323
 20
99818.71107729302
 10
8780.09645420323
 20
99818.04080827245
 42
0.4142135623730935
 10
8780.596454203232
 20
99817.54080827245
 10
8781.396454203232
 20
99817.54080827245
 42
0.4142135623730951
 10
8781.896454203232
 20
99818.04080827245
 10
8781.896454203232
 20
99818.86025403751
 42
-0.3961462878182508
 10
8782.177843027554
 20
99819.15967618791
 10
8804.377626503184
 20
99820.5395476161
 42
-0.4325146422337915
 10
8804.696237678861
 20
99820.24012546572
 10
8804.696237678861
 20
99818.04080827245
 42
0.4142135623730951
 10
8805.196237678861
 20
99817.54080827245
 10
8805.99623767886
 20
99817.54080827245
 42
0.4142135623730951
 10
8806.496237678862
 20
99818.04080827245
 10
8806.496237678862
 20
99820.20134762908
 42
-0.3961462878182523
 10
8806.965219052731
 20
99820.70038454638
 10
8810.965219052731
 20
99820.94901245391
 42
-0.4325146422337915
 10
8811.496237678861
 20
99820.44997553659
 10
8811.496237678861
 20
99818.04080827245
 42
0.4142135623730951
 10
8811.99623767886
 20
99817.54080827245
 10
8812.696237678862
 20
99817.54080827245
 42
0.4142135623730951
 10
8813.196237678862
 20
99818.04080827245
 10
8813.196237678862
 20
99819.86495277222
 42
-0.3894057058591816
 10
8813.470638111862
 20
99820.16385854695
 10
8835.394896601226
 20
99822.04154566961
 10
8839.529553306823
 20
99823.90933460868
 42
-0.4792627964456499
 10
8840.224678097053
 20
99823.55663578147
 42
0.1695991943418092
 10
8841.4010093172
 20
99821.60932811627
 42
1.000000000000001
 10
8842.612451683256
 20
99823.07302459906
 42
-2.035240784286596
 10
8845.006129528041
 20
99823.61336323336
 42
0.6023213754912926
 10
8846.021024847672
 20
99822.27517735335
 10
8850.833341484564
 20
99823.06322442441
 42
0.4126808072565263
 10
8851.659426004056
 20
99824.20651460587
 10
8851.265121560969
 20
99826.69605488066
 42
-0.4175613947175869
 10
8852.107661498521
 20
99827.84189924108
 10
8857.851305800192
 20
99828.68450330428
 42
-0.4575500979381478
 10
8858.996454203232
 20
99827.6950934089
 10
8858.996454203232
 20
99821.64080827244
 42
0.4142135623730284
 10
8859.996454203232
 20
99820.64080827244
 10
8860.696454203232
 20
99820.64080827244
 42
-0.4142135623730951
 10
8861.696454203231
 20
99819.64080827244
 10
8861.696454203231
 20
99818.04080827245
 42
0.4142135623730951
 10
8862.196454203232
 20
99817.54080827245
 10
8862.896454203232
 20
99817.54080827245
 42
0.4142135623730951
 10
8863.396454203231
 20
99818.04080827245
 10
8863.396454203231
 20
99820.39080827243
 42
-0.4142135623731295
  0
HATCH
  5
24D
330
244
100
AcDbEntity
  8
XS-0665 - PROLINE AM3EX
 48
0.01
100
AcDbHatch
 10
0.0
 20
0.0
 30
0.0
210
0.0
220
0.0
230
1.0
  2
SOLID
 70
     1
 71
     0
 91
        2
 92
        7
 72
     1
 73
     1
 93
       32
 10
8863.196454203231
 20
99823.10080827245
 42
0.0
 10
8863.196454203231
 20
99822.59080827244
 42
0.0
 10
8863.200552563887
 20
99822.54572630523
 42
0.3620499351822058
 10
8863.446454203232
 20
99822.34080827243
 42
0.0
 10
8866.946454203231
 20
99822.34080827243
 42
0.3620499351820241
 10
8867.192355842574
 20
99822.54572630523
 42
0.0
 10
8867.196454203231
 20
99822.59080827244
 42
0.0
 10
8867.196454203231
 20
99823.10080827245
 42
-0.4142135623724156
 10
8867.686454203234
 20
99823.59080827244
 42
0.0
 10
8867.706454203231
 20
99823.59080827244
 42
-0.4142135623730951
 10
8868.196454203232
 20
99823.10080827245
 42
0.0
 10
8868.196454203232
 20
99822.84080827243
 42
0.5773502691896196
 10
8868.94645420323
 20
99822.40779557054
 42
0.5773502691896196
 10
8869.696454203232
 20
99822.84080827243
 42
0.0
 10
8869.696454203232
 20
99827.84080827244
 42
0.5773502691896196
 10
8868.94645420323
 20
99828.27382097434
 42
0.5773502691896196
 10
8868.196454203232
 20
99827.84080827244
 42
0.0
 10
8868.196454203232
 20
99827.59080827243
 42
-1.0
 10
8867.196454203231
 20
99827.59080827243
 42
0.0
 10
8867.196454203231
 20
99828.04080827245
 42
-0.1611546520998889
 10
8863.196454203231
 20
99828.59963353943
 42
0.0
 10
8863.196454203231
 20
99828.19017610596
 42
-1.0
 10
8862.196454203232
 20
99828.19017610596
 42
0.0
 10
8862.196454203232
 20
99828.44080827245
 42
0.5773502691896005
 10
8861.44645420323
 20
99828.87382097434
 42
0.5773502691897318
 10
8860.696454203232
 20
99828.44080827245
 42
0.0
 10
8860.696454203232
 20
99822.84080827243
 42
0.5773502691896196
 10
8861.44645420323
 20
99822.40779557054
 42
0.5773502691896196
 10
8862.196454203232
 20
99822.84080827243
 42
0.0
 10
8862.196454203232
 20
99823.10080827245
 42
-0.4142135623730951
 10
8862.686454203231
 20
99823.59080827244
 42
0.0
 10
8862.706454203232
 20
99823.59080827244
 42
-0.4142135623730951
 97
        0
 92
        7
 72
     1
 73
     1
 93
        6
 10
8863.21918147596
 20
99822.34080827243
 42
0.0
 10
8863.396454203231
 20
99820.39080827243
 42
-0.4142135623731961
 10
8863.646454203232
 20
99820.64080827244
 42
0.0
 10
8866.996454203231
 20
99820.64080827244
 42
0.0
 10
8866.996454203231
 20
99820.39080827243
 42
0.0
 10
8867.173726930502
 20
99822.34080827243
 42
0.0
 97
        0
 75
     0
 76
     1
 47
0.0270097702669339
 98
        2
 10
8864.592462175568
 20
99825.2741528749
 10
8865.863897470511
 20
99821.64584088859
450
        0
451
        0
460
0.0
461
0.0
452
        0
462
0.0
453
        0
470

  0
ENDBLK
  5
24E
330
244
100
AcDbEntity
  8
0
 62
     3
100
AcDbBlockEnd
  0
BLOCK
  5
250
330
24F
100
AcDbEntity
  8
0
 62
     3
100
AcDbBlockBegin
  2
TARPINĖ
 70
     0
 10
0.0
 20
0.0
 30
0.0
  3
TARPINĖ
  1

  0
HATCH
  5
251
330
24F
100
AcDbEntity
  8
1 - PRODUCT
100
AcDbHatch
 10
0.0
 20
0.0
 30
0.0
210
0.0
220
0.0
230
1.0
  2
SOLID
 70
     1
 71
     0
 91
        1
 92
        7
 72
     1
 73
     1
 93
       36
 10
8990.596779728546
 20
99829.82051977851
 42
0.015139350913978
 10
8990.158429632318
 20
99829.96852731513
 42
-0.1029484301716532
 10
8989.323422569986
 20
99830.393990462
 42
-0.1860868769941248
 10
8988.646504602227
 20
99831.31927108912
 42
0.0
 10
8988.369953116317
 20
99832.898563099
 42
0.3032657805219303
 10
8983.469513534698
 20
99837.99515622299
 42
0.0
 10
8982.282281776084
 20
99837.99515622299
 42
0.0
 10
8981.922607684529
 20
99837.99515622299
 42
0.018952249210013
 10
8981.555206209076
 20
99837.96758688574
 42
0.0
 10
8979.102915973568
 20
99837.55517531772
 42
0.979096621169829
 10
8979.308778227888
 20
99836.57682231315
 42
0.0
 10
8981.72945513942
 20
99837.0999759293
 42
-0.1032360291464606
 10
8982.21975017593
 20
99837.10345806553
 42
-0.3591714586035015
 10
8987.240435118163
 20
99832.82646870078
 42
0.0
 10
8987.459645220644
 20
99831.13995769867
 42
-0.1865659015467832
 10
8987.09171350705
 20
99830.0512390811
 42
-0.1029484301716495
 10
8986.422866081886
 20
99829.39481025377
 42
0.0151393509139801
 10
8986.049133764401
 20
99829.12208109761
 42
0.9429392628599584
 10
8986.245598443797
 20
99828.64469056867
 42
0.0
 10
8987.046250938975
 20
99828.76765675317
 42
0.0
 10
8988.215074902464
 20
99827.20385272356
 42
0.0
 10
8988.315393938856
 20
99826.76192403291
 42
-0.6567460491950339
 10
8988.241340713361
 20
99826.70772514874
 42
0.0
 10
8987.714472233166
 20
99827.01670653757
 42
0.7957710548924192
 10
8987.446824366992
 20
99826.73333944584
 42
0.1333273384518769
 10
8988.632598378146
 20
99825.92122896802
 42
0.24905491052209
 10
8989.096153725064
 20
99825.99259984977
 42
0.133327338451875
 10
8989.982731046206
 20
99827.12377803528
 42
0.7957710548925273
 10
8989.642242305807
 20
99827.31351392173
 42
0.0
 10
8989.232715115488
 20
99826.86036121629
 42
-0.6567460491948621
 10
8989.145788542282
 20
99826.88977499064
 42
0.0
 10
8989.108530417091
 20
99827.34141279774
 42
0.0
 10
8989.45991887558
 20
99828.34722600912
 42
-0.0871166929057917
 10
8989.573981072316
 20
99828.67371728005
 42
0.0
 10
8989.751975735019
 20
99829.18320863921
 42
0.0
 10
8990.552628230197
 20
99829.3061748237
 42
0.9429392628600224
 97
        0
 75
     0
 76
     1
 47
0.1128574891433872
 98
        1
 10
8988.618967161505
 20
99829.32875632595
450
        0
451
        0
460
0.0
461
0.0
452
        0
462
0.0
453
        0
470

  0
ARC
  5
252
330
24F
100
AcDbEntity
  8
3D XS-0604 - THERM BREAK
100
AcDbCircle
 10
8982.102444730307
 20
99833.1367023904
 30
0.0
 40
4.861781052909241
100
AcDbArc
 50
87.88014828526044
 51
96.46286734660577
  0
LINE
  5
253
330
24F
100
AcDbEntity
  8
3D XS-0604 - THERM BREAK
100
AcDbLine
 10
8981.555206209076
 20
99837.96758688574
 30
0.0
 11
8979.102915973568
 21
99837.55517531772
 31
0.0
  0
ARC
  5
254
330
24F
100
AcDbEntity
  8
3D XS-0604 - THERM BREAK
100
AcDbCircle
 10
8979.216181697319
 20
99837.06817339184
 30
0.0
 40
0.5000000000000059
100
AcDbArc
 50
103.0929491377923
 51
280.6723884878587
  0
LINE
  5
255
330
24F
100
AcDbEntity
  8
3D XS-0604 - THERM BREAK
100
AcDbLine
 10
8979.308778227888
 20
99836.57682231315
 30
0.0
 11
8981.72945513942
 21
99837.0999759293
 31
0.0
  0
ARC
  5
256
330
24F
100
AcDbEntity
  8
3D XS-0604 - THERM BREAK
100
AcDbCircle
 10
8981.982945250807
 20
99835.9270553167
 30
0.0
 40
1.200000000000034
100
AcDbArc
 50
78.61869735302374
 51
102.1951324467146
  0
ARC
  5
257
330
24F
100
AcDbEntity
  8
3D XS-0604 - THERM BREAK
100
AcDbCircle
 10
8982.137152732867
 20
99831.92115539745
 30
0.0
 40
5.182960860476367
100
AcDbArc
 50
10.05951680981886
 51
89.08687614045943
  0
LINE
  5
258
330
24F
100
AcDbEntity
  8
3D XS-0604 - THERM BREAK
100
AcDbLine
 10
8987.240435118163
 20
99832.82646870078
 30
0.0
 11
8987.459645220644
 21
99831.13995769867
 31
0.0
  0
ARC
  5
259
330
24F
100
AcDbEntity
  8
3D XS-0604 - THERM BREAK
100
AcDbCircle
 10
8985.867565985538
 20
99831.07146934484
 30
0.0
 40
1.59355167643424
100
AcDbArc
 50
320.1914643463699
 51
2.463241541995568
  0
ARC
  5
25A
330
24F
100
AcDbEntity
  8
3D XS-0604 - THERM BREAK
100
AcDbCircle
 10
8985.180112404362
 20
99831.33003976561
 30
0.0
 40
2.299902164547571
100
AcDbArc
 50
302.7075137209751
 51
326.2187291402466
  0
ARC
  5
25B
330
24F
100
AcDbEntity
  8
3D XS-0604 - THERM BREAK
100
AcDbCircle
 10
8990.738614470494
 20
99823.08832219775
 30
0.0
 40
7.641824111717252
100
AcDbArc
 50
124.385189063351
 51
127.8546076635608
  0
ARC
  5
25C
330
24F
100
AcDbEntity
  8
3D XS-0604 - THERM BREAK
100
AcDbCircle
 10
8986.161398333953
 20
99828.88916063883
 30
0.0
 40
0.2585638677296714
100
AcDbArc
 50
115.7334495910615
 51
289.0046752365563
  0
LINE
  5
25D
330
24F
100
AcDbEntity
  8
3D XS-0604 - THERM BREAK
100
AcDbLine
 10
8986.245598443797
 20
99828.64469056867
 30
0.0
 11
8987.046250938975
 21
99828.76765675317
 31
0.0
  0
LINE
  5
25E
330
24F
100
AcDbEntity
  8
3D XS-0604 - THERM BREAK
100
AcDbLine
 10
8987.046250938975
 20
99828.76765675317
 30
0.0
 11
8988.215074902464
 21
99827.20385272356
 31
0.0
  0
LINE
  5
25F
330
24F
100
AcDbEntity
  8
3D XS-0604 - THERM BREAK
100
AcDbLine
 10
8988.215074902464
 20
99827.20385272356
 30
0.0
 11
8988.315393938856
 21
99826.76192403291
 31
0.0
  0
ARC
  5
260
330
24F
100
AcDbEntity
  8
3D XS-0604 - THERM BREAK
100
AcDbCircle
 10
8988.266634453008
 20
99826.75085549461
 30
0.0
 40
0.0500000000000069
100
AcDbArc
 50
239.6105596978064
 51
12.78955742589871
  0
LINE
  5
261
330
24F
100
AcDbEntity
  8
3D XS-0604 - THERM BREAK
100
AcDbLine
 10
8988.241340713361
 20
99826.70772514874
 30
0.0
 11
8987.714472233166
 21
99827.01670653757
 31
0.0
  0
ARC
  5
262
330
24F
100
AcDbEntity
  8
3D XS-0604 - THERM BREAK
100
AcDbCircle
 10
8987.613297274572
 20
99826.84418515411
 30
0.0
 40
0.2000000000000216
100
AcDbArc
 50
59.6105596978064
 51
228.210769115245
  0
ARC
  5
263
330
24F
100
AcDbEntity
  8
3D XS-0604 - THERM BREAK
100
AcDbCircle
 10
8989.535417852819
 20
99828.51118642344
 30
0.0
 40
2.742801966016641
100
AcDbArc
 50
221.4633595644362
 51
250.7822281494895
  0
ARC
  5
264
330
24F
100
AcDbEntity
  8
3D XS-0604 - THERM BREAK
100
AcDbCircle
 10
8988.797178155662
 20
99826.39336612692
 30
0.0
 40
0.5000000000000081
100
AcDbArc
 50
250.7822281494895
 51
306.7232992706059
  0
ARC
  5
265
330
24F
100
AcDbEntity
  8
3D XS-0604 - THERM BREAK
100
AcDbCircle
 10
8987.456092165974
 20
99828.19104491554
 30
0.0
 40
2.742801966016631
100
AcDbArc
 50
306.7232992706059
 51
336.0421678553333
  0
ARC
  5
266
330
24F
100
AcDbEntity
  8
3D XS-0604 - THERM BREAK
100
AcDbCircle
 10
8989.790625696739
 20
99827.17941556494
 30
0.0
 40
0.1999999999999925
100
AcDbArc
 50
329.2947583041666
 51
137.8949677218259
  0
LINE
  5
267
330
24F
100
AcDbEntity
  8
3D XS-0604 - THERM BREAK
100
AcDbLine
 10
8989.642242305807
 20
99827.31351392173
 30
0.0
 11
8989.232715115488
 21
99826.86036121629
 31
0.0
  0
ARC
  5
268
330
24F
100
AcDbEntity
  8
3D XS-0604 - THERM BREAK
100
AcDbCircle
 10
8989.195619267755
 20
99826.89388580549
 30
0.0
 40
0.0499999999999982
100
AcDbArc
 50
184.7159699938421
 51
317.8949677218259
  0
LINE
  5
269
330
24F
100
AcDbEntity
  8
3D XS-0604 - THERM BREAK
100
AcDbLine
 10
8989.145788542282
 20
99826.88977499064
 30
0.0
 11
8989.108530417091
 21
99827.34141279774
 31
0.0
  0
LINE
  5
26A
330
24F
100
AcDbEntity
  8
3D XS-0604 - THERM BREAK
100
AcDbLine
 10
8989.108530417091
 20
99827.34141279774
 30
0.0
 11
8989.751975735019
 21
99829.18320863921
 31
0.0
  0
LINE
  5
26B
330
24F
100
AcDbEntity
  8
3D XS-0604 - THERM BREAK
100
AcDbLine
 10
8989.751975735019
 20
99829.18320863921
 30
0.0
 11
8990.552628230197
 21
99829.3061748237
 31
0.0
  0
ARC
  5
26C
330
24F
100
AcDbEntity
  8
3D XS-0604 - THERM BREAK
100
AcDbCircle
 10
8990.559585525623
 20
99829.56464507292
 30
0.0
 40
0.2585638677296667
100
AcDbArc
 50
268.4581303444702
 51
81.7293559899328
  0
ARC
  5
26D
330
24F
100
AcDbEntity
  8
3D XS-0604 - THERM BREAK
100
AcDbCircle
 10
8987.934078301361
 20
99822.65759461739
 30
0.0
 40
7.641824111717121
100
AcDbArc
 50
69.60819791725985
 51
73.0776165176034
  0
ARC
  5
26E
330
24F
100
AcDbEntity
  8
3D XS-0604 - THERM BREAK
100
AcDbCircle
 10
8990.763170749252
 20
99832.1874996331
 30
0.0
 40
2.299902164547563
100
AcDbArc
 50
231.2440764405117
 51
254.7552918599002
  0
ARC
  5
26F
330
24F
100
AcDbEntity
  8
3D XS-0604 - THERM BREAK
100
AcDbCircle
 10
8990.184994080637
 20
99831.73455059775
 30
0.0
 40
1.59355167643427
100
AcDbArc
 50
195.105664821378
 51
237.271341234835
  0
LINE
  5
270
330
24F
100
AcDbEntity
  8
3D XS-0604 - THERM BREAK
100
AcDbLine
 10
8988.646504602227
 20
99831.31927108912
 30
0.0
 11
8988.369953116317
 21
99832.898563099
 31
0.0
  0
ARC
  5
271
330
24F
100
AcDbEntity
  8
3D XS-0604 - THERM BREAK
100
AcDbCircle
 10
8982.104714396127
 20
99831.77867008585
 30
0.0
 40
6.36454056329773
100
AcDbArc
 50
10.13442343377682
 51
77.61744384410963
  0
LINE
  5
272
330
24F
100
AcDbEntity
  8
3D XS-0604 - THERM BREAK
100
AcDbLine
 10
8983.469513534698
 20
99837.99515622299
 30
0.0
 11
8982.282281776084
 21
99837.99515622299
 31
0.0
  0
ENDBLK
  5
273
330
24F
100
AcDbEntity
  8
0
 62
     3
100
AcDbBlockEnd
  0
BLOCK
  5
275
330
274
100
AcDbEntity
  8
0
 62
     3
100
AcDbBlockBegin
  2
GHJJ
 70
     0
 10
0.0
 20
0.0
 30
0.0
  3
GHJJ
  1

  0
REGION
  5
276
330
274
100
AcDbEntity
  8
3D RU-0520 - TRIPLEX FOOT
100
AcDbModelerGeometry
290
     1
  2
{38dd66a4-e4cd-ef42-a610-424f90b9d04c}
  0
REGION
  5
277
330
274
100
AcDbEntity
  8
3D RU-0520 - TRIPLEX LEG
100
AcDbModelerGeometry
290
     1
  2
{60e3d38b-77f2-1e4c-a4e3-9c3161646d9a}
  0
LWPOLYLINE
  5
278
330
274
100
AcDbEntity
  8
3D RU-0520 - TRIPLEX FOAM
100
AcDbPolyline
 90
        2
 70
     0
 43
0.0
 10
-8956.771749437328
 20
99836.46532871491
 42
0.1546135989137437
 10
-8957.347560453269
 20
99836.2829115388
210
0.0
220
0.0
230
-1.0
  0
LWPOLYLINE
  5
279
330
274
100
AcDbEntity
  8
3D RU-0520 - TRIPLEX FOAM
100
AcDbPolyline
 90
        2
 70
     0
 43
0.0
 10
-8957.699380037849
 20
99836.39905502691
 42
0.5032281650266101
 10
-8957.347560453269
 20
99836.2829115388
210
0.0
220
0.0
230
-1.0
  0
LWPOLYLINE
  5
27A
330
274
100
AcDbEntity
  8
3D RU-0520 - TRIPLEX FOAM
100
AcDbPolyline
 90
        2
 70
     0
 43
0.0
 10
8956.771749437328
 20
99836.46532871491
 10
8956.43932216185
 20
99836.46532871491
  0
LWPOLYLINE
  5
27B
330
274
100
AcDbEntity
  8
3D RU-0520 - TRIPLEX FOAM
100
AcDbPolyline
 90
        2
 70
     0
 43
0.0
 10
8956.295854247413
 20
99837.01544562171
 10
8957.699380037849
 20
99836.39905502691
  0
LWPOLYLINE
  5
27C
330
274
100
AcDbEntity
  8
3D RU-0520 - TRIPLEX FOAM
100
AcDbPolyline
 90
        2
 70
     0
 43
0.0
 10
-8956.43932216185
 20
99836.46532871491
 42
0.4142327141141749
 10
-8955.939322162917
 20
99836.96536140875
210
0.0
220
0.0
230
-1.0
  0
LWPOLYLINE
  5
27D
330
274
100
AcDbEntity
  8
3D RU-0520 - TRIPLEX FOAM
100
AcDbPolyline
 90
        2
 70
     0
 43
0.0
 10
-8956.295854247413
 20
99837.01544562171
 42
0.2900087855185784
 10
-8955.997101181063
 20
99837.45928418793
210
0.0
220
0.0
230
-1.0
  0
LWPOLYLINE
  5
27E
330
274
100
AcDbEntity
  8
3D RU-0520 - TRIPLEX FOAM
100
AcDbPolyline
 90
        2
 70
     0
 43
0.0
 10
8955.751731972394
 20
99846.245156223
 10
8955.997101181063
 20
99837.45928418793
  0
LWPOLYLINE
  5
27F
330
274
100
AcDbEntity
  8
3D RU-0520 - TRIPLEX FOAM
100
AcDbPolyline
 90
        2
 70
     0
 43
0.0
 10
-8954.451731972396
 20
99846.245156223
 42
0.9999999999999998
 10
-8955.751731972394
 20
99846.245156223
210
0.0
220
0.0
230
-1.0
  0
LINE
  5
280
330
274
100
AcDbEntity
  8
3D RU-0520 - TRIPLEX FOAM
100
AcDbLine
 10
8955.939322162917
 20
99836.96536140875
 30
0.0
 11
8955.939337665745
 21
99837.20245229836
 31
0.0
  0
LINE
  5
281
330
274
100
AcDbEntity
  8
3D RU-0520 - TRIPLEX FOAM
100
AcDbLine
 10
8955.939337665745
 20
99837.20245229836
 30
0.0
 11
8955.827255204622
 21
99840.859773248
 31
0.0
  0
LINE
  5
282
330
274
100
AcDbEntity
  8
3D RU-0520 - TRIPLEX FOAM
100
AcDbLine
 10
8955.827255204622
 20
99840.859773248
 30
0.0
 11
8954.577434097465
 21
99843.10804446115
 31
0.0
  0
LWPOLYLINE
  5
283
330
274
100
AcDbEntity
  8
3D RU-0520 - TRIPLEX FOAM
100
AcDbPolyline
 90
        2
 70
     0
 43
0.0
 10
8954.451731972396
 20
99843.59343422815
 10
8954.451731972396
 20
99846.245156223
  0
LWPOLYLINE
  5
284
330
274
100
AcDbEntity
  8
3D RU-0520 - TRIPLEX FOAM
100
AcDbPolyline
 90
        2
 70
     0
 43
0.0
 10
-8954.577434097465
 20
99843.10804446115
 42
0.1273846145992474
 10
-8954.451731972396
 20
99843.59343422815
210
0.0
220
0.0
230
-1.0
  0
LWPOLYLINE
  5
285
330
274
100
AcDbEntity
  8
3D RU-0520 - TRIPLEX FOAM
100
AcDbPolyline
 90
        2
 70
     0
 43
0.0
 10
8955.089548996044
 20
99840.43443851433
 10
8953.727434097466
 20
99842.88791867035
  0
LWPOLYLINE
  5
286
330
274
100
AcDbEntity
  8
3D RU-0520 - TRIPLEX FOAM
100
AcDbPolyline
 90
        2
 70
     0
 43
0.0
 10
-8953.727434097466
 20
99842.88791867035
 42
0.1273846145992377
 10
-8953.601731972394
 20
99843.37330843732
210
0.0
220
0.0
230
-1.0
  0
LWPOLYLINE
  5
287
330
274
100
AcDbEntity
  8
3D RU-0520 - TRIPLEX FOAM
100
AcDbPolyline
 90
        2
 70
     0
 43
0.0
 10
8955.08923715465
 20
99835.6653239003
 10
8955.089548996044
 20
99840.43443851433
  0
LWPOLYLINE
  5
288
330
274
100
AcDbEntity
  8
3D RU-0520 - TRIPLEX FOAM
100
AcDbPolyline
 90
        2
 70
     0
 43
0.0
 10
8953.601731972394
 20
99843.37330843732
 10
8953.601731972394
 20
99846.245156223
  0
LWPOLYLINE
  5
289
330
274
100
AcDbEntity
  8
3D RU-0520 - TRIPLEX FOAM
100
AcDbPolyline
 90
        2
 70
     0
 43
0.0
 10
-8955.139237154419
 20
99835.61532871492
 42
0.4141853592142646
 10
-8955.08923715465
 20
99835.6653239003
210
0.0
220
0.0
230
-1.0
  0
LWPOLYLINE
  5
28A
330
274
100
AcDbEntity
  8
3D RU-0520 - TRIPLEX FOAM
100
AcDbPolyline
 90
        2
 70
     0
 43
0.0
 10
-8953.601731972394
 20
99846.245156223
 42
0.9999999999999998
 10
-8956.601731972394
 20
99846.245156223
210
0.0
220
0.0
230
-1.0
  0
LWPOLYLINE
  5
28B
330
274
100
AcDbEntity
  8
3D RU-0520 - TRIPLEX FOAM
100
AcDbPolyline
 90
        2
 70
     0
 43
0.0
 10
8956.820979557191
 20
99835.61532871492
 10
8955.139237154419
 20
99835.61532871492
  0
LWPOLYLINE
  5
28C
330
274
100
AcDbEntity
  8
3D RU-0520 - TRIPLEX FOAM
100
AcDbPolyline
 90
        2
 70
     0
 43
0.0
 10
8956.601731972394
 20
99846.245156223
 10
8956.601731972394
 20
99838.15585361888
  0
LWPOLYLINE
  5
28D
330
274
100
AcDbEntity
  8
3D RU-0520 - TRIPLEX FOAM
100
AcDbPolyline
 90
        2
 70
     0
 43
0.0
 10
-8958.560168319296
 20
99836.42779585673
 42
0.6085150965398587
 10
-8956.820979557191
 20
99835.61532871492
210
0.0
220
0.0
230
-1.0
  0
LWPOLYLINE
  5
28E
330
274
100
AcDbEntity
  8
3D RU-0520 - TRIPLEX FOAM
100
AcDbPolyline
 90
        2
 70
     0
 43
0.0
 10
-8956.894107255291
 20
99837.70099982166
 42
0.2936759220900148
 10
-8956.601731972394
 20
99838.15585361888
210
0.0
220
0.0
230
-1.0
  0
LWPOLYLINE
  5
28F
330
274
100
AcDbEntity
  8
3D RU-0520 - TRIPLEX FOAM
100
AcDbPolyline
 90
        2
 70
     0
 43
0.0
 10
-8958.122219061825
 20
99837.14041009379
 42
0.3046952488995265
 10
-8958.560168319296
 20
99836.42779585673
210
0.0
220
0.0
230
-1.0
  0
LWPOLYLINE
  5
290
330
274
100
AcDbEntity
  8
3D RU-0520 - TRIPLEX FOAM
100
AcDbPolyline
 90
        2
 70
     0
 43
0.0
 10
8956.894107255291
 20
99837.70099982166
 10
8958.122219061825
 20
99837.14041009379
  0
REGION
  5
291
330
274
100
AcDbEntity
  8
3D RU-0520 - TRIPLEX OUTER SKIN
100
AcDbModelerGeometry
290
     1
  2
{deaa5937-3549-ab42-9aa6-3b4d30a10b57}
  0
ENDBLK
  5
292
330
274
100
AcDbEntity
  8
0
 62
     3
100
AcDbBlockEnd
  0
BLOCK
  5
294
330
293
100
AcDbEntity
  8
0
 62
     3
100
AcDbBlockBegin
  2
DFCF
 70
     0
 10
0.0
 20
0.0
 30
0.0
  3
DFCF
  1

  0
INSERT
  5
295
330
293
100
AcDbEntity
  8
0
 62
     3
100
AcDbBlockReference
  2
AM3EX
 10
0.0
 20
0.0
 30
0.0
  0
INSERT
  5
296
330
293
100
AcDbEntity
  8
0
 62
     3
100
AcDbBlockReference
  2
TARPINĖ
 10
-140.5552777691628
 20
0.0
 30
0.0
  0
INSERT
  5
297
330
293
100
AcDbEntity
  8
0
 62
     3
100
AcDbBlockReference
  2
GHJJ
 10
-140.5552777691628
 20
0.0
 30
0.0
  0
ENDBLK
  5
298
330
293
100
AcDbEntity
  8
0
 62
     3
100
AcDbBlockEnd
  0
ENDSEC
  0
SECTION
  2
ENTITIES
  0
INSERT
  5
2BA
330
1F
100
AcDbEntity
  8
0
 62
     3
370
     5
100
AcDbBlockReference
  2
DFCF
 10
-8737.691725657446
 20
-99797.34552092974
 30
0.0
  0
ENDSEC
  0
SECTION
  2
OBJECTS
  0
DICTIONARY
  5
C
330
0
100
AcDbDictionary
281
     1
  3
ACAD_CIP_PREVIOUS_PRODUCT_INFO
350
1A5
  3
ACAD_COLOR
350
73
  3
ACAD_DETAILVIEWSTYLE
350
1AB
  3
ACAD_GROUP
350
D
  3
ACAD_LAYOUT
350
1A
  3
ACAD_MATERIAL
350
72
  3
ACAD_MLEADERSTYLE
350
D7
  3
ACAD_MLINESTYLE
350
17
  3
ACAD_PLOTSETTINGS
350
19
  3
ACAD_PLOTSTYLENAME
350
E
  3
ACAD_RENDER_ACTIVE_RAPIDRT_SETTINGS
350
242
  3
ACAD_RENDER_RAPIDRT_SETTINGS
350
23B
  3
ACAD_SCALELIST
350
B6
  3
ACAD_SECTIONVIEWSTYLE
350
1A8
  3
ACAD_TABLESTYLE
350
86
  3
ACAD_VISUALSTYLE
350
99
  3
ACDB_RECOMPOSE_DATA
350
2C6
  3
ACDBVARIABLEDICTIONARY
350
2A5
  3
Autodesk_PNP
350
239
  0
DICTIONARY
  5
18E
330
2
100
AcDbDictionary
280
     1
281
     1
  3
ACAD_LAYERSTATES
360
18F
  0
DICTIONARY
  5
E6
330
10
100
AcDbDictionary
280
     1
281
     1
  0
DICTIONARY
  5
15D
330
1F
100
AcDbDictionary
280
     1
281
     1
  0
XRECORD
  5
1A5
102
{ACAD_REACTORS
330
C
102
}
330
C
100
AcDbXrecord
280
     1
300
PLNT3D
300
2023
300

  0
DICTIONARY
  5
73
102
{ACAD_REACTORS
330
C
102
}
330
C
100
AcDbDictionary
281
     1
  0
DICTIONARY
  5
1AB
102
{ACAD_REACTORS
330
C
102
}
330
C
100
AcDbDictionary
281
     1
  3
Imperial24
350
1AC
  3
Metric50
350
2A4
  0
DICTIONARY
  5
D
102
{ACAD_REACTORS
330
C
102
}
330
C
100
AcDbDictionary
281
     1
  0
DICTIONARY
  5
1A
102
{ACAD_REACTORS
330
C
102
}
330
C
100
AcDbDictionary
281
     1
  3
Layout1
350
59
  3
Layout2
350
5E
  3
Model
350
22
  0
DICTIONARY
  5
72
102
{ACAD_REACTORS
330
C
102
}
330
C
100
AcDbDictionary
281
     1
  3
ByBlock
350
97
  3
ByLayer
350
96
  3
Global
350
98
  0
DICTIONARY
  5
D7
102
{ACAD_REACTORS
330
C
102
}
330
C
100
AcDbDictionary
281
     1
  3
Annotative
350
E5
  3
Standard
350
D8
  0
DICTIONARY
  5
17
102
{ACAD_REACTORS
330
C
102
}
330
C
100
AcDbDictionary
281
     1
  3
Standard
350
18
  0
DICTIONARY
  5
19
102
{ACAD_REACTORS
330
C
102
}
330
C
100
AcDbDictionary
281
     1
  0
ACDBDICTIONARYWDFLT
  5
E
102
{ACAD_REACTORS
330
C
102
}
330
C
100
AcDbDictionary
281
     1
  3
Normal
350
F
100
AcDbDictionaryWithDefault
340
F
  0
RAPIDRTRENDERSETTINGS
  5
242
102
{ACAD_REACTORS
330
C
102
}
330
C
100
AcDbRenderSettings
 90
        2
  1
Medium
290
     1
290
     0
290
     1
290
     1
  1

  1
Applies 5 rendering levels
 90
        0
100
AcDbRapidRTRenderSettings
 90
        3
 70
     0
 90
        5
 90
        1
 70
     1
 70
     2
 40
3.0
 40
3.0
290
     1
  0
DICTIONARY
  5
23B
102
{ACAD_REACTORS
330
C
102
}
330
C
100
AcDbDictionary
281
     1
  3
Coffee-Break Quality
350
23F
  3
High
350
23E
  3
Low
350
23C
  3
Lunch Quality
350
240
  3
Medium
350
23D
  3
Overnight Quality
350
241
  0
DICTIONARY
  5
B6
102
{ACAD_REACTORS
330
C
102
}
330
C
100
AcDbDictionary
281
     1
  3
A0
350
B7
  3
A1
350
124
  3
A2
350
125
  3
A3
350
126
  3
A4
350
127
  3
A5
350
128
  3
A6
350
129
  3
A7
350
12A
  3
A8
350
12B
  3
A9
350
12C
  3
B0
350
12D
  3
B1
350
12E
  3
B2
350
12F
  3
B3
350
130
  3
B4
350
131
  3
B5
350
132
  3
B6
350
133
  3
B7
350
134
  3
B8
350
135
  3
B9
350
136
  3
C0
350
137
  3
C1
350
138
  3
C2
350
139
  3
C3
350
13A
  3
C4
350
13B
  3
C5
350
13C
  3
C6
350
13D
  3
C7
350
13E
  3
C8
350
13F
  3
C9
350
140
  3
D0
350
141
  3
D1
350
142
  3
D2
350
143
  0
DICTIONARY
  5
1A8
102
{ACAD_REACTORS
330
C
102
}
330
C
100
AcDbDictionary
281
     1
  3
Imperial24
350
1AA
  3
Metric50
350
2A3
  0
DICTIONARY
  5
86
102
{ACAD_REACTORS
330
C
102
}
330
C
100
AcDbDictionary
281
     1
  3
Standard
350
87
  0
DICTIONARY
  5
99
102
{ACAD_REACTORS
330
C
102
}
330
C
100
AcDbDictionary
281
     1
  3
2dWireframe
350
9F
  3
Basic
350
9E
  3
Brighten
350
A5
  3
ColorChange
350
A9
  3
Conceptual
350
A2
  3
Dim
350
A4
  3
EdgeColorOff
350
175
  3
Facepattern
350
A8
  3
Flat
350
9A
  3
FlatWithEdges
350
9B
  3
Gouraud
350
9C
  3
GouraudWithEdges
350
9D
  3
Hidden
350
A1
  3
JitterOff
350
173
  3
Linepattern
350
A7
  3
OverhangOff
350
174
  3
Realistic
350
A3
  3
Shaded
350
182
  3
Shaded with edges
350
181
  3
Shades of Gray
350
17E
  3
Sketchy
350
17F
  3
Thicken
350
A6
  3
Wireframe
350
A0
  3
X-Ray
350
180
  0
XRECORD
  5
2C6
102
{ACAD_REACTORS
330
C
102
}
330
C
100
AcDbXrecord
280
     1
 90
        1
330
87
  0
DICTIONARY
  5
2A5
102
{ACAD_REACTORS
330
C
102
}
330
C
100
AcDbDictionary
281
     2
  3
CANNOSCALE
350
2A6
  3
CMLEADERSTYLE
350
2A7
  3
CTABLESTYLE
350
2A8
  3
CVIEWDETAILSTYLE
350
2A9
  3
CVIEWSECTIONSTYLE
350
2AA
  3
EXPORTPAPERSPACE
350
2AB
  3
HPCOLOR
350
2AC
  3
HPLAYER
350
2AD
  3
HPTRANSPARENCY
350
2AE
  3
LAYEREVAL
350
2AF
  3
LAYERNOTIFY
350
2B0
  3
WIPEOUTFRAME
350
2B2
  0
DICTIONARY
  5
239
102
{ACAD_REACTORS
330
C
102
}
330
C
100
AcDbDictionary
281
     1
  0
DICTIONARY
  5
18F
102
{ACAD_REACTORS
330
18E
102
}
330
18E
100
AcDbDictionary
281
     1
  0
ACDBDETAILVIEWSTYLE
  5
1AC
102
{ACAD_REACTORS
330
1AB
102
}
330
1AB
100
AcDbModelDocViewStyle
 70
     0
  3
Imperial24
290
     0
300
Imperial24
 90
        0
100
AcDbDetailViewStyle
 70
     0
 71
     0
 90
        3
 71
     1
340
11
 62
   256
 40
0.24
340
0
 62
   256
 40
0.24
300

 40
0.36
280
     3
 71
     2
340
16
 90
       25
 62
   256
 71
     3
340
11
 62
   256
 40
0.24
 90
        1
 40
0.75
 90
        1
300
%<\AcVar ViewType \f "%tc1">% %<\AcVar ViewDetailId>%\PSCALE %<\AcVar ViewScale \f "%sn">%
 71
     4
340
16
 90
       25
 62
   256
340
16
 90
       25
 62
   256
280
     0
  0
ACDBDETAILVIEWSTYLE
  5
2A4
102
{ACAD_REACTORS
330
1AB
102
}
330
1AB
100
AcDbModelDocViewStyle
 70
     0
  3
Metric50
290
     0
300
Metric50
 90
        0
100
AcDbDetailViewStyle
 70
     0
 71
     0
 90
        3
 71
     1
340
11
 62
   256
 40
5.0
340
0
 62
   256
 40
5.0
300

 40
0.0
280
     1
 71
     2
340
16
 90
       25
 62
   256
 71
     3
340
11
 62
   256
 40
5.0
 90
        0
 40
15.0
 90
        1
300
%<\AcVar ViewDetailId>% (%<\AcVar ViewScale \f "%sn">%)
 71
     4
340
16
 90
       25
 62
   256
340
16
 90
       25
 62
   256
280
     0
  0
LAYOUT
  5
59
102
{ACAD_REACTORS
330
1A
102
}
330
1A
100
AcDbPlotSettings
  1

  2
None
  4

  6

 40
0.0
 41
0.0
 42
0.0
 43
0.0
 44
0.0
 45
0.0
 46
0.0
 47
0.0
 48
0.0
 49
0.0
140
0.0
141
0.0
142
1.0
143
1.0
 70
   688
 72
     0
 73
     0
 74
     5
  7

 75
    16
147
1.0
 76
     0
 77
     2
 78
   300
148
0.0
149
0.0
100
AcDbLayout
  1
Layout1
 70
     1
 71
     1
 10
0.0
 20
0.0
 11
12.0
 21
9.0
 12
0.0
 22
0.0
 32
0.0
 14
0.0
 24
0.0
 34
0.0
 15
0.0
 25
0.0
 35
0.0
146
0.0
 13
0.0
 23
0.0
 33
0.0
 16
1.0
 26
0.0
 36
0.0
 17
0.0
 27
1.0
 37
0.0
 76
     0
330
58
  0
LAYOUT
  5
5E
102
{ACAD_REACTORS
330
1A
102
}
330
1A
100
AcDbPlotSettings
  1

  2
None
  4

  6

 40
0.0
 41
0.0
 42
0.0
 43
0.0
 44
0.0
 45
0.0
 46
0.0
 47
0.0
 48
0.0
 49
0.0
140
0.0
141
0.0
142
1.0
143
1.0
 70
   688
 72
     0
 73
     0
 74
     5
  7

 75
    16
147
1.0
 76
     0
 77
     2
 78
   300
148
0.0
149
0.0
100
AcDbLayout
  1
Layout2
 70
     1
 71
     2
 10
0.0
 20
0.0
 11
12.0
 21
9.0
 12
0.0
 22
0.0
 32
0.0
 14
0.0
 24
0.0
 34
0.0
 15
0.0
 25
0.0
 35
0.0
146
0.0
 13
0.0
 23
0.0
 33
0.0
 16
1.0
 26
0.0
 36
0.0
 17
0.0
 27
1.0
 37
0.0
 76
     0
330
5D
  0
LAYOUT
  5
22
102
{ACAD_XDICTIONARY
360
194
102
}
102
{ACAD_REACTORS
330
1A
102
}
330
1A
100
AcDbPlotSettings
  1

  2
none_device
  4
ANSI_A_(8.50_x_11.00_Inches)
  6

 40
6.349999904632568
 41
19.04999923706055
 42
6.350006103515625
 43
19.04998779296875
 44
215.8999938964844
 45
279.3999938964844
 46
0.0
 47
0.0
 48
0.0
 49
0.0
140
0.0
141
0.0
142
1.0
143
2.584895464708373
 70
 11952
 72
     0
 73
     1
 74
     0
  7

 75
     0
147
0.3868628397755418
 76
     0
 77
     2
 78
   300
148
0.0
149
0.0
100
AcDbLayout
  1
Model
 70
     1
 71
     0
 10
0.0
 20
0.0
 11
12.0
 21
9.0
 12
0.0
 22
0.0
 32
0.0
 14
0.0
 24
0.0
 34
0.0
 15
0.0
 25
0.0
 35
0.0
146
0.0
 13
0.0
 23
0.0
 33
0.0
 16
1.0
 26
0.0
 36
0.0
 17
0.0
 27
1.0
 37
0.0
 76
     0
330
1F
331
94
  0
MATERIAL
  5
97
102
{ACAD_XDICTIONARY
360
188
102
}
102
{ACAD_REACTORS
330
72
102
}
330
72
100
AcDbMaterial
  1
ByBlock
 94
       63
  0
MATERIAL
  5
96
102
{ACAD_XDICTIONARY
360
186
102
}
102
{ACAD_REACTORS
330
72
102
}
330
72
100
AcDbMaterial
  1
ByLayer
 94
       63
  0
MATERIAL
  5
98
102
{ACAD_XDICTIONARY
360
110
102
}
102
{ACAD_REACTORS
330
72
102
}
330
72
100
AcDbMaterial
  1
Global
 43
0.0208000000566244
 43
0.0
 43
0.0
 43
0.0
 43
0.0
 43
0.0208000000566244
 43
0.0
 43
0.0
 43
0.0
 43
0.0
 43
1.0
 43
0.0
 43
0.0
 43
0.0
 43
0.0
 43
1.0
 49
0.0208000000566244
 49
0.0
 49
0.0
 49
0.0
 49
0.0
 49
0.0208000000566244
 49
0.0
 49
0.0
 49
0.0
 49
0.0
 49
1.0
 49
0.0
 49
0.0
 49
0.0
 49
0.0
 49
1.0
142
0.0208000000566244
142
0.0
142
0.0
142
0.0
142
0.0
142
0.0208000000566244
142
0.0
142
0.0
142
0.0
142
0.0
142
1.0
142
0.0
142
0.0
142
0.0
142
0.0
142
1.0
144
0.0208000000566244
144
0.0
144
0.0
144
0.0
144
0.0
144
0.0208000000566244
144
0.0
144
0.0
144
0.0
144
0.0
144
1.0
144
0.0
144
0.0
144
0.0
144
0.0
144
1.0
 94
       63
1001
ACAD
1070
    -1
1070
     3
1070
     0
1000

1071
        0
1070
     0
  0
MLEADERSTYLE
  5
E5
102
{ACAD_REACTORS
330
D7
102
}
330
D7
100
AcDbMLeaderStyle
179
     2
170
     2
171
     1
172
     0
 90
        2
 40
0.0
 41
0.0
173
     1
 91
-1056964608
340
14
 92
       -2
290
     1
 42
0.09
291
     1
 43
0.36
  3
Standard
 44
0.18
300

342
11
174
     1
178
     1
175
     1
176
     0
 93
-1056964608
 45
0.18
292
     0
297
     0
 46
0.18
 94
-1056964608
 47
1.0
 49
1.0
140
1.0
293
     1
141
0.0
294
     1
177
     0
142
1.0
295
     0
296
     1
143
0.125
271
     0
272
     9
273
     9
298
     0
  0
MLEADERSTYLE
  5
D8
102
{ACAD_REACTORS
330
D7
102
}
330
D7
100
AcDbMLeaderStyle
179
     2
170
     2
171
     1
172
     0
 90
        2
 40
0.0
 41
0.0
173
     1
 91
-1056964608
340
14
 92
       -2
290
     1
 42
0.09
291
     1
 43
0.36
  3
Standard
 44
0.18
300

342
11
174
     1
178
     1
175
     1
176
     0
 93
-1056964608
 45
0.18
292
     0
297
     0
 46
0.18
 94
-1056964608
 47
1.0
 49
1.0
140
1.0
293
     1
141
0.0
294
     1
177
     0
142
1.0
295
     0
296
     0
143
0.125
271
     0
272
     9
273
     9
298
     0
  0
MLINESTYLE
  5
18
102
{ACAD_REACTORS
330
17
102
}
330
17
100
AcDbMlineStyle
  2
STANDARD
 70
     0
  3

 62
   256
 51
90.0
 52
90.0
 71
     2
 49
0.5
 62
   256
  6
BYLAYER
 49
-0.5
 62
   256
  6
BYLAYER
  0
ACDBPLACEHOLDER
  5
F
102
{ACAD_REACTORS
330
E
102
}
330
E
  0
RAPIDRTRENDERSETTINGS
  5
23F
102
{ACAD_REACTORS
330
23B
102
}
330
23B
100
AcDbRenderSettings
 90
        2
  1
Coffee-Break Quality
290
     1
290
     0
290
     1
290
     1
  1

  1
Renders for 10 minutes
 90
        3
100
AcDbRapidRTRenderSettings
 90
        3
 70
     1
 90
        1
 90
       10
 70
     1
 70
     2
 40
3.0
 40
3.0
290
     1
  0
RAPIDRTRENDERSETTINGS
  5
23E
102
{ACAD_REACTORS
330
23B
102
}
330
23B
100
AcDbRenderSettings
 90
        2
  1
High
290
     1
290
     0
290
     1
290
     1
  1

  1
Applies 10 rendering levels
 90
        2
100
AcDbRapidRTRenderSettings
 90
        3
 70
     0
 90
       10
 90
        1
 70
     2
 70
     2
 40
3.0
 40
3.0
290
     1
  0
RAPIDRTRENDERSETTINGS
  5
23C
102
{ACAD_REACTORS
330
23B
102
}
330
23B
100
AcDbRenderSettings
 90
        2
  1
Low
290
     1
290
     0
290
     1
290
     1
  1

  1
Applies 1 rendering level
 90
        0
100
AcDbRapidRTRenderSettings
 90
        3
 70
     0
 90
        1
 90
        1
 70
     0
 70
     2
 40
3.0
 40
3.0
290
     1
  0
RAPIDRTRENDERSETTINGS
  5
240
102
{ACAD_REACTORS
330
23B
102
}
330
23B
100
AcDbRenderSettings
 90
        2
  1
Lunch Quality
290
     1
290
     0
290
     1
290
     1
  1

  1
Renders for 60 minutes
 90
        4
100
AcDbRapidRTRenderSettings
 90
        3
 70
     1
 90
        1
 90
       60
 70
     2
 70
     2
 40
3.0
 40
3.0
290
     1
  0
RAPIDRTRENDERSETTINGS
  5
23D
102
{ACAD_REACTORS
330
23B
102
}
330
23B
100
AcDbRenderSettings
 90
        2
  1
Medium
290
     1
290
     0
290
     1
290
     1
  1

  1
Applies 5 rendering levels
 90
        1
100
AcDbRapidRTRenderSettings
 90
        3
 70
     0
 90
        5
 90
        1
 70
     1
 70
     2
 40
3.0
 40
3.0
290
     1
  0
RAPIDRTRENDERSETTINGS
  5
241
102
{ACAD_REACTORS
330
23B
102
}
330
23B
100
AcDbRenderSettings
 90
        2
  1
Overnight Quality
290
     1
290
     0
290
     1
290
     1
  1

  1
Renders for 12 hours
 90
        5
100
AcDbRapidRTRenderSettings
 90
        3
 70
     1
 90
        1
 90
      720
 70
     2
 70
     2
 40
3.0
 40
3.0
290
     1
  0
SCALE
  5
B7
102
{ACAD_REACTORS
330
B6
102
}
330
B6
100
AcDbScale
 70
     0
300
1:1
140
1.0
141
1.0
290
     1
  0
SCALE
  5
124
102
{ACAD_REACTORS
330
B6
102
}
330
B6
100
AcDbScale
 70
     0
300
1:2
140
1.0
141
2.0
290
     0
  0
SCALE
  5
125
102
{ACAD_REACTORS
330
B6
102
}
330
B6
100
AcDbScale
 70
     0
300
1:4
140
1.0
141
4.0
290
     0
  0
SCALE
  5
126
102
{ACAD_REACTORS
330
B6
102
}
330
B6
100
AcDbScale
 70
     0
300
1:5
140
1.0
141
5.0
290
     0
  0
SCALE
  5
127
102
{ACAD_REACTORS
330
B6
102
}
330
B6
100
AcDbScale
 70
     0
300
1:8
140
1.0
141
8.0
290
     0
  0
SCALE
  5
128
102
{ACAD_REACTORS
330
B6
102
}
330
B6
100
AcDbScale
 70
     0
300
1:10
140
1.0
141
10.0
290
     0
  0
SCALE
  5
129
102
{ACAD_REACTORS
330
B6
102
}
330
B6
100
AcDbScale
 70
     0
300
1:16
140
1.0
141
16.0
290
     0
  0
SCALE
  5
12A
102
{ACAD_REACTORS
330
B6
102
}
330
B6
100
AcDbScale
 70
     0
300
1:20
140
1.0
141
20.0
290
     0
  0
SCALE
  5
12B
102
{ACAD_REACTORS
330
B6
102
}
330
B6
100
AcDbScale
 70
     0
300
1:30
140
1.0
141
30.0
290
     0
  0
SCALE
  5
12C
102
{ACAD_REACTORS
330
B6
102
}
330
B6
100
AcDbScale
 70
     0
300
1:40
140
1.0
141
40.0
290
     0
  0
SCALE
  5
12D
102
{ACAD_REACTORS
330
B6
102
}
330
B6
100
AcDbScale
 70
     0
300
1:50
140
1.0
141
50.0
290
     0
  0
SCALE
  5
12E
102
{ACAD_REACTORS
330
B6
102
}
330
B6
100
AcDbScale
 70
     0
300
1:100
140
1.0
141
100.0
290
     0
  0
SCALE
  5
12F
102
{ACAD_REACTORS
330
B6
102
}
330
B6
100
AcDbScale
 70
     0
300
2:1
140
2.0
141
1.0
290
     0
  0
SCALE
  5
130
102
{ACAD_REACTORS
330
B6
102
}
330
B6
100
AcDbScale
 70
     0
300
4:1
140
4.0
141
1.0
290
     0
  0
SCALE
  5
131
102
{ACAD_REACTORS
330
B6
102
}
330
B6
100
AcDbScale
 70
     0
300
8:1
140
8.0
141
1.0
290
     0
  0
SCALE
  5
132
102
{ACAD_REACTORS
330
B6
102
}
330
B6
100
AcDbScale
 70
     0
300
10:1
140
10.0
141
1.0
290
     0
  0
SCALE
  5
133
102
{ACAD_REACTORS
330
B6
102
}
330
B6
100
AcDbScale
 70
     0
300
100:1
140
100.0
141
1.0
290
     0
  0
SCALE
  5
134
102
{ACAD_REACTORS
330
B6
102
}
330
B6
100
AcDbScale
 70
     0
300
1/128" = 1'-0"
140
0.0078125
141
12.0
290
     0
  0
SCALE
  5
135
102
{ACAD_REACTORS
330
B6
102
}
330
B6
100
AcDbScale
 70
     0
300
1/64" = 1'-0"
140
0.015625
141
12.0
290
     0
  0
SCALE
  5
136
102
{ACAD_REACTORS
330
B6
102
}
330
B6
100
AcDbScale
 70
     0
300
1/32" = 1'-0"
140
0.03125
141
12.0
290
     0
  0
SCALE
  5
137
102
{ACAD_REACTORS
330
B6
102
}
330
B6
100
AcDbScale
 70
     0
300
1/16" = 1'-0"
140
0.0625
141
12.0
290
     0
  0
SCALE
  5
138
102
{ACAD_REACTORS
330
B6
102
}
330
B6
100
AcDbScale
 70
     0
300
3/32" = 1'-0"
140
0.09375
141
12.0
290
     0
  0
SCALE
  5
139
102
{ACAD_REACTORS
330
B6
102
}
330
B6
100
AcDbScale
 70
     0
300
1/8" = 1'-0"
140
0.125
141
12.0
290
     0
  0
SCALE
  5
13A
102
{ACAD_REACTORS
330
B6
102
}
330
B6
100
AcDbScale
 70
     0
300
3/16" = 1'-0"
140
0.1875
141
12.0
290
     0
  0
SCALE
  5
13B
102
{ACAD_REACTORS
330
B6
102
}
330
B6
100
AcDbScale
 70
     0
300
1/4" = 1'-0"
140
0.25
141
12.0
290
     0
  0
SCALE
  5
13C
102
{ACAD_REACTORS
330
B6
102
}
330
B6
100
AcDbScale
 70
     0
300
3/8" = 1'-0"
140
0.375
141
12.0
290
     0
  0
SCALE
  5
13D
102
{ACAD_REACTORS
330
B6
102
}
330
B6
100
AcDbScale
 70
     0
300
1/2" = 1'-0"
140
0.5
141
12.0
290
     0
  0
SCALE
  5
13E
102
{ACAD_REACTORS
330
B6
102
}
330
B6
100
AcDbScale
 70
     0
300
3/4" = 1'-0"
140
0.75
141
12.0
290
     0
  0
SCALE
  5
13F
102
{ACAD_REACTORS
330
B6
102
}
330
B6
100
AcDbScale
 70
     0
300
1" = 1'-0"
140
1.0
141
12.0
290
     0
  0
SCALE
  5
140
102
{ACAD_REACTORS
330
B6
102
}
330
B6
100
AcDbScale
 70
     0
300
1-1/2" = 1'-0"
140
1.5
141
12.0
290
     0
  0
SCALE
  5
141
102
{ACAD_REACTORS
330
B6
102
}
330
B6
100
AcDbScale
 70
     0
300
3" = 1'-0"
140
3.0
141
12.0
290
     0
  0
SCALE
  5
142
102
{ACAD_REACTORS
330
B6
102
}
330
B6
100
AcDbScale
 70
     0
300
6" = 1'-0"
140
6.0
141
12.0
290
     0
  0
SCALE
  5
143
102
{ACAD_REACTORS
330
B6
102
}
330
B6
100
AcDbScale
 70
     0
300
1'-0" = 1'-0"
140
12.0
141
12.0
290
     0
  0
ACDBSECTIONVIEWSTYLE
  5
1AA
102
{ACAD_REACTORS
330
1A8
102
}
330
1A8
100
AcDbModelDocViewStyle
 70
     0
  3
Imperial24
290
     0
300
Imperial24
 90
        0
100
AcDbSectionViewStyle
 70
     0
 71
     0
 90
       78
 71
     1
340
11
 62
   256
 40
0.24
340
0
340
0
 62
   256
 40
0.24
300
I, O, Q, S, X, Z
 40
0.48
 90
        3
 40
0.18
 90
        1
 71
     2
340
16
 90
       25
 62
   256
340
16
 90
       50
 62
   256
 40
0.24
 40
0.0
 40
0.24
 71
     3
340
11
 62
   256
 40
0.24
 90
        1
 40
0.75
 90
        1
300
%<\AcVar ViewType \f "%tc1">% %<\AcVar ViewSectionStartId>%-%<\AcVar ViewSectionEndId>%\PSCALE %<\AcVar ViewScale \f "%sn">%
 71
     4
 62
   256
 62
   257
300
ANSI31
 40
1.0
 90
        0
290
     0
290
     0
 90
        6
 40
0.0
 40
1.570796326794896
 40
0.2617993877991494
 40
1.308996938995747
 40
-0.2617993877991494
 40
1.832595714594046
  0
ACDBSECTIONVIEWSTYLE
  5
2A3
102
{ACAD_REACTORS
330
1A8
102
}
330
1A8
100
AcDbModelDocViewStyle
 70
     0
  3
Metric50
290
     0
300
Metric50
 90
        0
100
AcDbSectionViewStyle
 70
     0
 71
     0
 90
      102
 71
     1
340
11
 62
   256
 40
5.0
340
0
340
0
 62
   256
 40
5.0
300
I, O, Q, S, X, Z
 40
10.0
 90
        0
 40
2.5
 90
        0
 71
     2
340
16
 90
       25
 62
   256
340
16
 90
       50
 62
   256
 40
5.0
 40
2.5
 40
5.0
 71
     3
340
11
 62
   256
 40
5.0
 90
        0
 40
15.0
 90
        1
300
%<\AcVar ViewSectionStartId>%-%<\AcVar ViewSectionEndId>% (%<\AcVar ViewScale \f "%sn">%)
 71
     4
 62
   256
 62
   257
300
ANSI31
 40
1.0
 90
        0
290
     0
290
     0
 90
        6
 40
0.0
 40
1.570796326794896
 40
0.2617993877991494
 40
1.308996938995747
 40
-0.2617993877991494
 40
1.832595714594046
  0
TABLESTYLE
  5
87
102
{ACAD_XDICTIONARY
360
104
102
}
102
{ACAD_REACTORS
330
86
102
}
330
86
100
AcDbTableStyle
280
     0
  3
Standard
 70
     0
 71
     0
 40
0.06
 41
0.06
280
     0
281
     0
  7
Standard
140
0.18
170
     2
 62
     0
 63
     7
283
     0
 90
      512
 91
        0
  1

274
    -2
284
     1
 64
     0
275
    -2
285
     1
 65
     0
276
    -2
286
     1
 66
     0
277
    -2
287
     1
 67
     0
278
    -2
288
     1
 68
     0
279
    -2
289
     1
 69
     0
  7
Standard
140
0.25
170
     5
 62
     0
 63
     7
283
     0
 90
      512
 91
        0
  1

274
    -2
284
     1
 64
     0
275
    -2
285
     1
 65
     0
276
    -2
286
     1
 66
     0
277
    -2
287
     1
 67
     0
278
    -2
288
     1
 68
     0
279
    -2
289
     1
 69
     0
  7
Standard
140
0.18
170
     5
 62
     0
 63
     7
283
     0
 90
      512
 91
        0
  1

274
    -2
284
     1
 64
     0
275
    -2
285
     1
 65
     0
276
    -2
286
     1
 66
     0
277
    -2
287
     1
 67
     0
278
    -2
288
     1
 68
     0
279
    -2
289
     1
 69
     0
  0
VISUALSTYLE
  5
9F
102
{ACAD_REACTORS
330
99
102
}
330
99
100
AcDbVisualStyle
  2
2dWireframe
 70
     4
177
     3
291
     0
 70
    58
 90
        0
176
     1
 90
        2
176
     1
 90
        1
176
     1
 90
        0
176
     1
 40
0.6
176
     1
 40
30.0
176
     1
 62
     7
420
 16777215
176
     1
 90
        1
176
     1
 90
        4
176
     1
 62
     7
176
     1
 62
   257
176
     1
 90
        1
176
     1
 90
        1
176
     1
 40
1.0
176
     1
 90
        0
176
     1
 62
   257
176
     1
 40
1.0
176
     1
 90
        1
176
     1
 90
        6
176
     1
 90
        2
176
     1
 62
     7
176
     1
 90
        5
176
     1
 90
        0
176
     1
 90
        0
176
     1
290
     0
176
     1
 90
        1
176
     1
 40
0.0
176
     1
 90
        0
176
     1
290
     1
176
     1
290
     1
176
     1
290
     0
176
     1
290
     0
176
     1
290
     0
176
     1
290
     0
176
     1
290
     0
176
     1
290
     0
176
     1
290
     0
176
     1
 90
       50
176
     1
 40
0.0
176
     1
 40
1.0
176
     1
 90
        0
176
     1
 62
    18
420
        0
176
     1
 90
       50
176
     1
 90
        3
176
     1
 62
     5
420
      255
176
     1
290
     0
176
     1
 90
       50
176
     1
 90
       50
176
     1
 90
       50
176
     1
290
     0
176
     1
 90
       50
176
     1
 62
   256
176
     0
 40
1.0
176
     0
 90
        2
176
     1
  1
strokes_ogs.tif
176
     1
290
     0
176
     1
 40
1.0
176
     1
 40
1.0
176
     1
  0
VISUALSTYLE
  5
9E
102
{ACAD_REACTORS
330
99
102
}
330
99
100
AcDbVisualStyle
  2
Basic
 70
     7
177
     3
291
     1
 70
    58
 90
        1
176
     1
 90
        0
176
     1
 90
        1
176
     1
 90
        0
176
     1
 40
0.6
176
     1
 40
30.0
176
     1
 62
     7
420
 16777215
176
     1
 90
        0
176
     1
 90
        4
176
     1
 62
     7
176
     1
 62
   257
176
     1
 90
        1
176
     1
 90
        1
176
     1
 40
1.0
176
     1
 90
        8
176
     1
 62
     7
176
     1
 40
1.0
176
     1
 90
        1
176
     1
 90
        6
176
     1
 90
        2
176
     1
 62
     7
176
     1
 90
        5
176
     1
 90
        0
176
     1
 90
        0
176
     1
290
     0
176
     1
 90
        1
176
     1
 40
0.0
176
     1
 90
        0
176
     1
290
     0
176
     1
290
     1
176
     1
290
     1
176
     1
290
     0
176
     1
290
     0
176
     1
290
     0
176
     1
290
     0
176
     1
290
     0
176
     1
290
     0
176
     1
 90
       50
176
     1
 40
0.0
176
     1
 40
1.0
176
     1
 90
        0
176
     1
 62
    18
420
        0
176
     1
 90
       50
176
     1
 90
        3
176
     1
 62
     5
420
      255
176
     1
290
     0
176
     1
 90
       50
176
     1
 90
       50
176
     1
 90
       50
176
     1
290
     0
176
     1
 90
       50
176
     1
 62
   256
176
     0
 40
1.0
176
     0
 90
        2
176
     1
  1
strokes_ogs.tif
176
     1
290
     0
176
     1
 40
1.0
176
     1
 40
1.0
176
     1
  0
VISUALSTYLE
  5
A5
102
{ACAD_REACTORS
330
99
102
}
330
99
100
AcDbVisualStyle
  2
Brighten
 70
    12
177
     3
291
     1
 70
    58
 90
        2
176
     1
 90
        2
176
     1
 90
        1
176
     1
 90
        0
176
     1
 40
0.6
176
     1
 40
30.0
176
     1
 62
     7
420
 16777215
176
     1
 90
        1
176
     1
 90
        4
176
     1
 62
     7
176
     1
 62
   257
176
     1
 90
        1
176
     1
 90
        1
176
     1
 40
1.0
176
     1
 90
        8
176
     1
 62
     7
176
     1
 40
1.0
176
     1
 90
        1
176
     1
 90
        6
176
     1
 90
        2
176
     1
 62
     7
176
     1
 90
        5
176
     1
 90
        0
176
     1
 90
        0
176
     1
290
     0
176
     1
 90
        1
176
     1
 40
50.0
176
     1
 90
        0
176
     1
290
     0
176
     1
290
     1
176
     1
290
     1
176
     1
290
     0
176
     1
290
     0
176
     1
290
     0
176
     1
290
     0
176
     1
290
     0
176
     1
290
     0
176
     1
 90
       50
176
     1
 40
0.0
176
     1
 40
1.0
176
     1
 90
        0
176
     1
 62
    18
420
        0
176
     1
 90
       50
176
     1
 90
        3
176
     1
 62
     5
420
      255
176
     1
290
     0
176
     1
 90
       50
176
     1
 90
       50
176
     1
 90
       50
176
     1
290
     0
176
     1
 90
       50
176
     1
 62
   256
176
     0
 40
1.0
176
     0
 90
        2
176
     1
  1
strokes_ogs.tif
176
     1
290
     0
176
     1
 40
1.0
176
     1
 40
1.0
176
     1
  0
VISUALSTYLE
  5
A9
102
{ACAD_REACTORS
330
99
102
}
330
99
100
AcDbVisualStyle
  2
ColorChange
 70
    16
177
     3
291
     1
 70
    58
 90
        2
176
     1
 90
        2
176
     1
 90
        3
176
     1
 90
        0
176
     1
 40
0.6
176
     1
 40
30.0
176
     1
 62
     8
420
  8421504
176
     1
 90
        1
176
     1
 90
        4
176
     1
 62
     7
176
     1
 62
   257
176
     1
 90
        1
176
     1
 90
        1
176
     1
 40
1.0
176
     1
 90
        8
176
     1
 62
     8
420
  8421504
176
     1
 40
1.0
176
     1
 90
        1
176
     1
 90
        6
176
     1
 90
        2
176
     1
 62
     7
176
     1
 90
        5
176
     1
 90
        0
176
     1
 90
        0
176
     1
290
     0
176
     1
 90
        1
176
     1
 40
0.0
176
     1
 90
        0
176
     1
290
     0
176
     1
290
     1
176
     1
290
     1
176
     1
290
     0
176
     1
290
     0
176
     1
290
     0
176
     1
290
     0
176
     1
290
     0
176
     1
290
     0
176
     1
 90
       50
176
     1
 40
0.0
176
     1
 40
1.0
176
     1
 90
        0
176
     1
 62
    18
420
        0
176
     1
 90
       50
176
     1
 90
        3
176
     1
 62
     5
420
      255
176
     1
290
     0
176
     1
 90
       50
176
     1
 90
       50
176
     1
 90
       50
176
     1
290
     0
176
     1
 90
       50
176
     1
 62
   256
176
     0
 40
1.0
176
     0
 90
        2
176
     1
  1
strokes_ogs.tif
176
     1
290
     0
176
     1
 40
1.0
176
     1
 40
1.0
176
     1
  0
VISUALSTYLE
  5
A2
102
{ACAD_REACTORS
330
99
102
}
330
99
100
AcDbVisualStyle
  2
Conceptual
 70
     9
177
     3
291
     0
 70
    58
 90
        3
176
     1
 90
        2
176
     1
 90
        1
176
     1
 90
        0
176
     1
 40
0.6
176
     1
 40
30.0
176
     1
 62
     7
420
 16777215
176
     1
 90
        2
176
     1
 90
        2
176
     1
 62
     7
176
     1
 62
   257
176
     1
 90
        1
176
     1
 90
        1
176
     1
 40
40.0
176
     1
 90
        8
176
     1
 62
     7
176
     1
 40
1.0
176
     1
 90
        1
176
     1
 90
        6
176
     1
 90
        2
176
     1
 62
     7
176
     1
 90
        3
176
     1
 90
        0
176
     1
 90
        0
176
     1
290
     0
176
     1
 90
        1
176
     1
 40
0.0
176
     1
 90
        0
176
     1
290
     0
176
     1
290
     1
176
     1
290
     1
176
     1
290
     0
176
     1
290
     0
176
     1
290
     0
176
     1
290
     0
176
     1
290
     0
176
     1
290
     0
176
     1
 90
       50
176
     1
 40
0.0
176
     1
 40
1.0
176
     1
 90
        0
176
     1
 62
    18
420
        0
176
     1
 90
       50
176
     1
 90
        3
176
     1
 62
     5
420
      255
176
     1
290
     0
176
     1
 90
       50
176
     1
 90
       50
176
     1
 90
       50
176
     1
290
     0
176
     1
 90
       50
176
     1
 62
   256
176
     0
 40
1.0
176
     0
 90
        2
176
     1
  1
strokes_ogs.tif
176
     1
290
     0
176
     1
 40
1.0
176
     1
 40
1.0
176
     1
  0
VISUALSTYLE
  5
A4
102
{ACAD_REACTORS
330
99
102
}
330
99
100
AcDbVisualStyle
  2
Dim
 70
    11
177
     3
291
     1
 70
    58
 90
        2
176
     1
 90
        2
176
     1
 90
        1
176
     1
 90
        0
176
     1
 40
0.6
176
     1
 40
30.0
176
     1
 62
     7
420
 16777215
176
     1
 90
        1
176
     1
 90
        4
176
     1
 62
     7
176
     1
 62
   257
176
     1
 90
        1
176
     1
 90
        1
176
     1
 40
1.0
176
     1
 90
        8
176
     1
 62
     7
176
     1
 40
1.0
176
     1
 90
        1
176
     1
 90
        6
176
     1
 90
        2
176
     1
 62
     7
176
     1
 90
        5
176
     1
 90
        0
176
     1
 90
        0
176
     1
290
     0
176
     1
 90
        1
176
     1
 40
-50.0
176
     1
 90
        0
176
     1
290
     0
176
     1
290
     1
176
     1
290
     1
176
     1
290
     0
176
     1
290
     0
176
     1
290
     0
176
     1
290
     0
176
     1
290
     0
176
     1
290
     0
176
     1
 90
       50
176
     1
 40
0.0
176
     1
 40
1.0
176
     1
 90
        0
176
     1
 62
    18
420
        0
176
     1
 90
       50
176
     1
 90
        3
176
     1
 62
     5
420
      255
176
     1
290
     0
176
     1
 90
       50
176
     1
 90
       50
176
     1
 90
       50
176
     1
290
     0
176
     1
 90
       50
176
     1
 62
   256
176
     0
 40
1.0
176
     0
 90
        2
176
     1
  1
strokes_ogs.tif
176
     1
290
     0
176
     1
 40
1.0
176
     1
 40
1.0
176
     1
  0
VISUALSTYLE
  5
175
102
{ACAD_REACTORS
330
99
102
}
330
99
100
AcDbVisualStyle
  2
EdgeColorOff
 70
    22
177
     3
291
     1
 70
    58
 90
        2
176
     0
 90
        2
176
     0
 90
        0
176
     0
 90
        0
176
     0
 40
0.6
176
     0
 40
30.0
176
     0
 62
     7
420
 16777215
176
     0
 90
        1
176
     0
 90
        4
176
     0
 62
     7
176
     0
 62
   257
176
     0
 90
        1
176
     0
 90
        1
176
     0
 40
1.0
176
     0
 90
        8
176
     2
 62
     7
176
     0
 40
1.0
176
     0
 90
        1
176
     0
 90
        6
176
     0
 90
        2
176
     0
 62
     7
176
     0
 90
        5
176
     0
 90
        0
176
     0
 90
        0
176
     0
290
     0
176
     0
 90
        1
176
     0
 40
0.0
176
     0
 90
        0
176
     0
290
     0
176
     1
290
     1
176
     1
290
     1
176
     1
290
     0
176
     1
290
     0
176
     1
290
     0
176
     1
290
     0
176
     1
290
     0
176
     1
290
     0
176
     1
 90
       50
176
     1
 40
0.0
176
     1
 40
1.0
176
     1
 90
        0
176
     1
 62
    18
420
        0
176
     1
 90
       50
176
     1
 90
        3
176
     1
 62
     5
420
      255
176
     1
290
     0
176
     1
 90
       50
176
     1
 90
       50
176
     1
 90
       50
176
     1
290
     0
176
     1
 90
       50
176
     1
 62
   256
176
     0
 40
1.0
176
     0
 90
        2
176
     1
  1
strokes_ogs.tif
176
     1
290
     0
176
     1
 40
1.0
176
     1
 40
1.0
176
     1
  0
VISUALSTYLE
  5
A8
102
{ACAD_REACTORS
330
99
102
}
330
99
100
AcDbVisualStyle
  2
Facepattern
 70
    15
177
     3
291
     1
 70
    58
 90
        2
176
     1
 90
        2
176
     1
 90
        1
176
     1
 90
        0
176
     1
 40
0.6
176
     1
 40
30.0
176
     1
 62
     7
420
 16777215
176
     1
 90
        1
176
     1
 90
        4
176
     1
 62
     7
176
     1
 62
   257
176
     1
 90
        1
176
     1
 90
        1
176
     1
 40
1.0
176
     1
 90
        8
176
     1
 62
     7
176
     1
 40
1.0
176
     1
 90
        1
176
     1
 90
        6
176
     1
 90
        2
176
     1
 62
     7
176
     1
 90
        5
176
     1
 90
        0
176
     1
 90
        0
176
     1
290
     0
176
     1
 90
        1
176
     1
 40
0.0
176
     1
 90
        0
176
     1
290
     0
176
     1
290
     1
176
     1
290
     1
176
     1
290
     0
176
     1
290
     0
176
     1
290
     0
176
     1
290
     0
176
     1
290
     0
176
     1
290
     0
176
     1
 90
       50
176
     1
 40
0.0
176
     1
 40
1.0
176
     1
 90
        0
176
     1
 62
    18
420
        0
176
     1
 90
       50
176
     1
 90
        3
176
     1
 62
     5
420
      255
176
     1
290
     0
176
     1
 90
       50
176
     1
 90
       50
176
     1
 90
       50
176
     1
290
     0
176
     1
 90
       50
176
     1
 62
   256
176
     0
 40
1.0
176
     0
 90
        2
176
     1
  1
strokes_ogs.tif
176
     1
290
     0
176
     1
 40
1.0
176
     1
 40
1.0
176
     1
  0
VISUALSTYLE
  5
9A
102
{ACAD_REACTORS
330
99
102
}
330
99
100
AcDbVisualStyle
  2
Flat
 70
     0
177
     3
291
     1
 70
    58
 90
        2
176
     1
 90
        1
176
     1
 90
        1
176
     1
 90
        2
176
     1
 40
0.6
176
     1
 40
30.0
176
     1
 62
     7
420
 16777215
176
     1
 90
        0
176
     1
 90
        0
176
     1
 62
     7
176
     1
 62
   257
176
     1
 90
        1
176
     1
 90
        1
176
     1
 40
1.0
176
     1
 90
        8
176
     1
 62
     7
176
     1
 40
1.0
176
     1
 90
        1
176
     1
 90
        6
176
     1
 90
        2
176
     1
 62
     7
176
     1
 90
        5
176
     1
 90
        0
176
     1
 90
        0
176
     1
290
     0
176
     1
 90
       13
176
     1
 40
0.0
176
     1
 90
        0
176
     1
290
     0
176
     1
290
     1
176
     1
290
     1
176
     1
290
     0
176
     1
290
     0
176
     1
290
     0
176
     1
290
     0
176
     1
290
     0
176
     1
290
     0
176
     1
 90
       50
176
     1
 40
0.0
176
     1
 40
1.0
176
     1
 90
        0
176
     1
 62
    18
420
        0
176
     1
 90
       50
176
     1
 90
        3
176
     1
 62
     5
420
      255
176
     1
290
     0
176
     1
 90
       50
176
     1
 90
       50
176
     1
 90
       50
176
     1
290
     0
176
     1
 90
       50
176
     1
 62
   256
176
     0
 40
1.0
176
     0
 90
        2
176
     1
  1
strokes_ogs.tif
176
     1
290
     0
176
     1
 40
1.0
176
     1
 40
1.0
176
     1
  0
VISUALSTYLE
  5
9B
102
{ACAD_REACTORS
330
99
102
}
330
99
100
AcDbVisualStyle
  2
FlatWithEdges
 70
     1
177
     3
291
     1
 70
    58
 90
        2
176
     1
 90
        1
176
     1
 90
        1
176
     1
 90
        2
176
     1
 40
0.6
176
     1
 40
30.0
176
     1
 62
     7
420
 16777215
176
     1
 90
        1
176
     1
 90
        0
176
     1
 62
     7
176
     1
 62
   257
176
     1
 90
        1
176
     1
 90
        1
176
     1
 40
1.0
176
     1
 90
        0
176
     1
 62
   257
176
     1
 40
1.0
176
     1
 90
        1
176
     1
 90
        6
176
     1
 90
        2
176
     1
 62
     7
176
     1
 90
        5
176
     1
 90
        0
176
     1
 90
        0
176
     1
290
     0
176
     1
 90
       13
176
     1
 40
0.0
176
     1
 90
        0
176
     1
290
     0
176
     1
290
     1
176
     1
290
     1
176
     1
290
     0
176
     1
290
     0
176
     1
290
     0
176
     1
290
     0
176
     1
290
     0
176
     1
290
     0
176
     1
 90
       50
176
     1
 40
0.0
176
     1
 40
1.0
176
     1
 90
        0
176
     1
 62
    18
420
        0
176
     1
 90
       50
176
     1
 90
        3
176
     1
 62
     5
420
      255
176
     1
290
     0
176
     1
 90
       50
176
     1
 90
       50
176
     1
 90
       50
176
     1
290
     0
176
     1
 90
       50
176
     1
 62
   256
176
     0
 40
1.0
176
     0
 90
        2
176
     1
  1
strokes_ogs.tif
176
     1
290
     0
176
     1
 40
1.0
176
     1
 40
1.0
176
     1
  0
VISUALSTYLE
  5
9C
102
{ACAD_REACTORS
330
99
102
}
330
99
100
AcDbVisualStyle
  2
Gouraud
 70
     2
177
     3
291
     1
 70
    58
 90
        2
176
     1
 90
        2
176
     1
 90
        1
176
     1
 90
        2
176
     1
 40
0.6
176
     1
 40
30.0
176
     1
 62
     7
420
 16777215
176
     1
 90
        0
176
     1
 90
        0
176
     1
 62
     7
176
     1
 62
   257
176
     1
 90
        1
176
     1
 90
        1
176
     1
 40
1.0
176
     1
 90
        0
176
     1
 62
     7
176
     1
 40
1.0
176
     1
 90
        1
176
     1
 90
        6
176
     1
 90
        2
176
     1
 62
     7
176
     1
 90
        5
176
     1
 90
        0
176
     1
 90
        0
176
     1
290
     0
176
     1
 90
       13
176
     1
 40
0.0
176
     1
 90
        0
176
     1
290
     0
176
     1
290
     1
176
     1
290
     1
176
     1
290
     0
176
     1
290
     0
176
     1
290
     0
176
     1
290
     0
176
     1
290
     0
176
     1
290
     0
176
     1
 90
       50
176
     1
 40
0.0
176
     1
 40
1.0
176
     1
 90
        0
176
     1
 62
    18
420
        0
176
     1
 90
       50
176
     1
 90
        3
176
     1
 62
     5
420
      255
176
     1
290
     0
176
     1
 90
       50
176
     1
 90
       50
176
     1
 90
       50
176
     1
290
     0
176
     1
 90
       50
176
     1
 62
   256
176
     0
 40
1.0
176
     0
 90
        2
176
     1
  1
strokes_ogs.tif
176
     1
290
     0
176
     1
 40
1.0
176
     1
 40
1.0
176
     1
  0
VISUALSTYLE
  5
9D
102
{ACAD_REACTORS
330
99
102
}
330
99
100
AcDbVisualStyle
  2
GouraudWithEdges
 70
     3
177
     3
291
     1
 70
    58
 90
        2
176
     1
 90
        2
176
     1
 90
        1
176
     1
 90
        2
176
     1
 40
0.6
176
     1
 40
30.0
176
     1
 62
     7
420
 16777215
176
     1
 90
        1
176
     1
 90
        0
176
     1
 62
     7
176
     1
 62
   257
176
     1
 90
        1
176
     1
 90
        1
176
     1
 40
1.0
176
     1
 90
        0
176
     1
 62
   257
176
     1
 40
1.0
176
     1
 90
        1
176
     1
 90
        6
176
     1
 90
        2
176
     1
 62
     7
176
     1
 90
        5
176
     1
 90
        0
176
     1
 90
        0
176
     1
290
     0
176
     1
 90
       13
176
     1
 40
0.0
176
     1
 90
        0
176
     1
290
     0
176
     1
290
     1
176
     1
290
     1
176
     1
290
     0
176
     1
290
     0
176
     1
290
     0
176
     1
290
     0
176
     1
290
     0
176
     1
290
     0
176
     1
 90
       50
176
     1
 40
0.0
176
     1
 40
1.0
176
     1
 90
        0
176
     1
 62
    18
420
        0
176
     1
 90
       50
176
     1
 90
        3
176
     1
 62
     5
420
      255
176
     1
290
     0
176
     1
 90
       50
176
     1
 90
       50
176
     1
 90
       50
176
     1
290
     0
176
     1
 90
       50
176
     1
 62
   256
176
     0
 40
1.0
176
     0
 90
        2
176
     1
  1
strokes_ogs.tif
176
     1
290
     0
176
     1
 40
1.0
176
     1
 40
1.0
176
     1
  0
VISUALSTYLE
  5
A1
102
{ACAD_REACTORS
330
99
102
}
330
99
100
AcDbVisualStyle
  2
Hidden
 70
     6
177
     3
291
     0
 70
    58
 90
        1
176
     1
 90
        2
176
     1
 90
        2
176
     1
 90
        0
176
     1
 40
0.6
176
     1
 40
30.0
176
     1
 62
     7
420
 16777215
176
     1
 90
        2
176
     1
 90
        2
176
     1
 62
     7
176
     1
 62
   257
176
     1
 90
        2
176
     1
 90
        1
176
     1
 40
40.0
176
     1
 90
        0
176
     1
 62
   257
176
     1
 40
1.0
176
     1
 90
        1
176
     1
 90
        6
176
     1
 90
        2
176
     1
 62
     7
176
     1
 90
        3
176
     1
 90
        0
176
     1
 90
        0
176
     1
290
     0
176
     1
 90
        1
176
     1
 40
0.0
176
     1
 90
        0
176
     1
290
     0
176
     1
290
     1
176
     1
290
     1
176
     1
290
     0
176
     1
290
     0
176
     1
290
     0
176
     1
290
     0
176
     1
290
     0
176
     1
290
     0
176
     1
 90
       50
176
     1
 40
0.0
176
     1
 40
1.0
176
     1
 90
        0
176
     1
 62
    18
420
        0
176
     1
 90
       50
176
     1
 90
        3
176
     1
 62
     5
420
      255
176
     1
290
     0
176
     1
 90
       50
176
     1
 90
       50
176
     1
 90
       50
176
     1
290
     0
176
     1
 90
       50
176
     1
 62
   256
176
     0
 40
1.0
176
     0
 90
        2
176
     1
  1
strokes_ogs.tif
176
     1
290
     0
176
     1
 40
1.0
176
     1
 40
1.0
176
     1
  0
VISUALSTYLE
  5
173
102
{ACAD_REACTORS
330
99
102
}
330
99
100
AcDbVisualStyle
  2
JitterOff
 70
    20
177
     3
291
     1
 70
    58
 90
        2
176
     0
 90
        2
176
     0
 90
        0
176
     0
 90
        0
176
     0
 40
0.6
176
     0
 40
30.0
176
     0
 62
     7
420
 16777215
176
     0
 90
        1
176
     0
 90
        4
176
     0
 62
     7
176
     0
 62
   257
176
     0
 90
        1
176
     0
 90
        1
176
     0
 40
1.0
176
     0
 90
       10
176
     2
 62
     7
176
     0
 40
1.0
176
     0
 90
        1
176
     0
 90
        6
176
     0
 90
        2
176
     0
 62
     7
176
     0
 90
        5
176
     0
 90
        0
176
     0
 90
        0
176
     0
290
     0
176
     0
 90
        1
176
     0
 40
0.0
176
     0
 90
        0
176
     0
290
     0
176
     1
290
     1
176
     1
290
     1
176
     1
290
     0
176
     1
290
     0
176
     1
290
     0
176
     1
290
     0
176
     1
290
     0
176
     1
290
     0
176
     1
 90
       50
176
     1
 40
0.0
176
     1
 40
1.0
176
     1
 90
        0
176
     1
 62
    18
420
        0
176
     1
 90
       50
176
     1
 90
        3
176
     1
 62
     5
420
      255
176
     1
290
     0
176
     1
 90
       50
176
     1
 90
       50
176
     1
 90
       50
176
     1
290
     0
176
     1
 90
       50
176
     1
 62
   256
176
     0
 40
1.0
176
     0
 90
        2
176
     1
  1
strokes_ogs.tif
176
     1
290
     0
176
     1
 40
1.0
176
     1
 40
1.0
176
     1
  0
VISUALSTYLE
  5
A7
102
{ACAD_REACTORS
330
99
102
}
330
99
100
AcDbVisualStyle
  2
Linepattern
 70
    14
177
     3
291
     1
 70
    58
 90
        2
176
     1
 90
        2
176
     1
 90
        1
176
     1
 90
        0
176
     1
 40
0.6
176
     1
 40
30.0
176
     1
 62
     7
420
 16777215
176
     1
 90
        1
176
     1
 90
        4
176
     1
 62
     7
176
     1
 62
   257
176
     1
 90
        7
176
     1
 90
        7
176
     1
 40
1.0
176
     1
 90
        8
176
     1
 62
     7
176
     1
 40
1.0
176
     1
 90
        1
176
     1
 90
        6
176
     1
 90
        2
176
     1
 62
     7
176
     1
 90
        5
176
     1
 90
        0
176
     1
 90
        0
176
     1
290
     0
176
     1
 90
        1
176
     1
 40
0.0
176
     1
 90
        0
176
     1
290
     0
176
     1
290
     1
176
     1
290
     1
176
     1
290
     0
176
     1
290
     0
176
     1
290
     0
176
     1
290
     0
176
     1
290
     0
176
     1
290
     0
176
     1
 90
       50
176
     1
 40
0.0
176
     1
 40
1.0
176
     1
 90
        0
176
     1
 62
    18
420
        0
176
     1
 90
       50
176
     1
 90
        3
176
     1
 62
     5
420
      255
176
     1
290
     0
176
     1
 90
       50
176
     1
 90
       50
176
     1
 90
       50
176
     1
290
     0
176
     1
 90
       50
176
     1
 62
   256
176
     0
 40
1.0
176
     0
 90
        2
176
     1
  1
strokes_ogs.tif
176
     1
290
     0
176
     1
 40
1.0
176
     1
 40
1.0
176
     1
  0
VISUALSTYLE
  5
174
102
{ACAD_REACTORS
330
99
102
}
330
99
100
AcDbVisualStyle
  2
OverhangOff
 70
    21
177
     3
291
     1
 70
    58
 90
        2
176
     0
 90
        2
176
     0
 90
        0
176
     0
 90
        0
176
     0
 40
0.6
176
     0
 40
30.0
176
     0
 62
     7
420
 16777215
176
     0
 90
        1
176
     0
 90
        4
176
     0
 62
     7
176
     0
 62
   257
176
     0
 90
        1
176
     0
 90
        1
176
     0
 40
1.0
176
     0
 90
        9
176
     2
 62
     7
176
     0
 40
1.0
176
     0
 90
        1
176
     0
 90
        6
176
     0
 90
        2
176
     0
 62
     7
176
     0
 90
        5
176
     0
 90
        0
176
     0
 90
        0
176
     0
290
     0
176
     0
 90
        1
176
     0
 40
0.0
176
     0
 90
        0
176
     0
290
     0
176
     1
290
     1
176
     1
290
     1
176
     1
290
     0
176
     1
290
     0
176
     1
290
     0
176
     1
290
     0
176
     1
290
     0
176
     1
290
     0
176
     1
 90
       50
176
     1
 40
0.0
176
     1
 40
1.0
176
     1
 90
        0
176
     1
 62
    18
420
        0
176
     1
 90
       50
176
     1
 90
        3
176
     1
 62
     5
420
      255
176
     1
290
     0
176
     1
 90
       50
176
     1
 90
       50
176
     1
 90
       50
176
     1
290
     0
176
     1
 90
       50
176
     1
 62
   256
176
     0
 40
1.0
176
     0
 90
        2
176
     1
  1
strokes_ogs.tif
176
     1
290
     0
176
     1
 40
1.0
176
     1
 40
1.0
176
     1
  0
VISUALSTYLE
  5
A3
102
{ACAD_REACTORS
330
99
102
}
330
99
100
AcDbVisualStyle
  2
Realistic
 70
     8
177
     3
291
     0
 70
    58
 90
        2
176
     1
 90
        3
176
     1
 90
        0
176
     1
 90
        2
176
     1
 40
0.6
176
     1
 40
30.0
176
     1
 62
     7
420
 16777215
176
     1
 90
        0
176
     1
 90
        0
176
     1
 62
     7
176
     1
 62
   257
176
     1
 90
        1
176
     1
 90
        1
176
     1
 40
1.0
176
     1
 90
        8
176
     1
 62
   257
176
     1
 40
1.0
176
     1
 90
        1
176
     1
 90
        6
176
     1
 90
        2
176
     1
 62
     7
176
     1
 90
        3
176
     1
 90
        0
176
     1
 90
        0
176
     1
290
     0
176
     1
 90
       13
176
     1
 40
0.0
176
     1
 90
        0
176
     1
290
     0
176
     1
290
     1
176
     1
290
     1
176
     1
290
     0
176
     1
290
     0
176
     1
290
     0
176
     1
290
     0
176
     1
290
     0
176
     1
290
     0
176
     1
 90
       50
176
     1
 40
0.0
176
     1
 40
1.0
176
     1
 90
        0
176
     1
 62
    18
420
        0
176
     1
 90
       50
176
     1
 90
        3
176
     1
 62
     5
420
      255
176
     1
290
     0
176
     1
 90
       50
176
     1
 90
       50
176
     1
 90
       50
176
     1
290
     0
176
     1
 90
       50
176
     1
 62
   256
176
     0
 40
1.0
176
     0
 90
        2
176
     1
  1
strokes_ogs.tif
176
     1
290
     0
176
     1
 40
1.0
176
     1
 40
1.0
176
     1
  0
VISUALSTYLE
  5
182
102
{ACAD_REACTORS
330
99
102
}
330
99
100
AcDbVisualStyle
  2
Shaded
 70
    27
177
     3
291
     0
 70
    58
 90
        2
176
     1
 90
        2
176
     1
 90
        1
176
     1
 90
        2
176
     1
 40
0.6
176
     1
 40
30.0
176
     1
 62
     7
420
 16777215
176
     1
 90
        0
176
     1
 90
        4
176
     1
 62
     7
176
     1
 62
   257
176
     1
 90
        1
176
     1
 90
        1
176
     1
 40
1.0
176
     1
 90
        8
176
     1
 62
   257
176
     1
 40
1.0
176
     1
 90
        1
176
     1
 90
        6
176
     1
 90
        2
176
     1
 62
     8
420
  7895160
176
     1
 90
        3
176
     1
 90
        0
176
     1
 90
        0
176
     1
290
     0
176
     1
 90
        5
176
     1
 40
0.0
176
     1
 90
        0
176
     1
290
     0
176
     1
290
     1
176
     1
290
     1
176
     1
290
     0
176
     1
290
     0
176
     1
290
     0
176
     1
290
     0
176
     1
290
     0
176
     1
290
     0
176
     1
 90
       50
176
     1
 40
0.0
176
     1
 40
1.0
176
     1
 90
        0
176
     1
 62
    18
420
        0
176
     1
 90
       50
176
     1
 90
        3
176
     1
 62
     5
420
      255
176
     1
290
     0
176
     1
 90
       50
176
     1
 90
       50
176
     1
 90
       50
176
     1
290
     0
176
     1
 90
       50
176
     1
 62
   256
176
     0
 40
1.0
176
     0
 90
        2
176
     1
  1
strokes_ogs.tif
176
     1
290
     0
176
     1
 40
1.0
176
     1
 40
1.0
176
     1
  0
VISUALSTYLE
  5
181
102
{ACAD_REACTORS
330
99
102
}
330
99
100
AcDbVisualStyle
  2
Shaded with edges
 70
    26
177
     3
291
     0
 70
    58
 90
        2
176
     1
 90
        2
176
     1
 90
        1
176
     1
 90
        2
176
     1
 40
0.6
176
     1
 40
30.0
176
     1
 62
     7
420
 16777215
176
     1
 90
        1
176
     1
 90
        2
176
     1
 62
     7
176
     1
 62
   257
176
     1
 90
        2
176
     1
 90
        1
176
     1
 40
1.0
176
     1
 90
        8
176
     1
 62
   257
176
     1
 40
1.0
176
     1
 90
        1
176
     1
 90
        6
176
     1
 90
        2
176
     1
 62
     7
176
     1
 90
        3
176
     1
 90
        0
176
     1
 90
        0
176
     1
290
     0
176
     1
 90
        5
176
     1
 40
0.0
176
     1
 90
        0
176
     1
290
     0
176
     1
290
     1
176
     1
290
     1
176
     1
290
     0
176
     1
290
     0
176
     1
290
     0
176
     1
290
     0
176
     1
290
     0
176
     1
290
     0
176
     1
 90
       50
176
     1
 40
0.0
176
     1
 40
1.0
176
     1
 90
        0
176
     1
 62
    18
420
        0
176
     1
 90
       50
176
     1
 90
        3
176
     1
 62
     5
420
      255
176
     1
290
     0
176
     1
 90
       50
176
     1
 90
       50
176
     1
 90
       50
176
     1
290
     0
176
     1
 90
       50
176
     1
 62
   256
176
     0
 40
1.0
176
     0
 90
        2
176
     1
  1
strokes_ogs.tif
176
     1
290
     0
176
     1
 40
1.0
176
     1
 40
1.0
176
     1
  0
VISUALSTYLE
  5
17E
102
{ACAD_REACTORS
330
99
102
}
330
99
100
AcDbVisualStyle
  2
Shades of Gray
 70
    23
177
     3
291
     0
 70
    58
 90
        2
176
     1
 90
        2
176
     1
 90
        3
176
     1
 90
        0
176
     1
 40
0.6
176
     1
 40
30.0
176
     1
 62
     7
420
 16777215
176
     1
 90
        2
176
     1
 90
        2
176
     1
 62
     7
176
     1
 62
     7
176
     1
 90
        1
176
     1
 90
        1
176
     1
 40
40.0
176
     1
 90
        8
176
     1
 62
     7
176
     1
 40
1.0
176
     1
 90
        1
176
     1
 90
        6
176
     1
 90
        2
176
     1
 62
     7
176
     1
 90
        3
176
     1
 90
        0
176
     1
 90
        0
176
     1
290
     0
176
     1
 90
        1
176
     1
 40
0.0
176
     1
 90
        0
176
     1
290
     0
176
     1
290
     1
176
     1
290
     1
176
     1
290
     0
176
     1
290
     0
176
     1
290
     0
176
     1
290
     0
176
     1
290
     0
176
     1
290
     0
176
     1
 90
       50
176
     1
 40
0.0
176
     1
 40
1.0
176
     1
 90
        0
176
     1
 62
    18
420
        0
176
     1
 90
       50
176
     1
 90
        3
176
     1
 62
     5
420
      255
176
     1
290
     0
176
     1
 90
       50
176
     1
 90
       50
176
     1
 90
       50
176
     1
290
     0
176
     1
 90
       50
176
     1
 62
   256
176
     0
 40
1.0
176
     0
 90
        2
176
     1
  1
strokes_ogs.tif
176
     1
290
     0
176
     1
 40
1.0
176
     1
 40
1.0
176
     1
  0
VISUALSTYLE
  5
17F
102
{ACAD_REACTORS
330
99
102
}
330
99
100
AcDbVisualStyle
  2
Sketchy
 70
    24
177
     3
291
     0
 70
    58
 90
        1
176
     1
 90
        2
176
     1
 90
        2
176
     1
 90
        0
176
     1
 40
0.6
176
     1
 40
30.0
176
     1
 62
     7
420
 16777215
176
     1
 90
        2
176
     1
 90
        2
176
     1
 62
     7
176
     1
 62
     7
176
     1
 90
        1
176
     1
 90
        1
176
     1
 40
40.0
176
     1
 90
       11
176
     1
 62
     7
176
     1
 40
1.0
176
     1
 90
        1
176
     1
 90
        6
176
     1
 90
        2
176
     1
 62
     7
176
     1
 90
        6
176
     1
 90
        0
176
     1
 90
        0
176
     1
290
     0
176
     1
 90
        1
176
     1
 40
0.0
176
     1
 90
        0
176
     1
290
     0
176
     1
290
     1
176
     1
290
     1
176
     1
290
     0
176
     1
290
     0
176
     1
290
     0
176
     1
290
     0
176
     1
290
     0
176
     1
290
     0
176
     1
 90
       50
176
     1
 40
0.0
176
     1
 40
1.0
176
     1
 90
        0
176
     1
 62
    18
420
        0
176
     1
 90
       50
176
     1
 90
        3
176
     1
 62
     5
420
      255
176
     1
290
     0
176
     1
 90
       50
176
     1
 90
       50
176
     1
 90
       50
176
     1
290
     0
176
     1
 90
       50
176
     1
 62
   256
176
     0
 40
1.0
176
     0
 90
        2
176
     1
  1
strokes_ogs.tif
176
     1
290
     0
176
     1
 40
1.0
176
     1
 40
1.0
176
     1
  0
VISUALSTYLE
  5
A6
102
{ACAD_REACTORS
330
99
102
}
330
99
100
AcDbVisualStyle
  2
Thicken
 70
    13
177
     3
291
     1
 70
    58
 90
        2
176
     1
 90
        2
176
     1
 90
        1
176
     1
 90
        0
176
     1
 40
0.6
176
     1
 40
30.0
176
     1
 62
     7
420
 16777215
176
     1
 90
        1
176
     1
 90
        4
176
     1
 62
     7
176
     1
 62
   257
176
     1
 90
        1
176
     1
 90
        1
176
     1
 40
1.0
176
     1
 90
       12
176
     1
 62
     7
176
     1
 40
1.0
176
     1
 90
        1
176
     1
 90
        6
176
     1
 90
        2
176
     1
 62
     7
176
     1
 90
        5
176
     1
 90
        0
176
     1
 90
        0
176
     1
290
     0
176
     1
 90
        1
176
     1
 40
0.0
176
     1
 90
        0
176
     1
290
     0
176
     1
290
     1
176
     1
290
     1
176
     1
290
     0
176
     1
290
     0
176
     1
290
     0
176
     1
290
     0
176
     1
290
     0
176
     1
290
     0
176
     1
 90
       50
176
     1
 40
0.0
176
     1
 40
1.0
176
     1
 90
        0
176
     1
 62
    18
420
        0
176
     1
 90
       50
176
     1
 90
        3
176
     1
 62
     5
420
      255
176
     1
290
     0
176
     1
 90
       50
176
     1
 90
       50
176
     1
 90
       50
176
     1
290
     0
176
     1
 90
       50
176
     1
 62
   256
176
     0
 40
1.0
176
     0
 90
        2
176
     1
  1
strokes_ogs.tif
176
     1
290
     0
176
     1
 40
1.0
176
     1
 40
1.0
176
     1
  0
VISUALSTYLE
  5
A0
102
{ACAD_REACTORS
330
99
102
}
330
99
100
AcDbVisualStyle
  2
Wireframe
 70
     5
177
     3
291
     0
 70
    58
 90
        0
176
     1
 90
        2
176
     1
 90
        0
176
     1
 90
        0
176
     1
 40
0.6
176
     1
 40
30.0
176
     1
 62
     7
420
 16777215
176
     1
 90
        1
176
     1
 90
        4
176
     1
 62
     7
176
     1
 62
   257
176
     1
 90
        1
176
     1
 90
        1
176
     1
 40
1.0
176
     1
 90
        0
176
     1
 62
   257
176
     1
 40
1.0
176
     1
 90
        1
176
     1
 90
        6
176
     1
 90
        2
176
     1
 62
     7
176
     1
 90
        3
176
     1
 90
        0
176
     1
 90
        0
176
     1
290
     0
176
     1
 90
        1
176
     1
 40
0.0
176
     1
 90
        0
176
     1
290
     0
176
     1
290
     1
176
     1
290
     1
176
     1
290
     0
176
     1
290
     0
176
     1
290
     0
176
     1
290
     0
176
     1
290
     0
176
     1
290
     0
176
     1
 90
       50
176
     1
 40
0.0
176
     1
 40
1.0
176
     1
 90
        0
176
     1
 62
    18
420
        0
176
     1
 90
       50
176
     1
 90
        3
176
     1
 62
     5
420
      255
176
     1
290
     0
176
     1
 90
       50
176
     1
 90
       50
176
     1
 90
       50
176
     1
290
     0
176
     1
 90
       50
176
     1
 62
   256
176
     0
 40
1.0
176
     0
 90
        2
176
     1
  1
strokes_ogs.tif
176
     1
290
     0
176
     1
 40
1.0
176
     1
 40
1.0
176
     1
  0
VISUALSTYLE
  5
180
102
{ACAD_REACTORS
330
99
102
}
330
99
100
AcDbVisualStyle
  2
X-Ray
 70
    25
177
     3
291
     0
 70
    58
 90
        2
176
     1
 90
        2
176
     1
 90
        1
176
     1
 90
        1
176
     1
 40
0.5
176
     1
 40
30.0
176
     1
 62
     7
420
 16777215
176
     1
 90
        1
176
     1
 90
        0
176
     1
 62
     7
176
     1
 62
   257
176
     1
 90
        1
176
     1
 90
        1
176
     1
 40
1.0
176
     1
 90
        8
176
     1
 62
     7
176
     1
 40
1.0
176
     1
 90
        1
176
     1
 90
        6
176
     1
 90
        2
176
     1
 62
     7
176
     1
 90
        3
176
     1
 90
        0
176
     1
 90
        0
176
     1
290
     0
176
     1
 90
       13
176
     1
 40
0.0
176
     1
 90
        0
176
     1
290
     0
176
     1
290
     1
176
     1
290
     1
176
     1
290
     0
176
     1
290
     0
176
     1
290
     0
176
     1
290
     0
176
     1
290
     0
176
     1
290
     0
176
     1
 90
       50
176
     1
 40
0.0
176
     1
 40
1.0
176
     1
 90
        0
176
     1
 62
    18
420
        0
176
     1
 90
       50
176
     1
 90
        3
176
     1
 62
     5
420
      255
176
     1
290
     0
176
     1
 90
       50
176
     1
 90
       50
176
     1
 90
       50
176
     1
290
     0
176
     1
 90
       50
176
     1
 62
   256
176
     0
 40
1.0
176
     0
 90
        2
176
     1
  1
strokes_ogs.tif
176
     1
290
     0
176
     1
 40
1.0
176
     1
 40
1.0
176
     1
  0
DICTIONARYVAR
  5
2A6
102
{ACAD_REACTORS
330
2A5
102
}
330
2A5
100
DictionaryVariables
280
     0
  1
1:1
  0
DICTIONARYVAR
  5
2A7
102
{ACAD_REACTORS
330
2A5
102
}
330
2A5
100
DictionaryVariables
280
     0
  1
STANDARD
  0
DICTIONARYVAR
  5
2A8
102
{ACAD_REACTORS
330
2A5
102
}
330
2A5
100
DictionaryVariables
280
     0
  1
STANDARD
  0
DICTIONARYVAR
  5
2A9
102
{ACAD_REACTORS
330
2A5
102
}
330
2A5
100
DictionaryVariables
280
     0
  1
Imperial24
  0
DICTIONARYVAR
  5
2AA
102
{ACAD_REACTORS
330
2A5
102
}
330
2A5
100
DictionaryVariables
280
     0
  1
Imperial24
  0
DICTIONARYVAR
  5
2AB
102
{ACAD_REACTORS
330
2A5
102
}
330
2A5
100
DictionaryVariables
280
     0
  1
1
  0
DICTIONARYVAR
  5
2AC
102
{ACAD_REACTORS
330
2A5
102
}
330
2A5
100
DictionaryVariables
280
     0
  1
RGB:242,113,114
  0
DICTIONARYVAR
  5
2AD
102
{ACAD_REACTORS
330
2A5
102
}
330
2A5
100
DictionaryVariables
280
     0
  1
_MB_solid
  0
DICTIONARYVAR
  5
2AE
102
{ACAD_REACTORS
330
2A5
102
}
330
2A5
100
DictionaryVariables
280
     0
  1
ByLayer
  0
DICTIONARYVAR
  5
2AF
102
{ACAD_REACTORS
330
2A5
102
}
330
2A5
100
DictionaryVariables
280
     0
  1
0
  0
DICTIONARYVAR
  5
2B0
102
{ACAD_REACTORS
330
2A5
102
}
330
2A5
100
DictionaryVariables
280
     0
  1
0
  0
DICTIONARYVAR
  5
2B2
102
{ACAD_REACTORS
330
2A5
102
}
330
2A5
100
DictionaryVariables
280
     0
  1
0
  0
DICTIONARY
  5
194
330
22
100
AcDbDictionary
280
     1
281
     1
  0
DICTIONARY
  5
188
330
97
100
AcDbDictionary
280
     1
281
     1
  3
FBXASSET
360
189
  0
DICTIONARY
  5
186
330
96
100
AcDbDictionary
280
     1
281
     1
  3
FBXASSET
360
187
  0
DICTIONARY
  5
110
330
98
100
AcDbDictionary
280
     1
281
     1
  3
BUMPTILE
360
112
  3
DIFFUSETILE
360
111
  3
FBXASSET
360
18A
  3
OPACITYTILE
360
113
  3
REFLECTIONTILE
360
114
  0
DICTIONARY
  5
104
330
87
100
AcDbDictionary
280
     1
281
     1
  3
ACAD_ROUNDTRIP_2008_TABLESTYLE_CELLSTYLEMAP
360
2C5
  0
XRECORD
  5
189
102
{ACAD_REACTORS
330
188
102
}
330
188
100
AcDbXrecord
280
     1
 70
     1
 90
429727718
  1
508B35C9-AEE7-456F-BE74-D52651303AC6
310
504B03040A0000080000B670623B3DEE336E79000000790000001B0000006175746F6465736B2D64657369676E2D7061636B6167652E786D6C3C3F786D6C2076657273696F6E3D22312E302220656E636F64696E673D227574662D3822203F3E3C666F726D6174733E3C666F726D61743E687474703A2F2F736368656D612E
310
6175746F6465736B2E636F6D2F64657369676E2D7061636B6167652F323030393C2F666F726D61743E3C2F666F726D6174733E504B0304140006080800B670623BD486FD9CA0000000F4000000130000005B436F6E74656E745F54797065735D2E786D6C7D8EC10E82300C865F65E91D8A1E8C310C0EEA1BF002731658846E
310
D98AC1B77784ABF1D8FE5FBFBF75BBCE937A534CCEB38643598122B6FEE978D0B0485F9C41B54DDD7D022595594E1A469170414C76A4D9A4D207E29CF43ECE46F218070CC6BECC4078ACAA135ACF422C856C0E68EA1BF5669944DDD7BCDE7B1F8E415D77AECB980613C2E4AC91FC167A2B244592486606FC29C8FD7F045B9A
310
EF7053A7E60B504B0304140006080800B670623B28ED286BEB0000007C01000008000000636F72652E786D6C8D90416EC3201045AF82665B6183218D6D61A254764FD00B204C5C94182C03558F5F9C3852BBEB6A467FFE9B197D71FA9E6FE8CBACC17AD7012D0820E3B41FAD9B3A48F1826B40272956EFE32F1B20A766D3C1
310
268314D3EAD3B24BDABB685CCCAAF3A3D94515828980F42D371D04FD696655A814B3235C8B45E9AB9A4C419F5D8653B2237A1CB163DE672FD6AC209BF3C08E0D1B30EB19C3FC9D72FCC6EB231EFA33EDE96BDD341517E5064B11EDFCBCAF57A3A2194156843498524CAA0FCA5B7268F9E185D42D21A2DCEC7FA0B48CFF8492
310
759155FBBB0F2C80A4F991FB408A72CB22977B50B96EB9C91F504B0304140006080800B670623B55019EA25F0000007C00000007000000636E782E786D6C4DCB3B0E80201045D1AD90E915ED2CF8AC45050C11660C8261F98AB1B07AC9C97D42D718D865D3E909258CFD00CCE24AC6E326A164D74DC0B4128928FF32603847
310
2BA13128B1252AC747C6BAB984FC68F0B87FE8960A5C09FE86CFB69FBA01504B0304140006080800B670623B7BC41AC871010000D40300000C0000006662782F636F72652E786D6CC553ED6E8320147D15C2DF4501B56B6D90A64BBB27D80B50A5CE54C120983EFEAE1F4DD7A56BBA5FF3879273EEE59E7310BE393735EA95
310
ED2AA333CC428A91D2B9292A5D66D8BB63B0C26823B835C67D2BC348CB46657880B1E0A535BE9DA1DC68A7B403549B42CDA0EC3AE530CA6B5864B8CB3F552343E91D5474A7B095F949962A6421D0502778E72C0840D390E18DC5F170E664C205F7BE2A66B62A605A75AC94C522DDEEE3651AEF837817C741F2CE92E02D592D
310
83FD6ECB76EC7595A651C2C9D02CB8AB9A8BBADC2AE954814544691A3016D0E883256BBA58278B17BA5A53CAC9507ED3E4DBE2C9265F691747B3DCA9ADC382819091F8E1162272A8933DE82182932144F88C09DF060D8140C84E1EEA8B8F1340BDCA9DB1093085F157AA97B557309586747CD0EF0B4EA64E983A6E0EAEEFCE
310
889E9EF17847386AA94B30211D2C0FDE0D3AF9A4610EAD5536E8DD1969631B593F67E381C33F5157F17725E5A636F6BF1491F980C8FC7B90E13E8A2F504B0304140006080800B670623B70102A487D0000009D0000000B0000006662782F636E782E786D6C4DCCD10A83201886E15B91FFDC95A5C30335ACCDFB886521330D
310
A76397BF1A1DECE883878F57749FD5A3B74D2F17830472A901D9F088930B8B849267CC01754AA418F3DF0D5018572BE160506249B16C274D761E8BCFBB7A179E27F65CB39A0F14D396184C9921B81F34C3ACA1B4B99ABB6E6F062A25AA5F69DF23ACBE504B0304140006080800B670623B3610CA3329010000120200003100
310
00006662782F42384135303843342D343331462D343546312D424341352D3532343432364645413344462F636F72652E786D6C8D515B6EC32010BC0AE22B55850D0E446E848992B43E412FE000495162B07854397EA176A4F62F3F2C9A9D991D58BEBB8F37F0AD7D30CE76905418026DA553C65E3A98E219B510EC04F7CEC5
310
3F3408EC30EA0E16180A7EF12E4D0B249D8DDAC68C5AA7F4020E21E80881BCE54B0783FCD2E3500D296646B856D320AFC34557A4CAEDCC133C449F0380794839A138B47B86DB2345744D7A44594FD0E1B867883594369BFE63BF7EEF793D0B054FC9A8456E548E63CE46FB674D8A58F068C6477CE9F510B582A2C1F80D1182
310
70F349E816B32D65AFB8DD62CCEB42FF274A937A52948C8DEB66893BCB021484D7734370E5D2E9F608A3EF93F3119479ABA0E50B14B8C298119A43CCC4FCFCECB8A18B6388CEE7EF5D5D4F994BD86CBBA182D76543B9FCAE2FD7B24DF103504B0304140006080800B670623B1B8617914E0100003303000030000000666278
310
2F42384135303843342D343331462D343546312D424341352D3532343432364645413344462F636E782E786D6CD593C16EC32010447F0571AD6CE3D489D20813A9877E410FBD62D82434182CC055F3F75D1292E692438FBD206B7698593D61BEFD1E2DF982108D773D6D6B460938E5B571FB9ECE6957AD29D90A1EBC4F7736
310
4A9C1CA1A759A682EF839FA72269D8C9D92654AD71C72206887E0E0A22CAF926B15E498B01E0AA19451807D01A34B919F16B070157417138917400F2F6FA41FCF0092A45DEE414C19BDC21783E4BD39D891265658C3D8DEA00A3ACE59CBC8678ACB54CB26EEB6BD7839D7E9348BE70AD9C8321B9BCA7F9A4A26C542347DEE0
310
50F09802D22BA6749A800A394DD62899107273365E3C82CFC6A55557BC06C10774B7ABE7AEC3B0F34CF06446280E154026D0542C187BA9DAB6628BF7B6DBB0E5A65B3EB1F58631DE64BBE083F7B65CC218087E22CABB042E51D1F2268F1FE12B3EA24D40D63E9CFE00120194D60B9D5BC67FE6D39CDF37E20AF817881F504B
310
0304140006080800B670623BBFEF2E3B690500003C100000340000006662782F42384135303843342D343331462D343546312D424341352D3532343432364645413344462F6F626A656374732E786D6CAD575D739B3814FD2B0CFB0C98D84E931D4227B6938EA793B6534F3BFB90198F0099B001899144EAECAFDF231018B0
310
D37A3FFC609090EEE7B94757C1FB7D915B2F54C88CB31BDB7727B64559CC938CA53776A576CE956DBD0F03C1B9EA2DB32D460A7A63EB693B0C52C1ABD24C257447AA5C8D66EF177F5832A68CDA569C13296F6C193FD182B8A4523CA1F2D94D88226EBADBBBBEDB2C1C8A4D05299F46424B222853B014F30C52ACC6287F389C
310
D85E1878FA7B18E87FB36AFAF62AAFF667A83F635211161F291B8999FAB3D5DDC5FCDA99CF6653677679E13B8BFBC5CAF1DF4D27CBCBE5F2FAF6EE1A8AA51290642C117467871F101B91C581D77CEA2C36869F3229E68CD1B8F61F1ED6361B89092D294B90C78C4A68EB793D190E7D1D9BDEE7A91E1B95FDE9F3BCEAEFE809
310
6A6D6F9F7D4B79F4275C90E7A04248AA51D5C4C738DAE06F72885AC4796EBE65D22A88A22223B995679120E2D50EB1542F098381188D4EA111AE3DB043FF20AF6F2B4AE3D7D83D65E5AECA730D4D3BAC91BD05FEA992B565D95F549CD6069B90AB2A63EACA38A45E4B6A87D781574F86817E4C2FCCC72690D62E2729520E37
310
9BAF234797BAF6D62B3BFC781FED37BA1E4F2B2F052FA9501A3E80569BB8F6A9A364D4FA67654E6F803383981F82F21591FF84F23D9882BC896C3FDBCF8C162508933B2E0AE4C69DD43F6BD2BE38DDDBF10BF86CB4FA784D37F3AF16075E67EC9030DECA1FC0A55373F5DFF3378C591FA9BDF485C10B0A8C8BA909E5262639
310
A8E72163488806A595734C81CB77D1DE0ED7604A303B76913CEC0272F412782FF88EFF4636D8AA56DF7B322474C4B767303F625997056C7B032C473C592B36CEBD15F3F9FF5233B7ABCDC74D257624A60F8658567497B14CE1EC3C80B76FD02011038F9EE9EB0F2E12387A9C844D3F09855125116D1D731DF8B43D2CF4E0A0
310
79A020C6BE946BCE0B7EA1E1219331CD73C228AF5A2DDD31A4B1DA918CE91350854D40A71723140BFA92E94E62B0626016CEFA5864A50E5977E8753CEDBEE1CBB7F52780D20E17AF0BA0F5F9B02A3AD07DCC732EB6D1EBB661421BE0C39E21BABF0FE16D22EA6929407C8DE596724C88B749B6DB5512BC7B228ADFD7CB7EA6
310
3A22397E690BA8D5D8D4E40CEC8CDA23C2C0B7D5898640101CEC9C6D331CE328CB93CAFBBAC70A642DF70DF95155945B52F08AA973C23469FD69ADEF84F7BB18F983A8F8C90E37F5D35980B2139A1C523540813E824EF83448CF7C72B598CE97D7CEEDDDDD3B6736BFBC771677EF66CE6A7E7139F7A793E9EDF2B2B3A8B624
310
0CDA13AA5F8388264EC4A0129909F3B7F5A16CEDF08128E97D680ACA4B9BE7B7B58BB638F0B00700EF36AE8B32A705658A68F83EE897FC2B41573190D1CCAF0B92D233A47CFEB019D9809933F67DD1A5467F8CF69AD9A5AE859342D45355448C64F968A371DC2D596ADC6E43D93D1B466F877A64E2893E54F23C4B40388995
310
525E5005DA3983ED45412510D3EFCA13737B3863F74BD30F2A12E5B4B5E489A025CE25500DB855B11ACE5BBFA185D35DD48D8DC3CE7DC69F2944DB42AA6F6CF09BCA622ADD08C7A36E7C6AE18000BAB08E040135C2D21C9D75B3A91B77BB746C403F38018DFE6EC939DD92F16B40BC05294B9CDA035AAD6D330AE27FE4786B
310
8E45145EA34A75BE1C263A676A35A8ACC6297337400BF16C54EF515F3F77CB77EB3583889C754FFA29081AA98E2222ADEF05DA3E63D2EDEA8B8756C05A7FB6CABC4A91CBF325398202CC952E70A008A830324BA200D5E5EF8F5F04C75DB4B0EE3340E071C98B823333B83577596BF3849B69F2085AA0FAFA212F26BEFF5877
310
FDE622B28D88A42E49E43326DA82D31E8CB006401E1DA726059ECEC168F97A6599036306A135688F9AD2E61A6EA178F4CD51974A9F2CCB9F36FE5EBD14601068D9C3BF01504B0304140006080000B670623B000000000000000000000000350000006662782F42384135303843342D343331462D343546312D424341352D35
310
32343432364645413344462F76657274696365732E62696E504B0304140006080800B670623BF270F1330600000004000000360000006662782F42384135303843342D343331462D343546312D424341352D3532343432364645413344462F747269616E676C65732E62696E636660600000504B0304140006080000B67062
310
3B000000000000000000000000370000006662782F42384135303843342D343331462D343546312D424341352D3532343432364645413344462F617474726962757465732E62696E504B0304140006080800B670623B08DA0BD19000000041010000360000006662782F42384135303843342D343331462D343546312D4243
310
41352D3532343432364645413344462F6469726563746F72792E786D6C858F410AC3201045AF22B36F53E9A60B35CBEEBAE80D244E44489C6234F4F835464A48035D0DF398FF9F8AF63D0E6CC63039F212F8F9020C7D47C6792B21C5FE7403D62A1188E2E60C98D7234A5830286103A55745067B9D86B8A3CF9C7F90C11DE6
310
07FB144396D7B6A82D282E9A152AD114D5EF2CB866EEE831B8EEA07A7BB5A8D7D61A2BAAEB7FD5F70921FF497D00504B0304140006080800B670623B3B4606F3FE000000A00100003B0000006662782F42384135303843342D343331462D343546312D424341352D3532343432364645413344462F7265736F75726365732F
310
636F72652E786D6C8D504B6E833010BD0A9A6D65B08134808CA354A427E8052C332156828DFCA97AFC9A40A576D7CDCCE87D344F8F9FBEE647F689CE6B6B7A6039850C8DB2A336530F315C4903D94970676DF82583CCC8197B5861107C72362E3BA4AC096842428D1D7107A5F71820538F74F4E0D50D6799CB1892C2DFF345
310
AABB9C306779A2934E701F5C0A906D4FD609C2A1B7D129F4BCD858C163D4E3AED163FAA9AF1A1D88F67CA98E6D35906AA82A52BFB39ABCD5CD915C86331BD86BD3B665CD8BD52C78D0F34F46E550061C419494B6843142CB0F5677F4D0D58717DA7494F26295FF31C565FCA7296A13AA728FBBD93C0896823C09C18BB5AFB4
310
9E65A6BD762BBE01504B010214000A0000080000B670623B3DEE336E79000000790000001B00000000000000000000000000000000006175746F6465736B2D64657369676E2D7061636B6167652E786D6C504B01021400140006080800B670623BD486FD9CA0000000F40000001300000000000000000000000000B2000000
310
5B436F6E74656E745F54797065735D2E786D6C504B01021400140006080800B670623B28ED286BEB0000007C010000080000000000000000000000000083010000636F72652E786D6C504B01021400140006080800B670623B55019EA25F0000007C000000070000000000000000000000000094020000636E782E786D6C50
310
4B01021400140006080800B670623B7BC41AC871010000D40300000C00000000000000000000000000180300006662782F636F72652E786D6C504B01021400140006080800B670623B70102A487D0000009D0000000B00000000000000000000000000B30400006662782F636E782E786D6C504B01021400140006080800B6
310
70623B3610CA3329010000120200003100000000000000000000000000590500006662782F42384135303843342D343331462D343546312D424341352D3532343432364645413344462F636F72652E786D6C504B01021400140006080800B670623B1B8617914E010000330300003000000000000000000000000000D10600
310
006662782F42384135303843342D343331462D343546312D424341352D3532343432364645413344462F636E782E786D6C504B01021400140006080800B670623BBFEF2E3B690500003C10000034000000000000000000000000006D0800006662782F42384135303843342D343331462D343546312D424341352D35323434
310
32364645413344462F6F626A656374732E786D6C504B01021400140006080000B670623B0000000000000000000000003500000000000000000000000000280E00006662782F42384135303843342D343331462D343546312D424341352D3532343432364645413344462F76657274696365732E62696E504B010214001400
310
06080800B670623BF270F133060000000400000036000000000000000000000000007B0E00006662782F42384135303843342D343331462D343546312D424341352D3532343432364645413344462F747269616E676C65732E62696E504B01021400140006080000B670623B00000000000000000000000037000000000000
310
00000000000000D50E00006662782F42384135303843342D343331462D343546312D424341352D3532343432364645413344462F617474726962757465732E62696E504B01021400140006080800B670623B08DA0BD1900000004101000036000000000000000000000000002A0F00006662782F42384135303843342D3433
310
31462D343546312D424341352D3532343432364645413344462F6469726563746F72792E786D6C504B01021400140006080800B670623B3B4606F3FE000000A00100003B000000000000000000000000000E1000006662782F42384135303843342D343331462D343546312D424341352D3532343432364645413344462F72
310
65736F75726365732F636F72652E786D6C504B0506000000000E000E0080040000651100000000
  0
XRECORD
  5
187
102
{ACAD_REACTORS
330
186
102
}
330
186
100
AcDbXrecord
280
     1
 70
     1
 90
429727718
  1
887D55A9-D0DD-414E-B741-A7DCD4DA2B4C
310
504B03040A0000080000B670623B3DEE336E79000000790000001B0000006175746F6465736B2D64657369676E2D7061636B6167652E786D6C3C3F786D6C2076657273696F6E3D22312E302220656E636F64696E673D227574662D3822203F3E3C666F726D6174733E3C666F726D61743E687474703A2F2F736368656D612E
310
6175746F6465736B2E636F6D2F64657369676E2D7061636B6167652F323030393C2F666F726D61743E3C2F666F726D6174733E504B0304140006080800B670623BD486FD9CA0000000F4000000130000005B436F6E74656E745F54797065735D2E786D6C7D8EC10E82300C865F65E91D8A1E8C310C0EEA1BF002731658846E
310
D98AC1B77784ABF1D8FE5FBFBF75BBCE937A534CCEB38643598122B6FEE978D0B0485F9C41B54DDD7D022595594E1A469170414C76A4D9A4D207E29CF43ECE46F218070CC6BECC4078ACAA135ACF422C856C0E68EA1BF5669944DDD7BCDE7B1F8E415D77AECB980613C2E4AC91FC167A2B244592486606FC29C8FD7F045B9A
310
EF7053A7E60B504B0304140006080800B670623BBC1638F5EC0000007C01000008000000636F72652E786D6C8D90416EC3201045AF82665B61836BE2D8C24471DB9CA01740401C94182C03558F5F9C3852BBEB6A467FFE9B197D7EF89E6EE8CB2CC17AD7032D0820E394D7D68D3DA478C67B4007C117EFE32F1B202727D3C3
310
2A83E0E3E2D3BC49CABB685CCCAAF3DA6CA20CC14440EA969B1E82BA98491632C5EC08D76296EA2A4753D06797E194AC468F2356E77DF66CCD02825543D50CACC62D39ED70FDC68EB8FD68F6F8787A6784342D1DDA1D2F5758F068A7E77DB518198D065111D2624A31A93E69DD11D6D5EC85EC3B4278B9DAFF4069D6FF8492
310
75F1B5DADE7D600104CD8FDC0782976B16B9DC83CA75CD4DFC00504B0304140006080800B670623B55019EA25F0000007C00000007000000636E782E786D6C4DCB3B0E80201045D1AD90E915ED2CF8AC45050C11660C8261F98AB1B07AC9C97D42D718D865D3E909258CFD00CCE24AC6E326A164D74DC0B4128928FF326038
310
472BA13128B1252AC747C6BAB984FC68F0B87FE8960A5C09FE86CFB69FBA01504B0304140006080800B670623B3586FFB671010000D40300000C0000006662782F636F72652E786D6CC553ED6E8320147D15C2DF4541A76D6D90A6DDD627D80B50A4CE54C120983EFEAE1F4DD7A55BBA5FF3879273EEE59E7310B6393735EA
310
95ED2AA3731C851423A5A5292A5DE6D8BB63B0C268C39935C67D29C3488B46E578803167A535BE9D2169B453DA01AA4DA16650749D7218C91A1639EEE4876A4428BC838AEE14B6429E44A9C228041AEA38EB9C0501681A32BC313F1ECE8C4C3867DE57C5CC56054CAB8E95B298A7F12E5EEED224C8E87E11242FE936C8DE96
310
AB60BB7F4D295D66D12E5B30323473E6AAE6A24E5A259C2A308F29CD82280A68FC1E256B9AAE93F489AED694323294DF34F9B678B0C957DA3DC7B3DCA9ADC33C022123F1CD2D44E450277AD04338234388F01913BE0D1A0281909D38D4171F27807A259DB1093085F157AA17B557309586747CD0CF0B46A64E983A6E0EAEEF
310
CE881F9EF1FB8E70D44297604238581EBC1B74B249C31C5AAB6CD0BB33D2C636A27ECCC62F0EFF445DC5DF95244D6DEC7F2922F30191F9F720C37DE49F504B0304140006080800B670623B4220A0FF7D0000009D0000000B0000006662782F636E782E786D6C4DCCD10A83201886E15B91FFDCE542CB0335D0EC3E6259C84A
310
C3E9D8E5AF46073BFAE0E1E315DD675BD1DBA5978F41C2FD4600B9F088930F8B849267CC01754AA418F3DF0D50183727E164506249B1EC174D6E1ECB9A0F5D7D785E68DB8151CD286E5A5363CA6B8A39E90D36D40E96B086F55A43A544F52B1D7B86D517504B0304140006080800B670623B2FA3FEDE290100001202000031
310
0000006662782F45374635344235342D363743322D343832342D383044432D4334454645303536354442422F636F72652E786D6C8D515B6EC32010BC0AE22B55850D2E386E848994D7097A0117488A1283C5A3CAF10BB523B57FF961D1ECCCECC0F2ED7DBC816FED8371B687A4C210682B9D32F6D2C314CFA883602BB8772E
310
FEA141608751F7B0C050F08B77695A20E96CD43666D43AA5177008414708E42D5F7A18E4971E876A483133C2B59A06791D2EBA22556E679EE021FA1C00CC43CA09C5717D6274C7286AD7FB06D1AEA1A8C3873DDAD3E3E98859CB0EBB1DAF67A1E02919B5C88DCA71CCD968FFAC49110B1ECDF8882FBD1EA256503418BF2342
310
106E3E08DD60B6A1EC15771B8C795DE8FF4469524F8A92B1F1AD59E2CEB20005E1F5DC105CB9F4797B84D1F7C9F908CABC55D0F2050A5C61CC1AD2F27A26E6E767C7962E8E213A9FBF7775FDCC5CC266DB960A5E970DE5F2BBBE5CCB36C50F504B0304140006080800B670623B1B8617914E01000033030000300000006662
310
782F45374635344235342D363743322D343832342D383044432D4334454645303536354442422F636E782E786D6CD593C16EC32010447F0571AD6CE3D489D20813A9877E410FBD62D82434182CC055F3F75D1292E692438FBD206B7698593D61BEFD1E2DF982108D773D6D6B460938E5B571FB9ECE6957AD29D90A1EBC4F77
310
364A9C1CA1A759A682EF839FA72269D8C9D92654AD71C72206887E0E0A22CAF926B15E498B01E0AA19451807D01A34B919F16B070157417138917400F2F6FA41FCF0092A45DEE414C19BDC21783E4BD39D891265658C3D8DEA00A3ACE59CBC8678ACB54CB26EEB6BD7839D7E9348BE70AD9C8321B9BCA7F9A4A26C542347DE
310
E050F09802D22BA6749A800A394DD62899107273365E3C82CFC6A55557BC06C10774B7ABE7AEC3B0F34CF06446280E154026D0542C187BA9DAB6628BF7B6DBB0E5A65B3EB1F58631DE64BBE083F7B65CC218087E22CABB042E51D1F2268F1FE12B3EA24D40D63E9CFE00120194D60B9D5BC67FE6D39CDF37E20AF817881F50
310
4B0304140006080800B670623B29652116630500003C100000340000006662782F45374635344235342D363743322D343832342D383044432D4334454645303536354442422F6F626A656374732E786D6CAD575D739B3814FD2B0CFB0C989834C90EA1639B24E3E9A6EDD4D3CE3E64C623834CD8006224913AFDF57B040203
310
B65BEF871F0C12D2FD3CF7E8CA7FBFCB33E3957291B2E2D674ED8969D02262715A24B76625B7D6B569BC0F7CCE98EC2D338D82E4F4D654D366E0279C55A59E8AE99654991CCDDECFFF3444440B6A1A514684B83545F44C7362934AB2988A173B2692D8C97667BB76B3702836E1A47C1E092D09A78584A5982F20C5688C7287
310
C389E904BEA3BE07BEFAD7ABA6A75739B53F43FD69212429A20365233153D70BEF2E2E6FAC4BCF9B5ADEBB0BD79ADFCF43CBBD9A4E16EF168B9BD9DD0D140BC921495BC2E9D60C1E101B9E46BED37CEA2CD6861F3329624541A3DA7F7858DBAC25C6B4A4458C3CA654405BCFEBC970E8AAD8F43E4FD558ABEC4F9FE7557F47
310
4F506B7BFBEC5BCA367FC105710E2AB8A00A554D7CB4A30DFE26FBA86D18CBF4B75418399194A72433B274C3097F33032C554B027F2046A1932B842B0FCCC0DDCBEBDB8AD2F835768F59B9ADB24C41D30C6A64AF817F2A456D59FA83F2E3DA60137255A585BCD60EC9B7929AC18DEFD49381AF1ED30BFDB109A4B1CD488294
310
C3CDE6EBC8D185AABD6568061FEE37BB95AAC7E3CA4BCE4ACAA5820FA0D526AE7DAA2869B5EE5999531BE0CC20E6FBA07C41E43FA27CF7A6206F3CDD793B4F6B919C1462CB788EDCD893FA674CDA17AB7B3B7C019F8D561FAEE966FED562DFE98C1D12C6A9FC015C2A35D7FF3D7FC398F591DA4B5FE0BFA2C0189FEA50AE22
310
92817A1ED3020951A03432862970F976B33383259812CC8E5D240BBA801CBCF8CE2BBEE3BF910DB6AAD5F79E05123AE2DB33981FB1ACCB02B69D00CB014FD68AB573A7627EF9BFD4CC2C5C7D58557C4B22FAA88925A4DBB44825CECE3D78FB060D1231F0E885BE7D673C86A3874958F593906B5502D1563157814FDAC3420D
310
F69A070A22EC4B98E23CFF171A1E5311D12C23056555ABA53B8614563B92D17D02AAB009E8F46284624E5F53D5490C560CCCC2591FF1B45421EB0EBD8EA7ED13BE7C5D7E0428CD60FEF60779EB13E6664FF711CB185F6FDED60D139A001FF60CD1FD6D086F1D51474901E26B2CB794A343BC8ED3EDB612E0DD2351FCB65CF4
310
33D511C9E14B5B40ADC6A6263DB0336A8F700DDF56271A024E70B0B3629DE21847591E55DED73D56206AB927E46FAABC5C939C55853C274C93D69FD6FA4E78BF8B11DF898C9ECD60553FAD39283BA6F18984AA23E8884F83F45C5F5F859797B31B2B9C84A1E5B9DE9D35BFF25C6B76152E422F9C5DCC3D847F5801ED09D5AF
310
41441327A25FF15487F9EB725FB666F048A4701E9A827292E6F97569A32DF61DEC01C0BB8DCBBCCC684E0B49147C1FD54BF685A0AB18C868E6973949E819523E3DAC463660E68C7D9F55A9D1EFA3BD7A76A16AE1A810F95CE59B82A4D968A376DC2E8B44BBDD86B27B368CDE0ED548C7137DA860591A83706223A12CA712B4
310
7306DBF39C0A20A6DF95C7FAF670C6EED7A61F946493D1D6926782963813403548A78AE470DEF80D2D9CEAA26E4D1C76F60BFE74219A06527D6B82DF641A51616F703CAAC6A7160E08A00BEB4810A0274592A1B36E3675E36E978A0DE80727A0D6DF2D39A75BD27E0D8837276589537B40ABB56D5A41F48F1C6FCD3188C4EB
310
A6929D2FFB89CE995A4D00AE813BDD032DC48B56BD437DFDDC2DD7AED70C2272D63DE9A72068A45A92F0A4BE17A8A06B9366E16707AD80B1FC649459952097E74BB23805982B55E0401150A165964402AA8BDF9F3E7386BB686EDCA780C0D382E5392BF460A6EFB2C6EA1937D3F809B440D5F5435C4C5CF7A9EEFAF54564BD
310
2182DA24162F98680B4E7930C21A0079709CEAEB99A372305ABE0C0D7D6078105A83F6A0296DAEE1068A47DD1C55A9F4C9B2FC69E3EFD44B81028E963DF81B504B0304140006080000B670623B000000000000000000000000350000006662782F45374635344235342D363743322D343832342D383044432D433445464530
310
3536354442422F76657274696365732E62696E504B0304140006080800B670623BF270F1330600000004000000360000006662782F45374635344235342D363743322D343832342D383044432D4334454645303536354442422F747269616E676C65732E62696E636660600000504B0304140006080000B670623B00000000
310
0000000000000000370000006662782F45374635344235342D363743322D343832342D383044432D4334454645303536354442422F617474726962757465732E62696E504B0304140006080800B670623B08DA0BD19000000041010000360000006662782F45374635344235342D363743322D343832342D383044432D4334
310
454645303536354442422F6469726563746F72792E786D6C858F410AC3201045AF22B36F53E9A60B35CBEEBAE80D244E44489C6234F4F835464A48035D0DF398FF9F8AF63D0E6CC63039F212F8F9020C7D47C6792B21C5FE7403D62A1188E2E60C98D7234A5830286103A55745067B9D86B8A3CF9C7F90C11DE607FB144396
310
D7B6A82D282E9A152AD114D5EF2CB866EEE831B8EEA07A7BB5A8D7D61A2BAAEB7FD5F70921FF497D00504B0304140006080800B670623B6378F24DFF000000A00100003B0000006662782F45374635344235342D363743322D343832342D383044432D4334454645303536354442422F7265736F75726365732F636F72652E
310
786D6C8D504B6E833010BD0A9A6D65B0094E42641C85B639412F6099496225D8C89FAAC7AF09546A77DDCC8CDE47F3F4C4F16B7C149FE88371B603565228D06A37187BED20C50BD9437194C23B177FC9A0B06AC40E6618A4B87A97A615D2CE46B431A3D60DB8822A048C50E8473E3A08FA86A32A558A5911EEE5A4F45D5DB1
310
6465A6B34E8A107D0E502C4FE609D26370C96B0CA25A58295232C3AA3143FE692E063D485EF7F5AEE71BD2D2F39634AFFC44DAF7DD9E9CCE6F9CD25DCBFA762BAAD92C4534E34F46ED51451C40D694B6843142EB0FD61C283F34FC85EE0F948A6A96FF31A569F8A729191B37F51A77B105902C0779125254735F793DCBCC7B
310
EE567E03504B010214000A0000080000B670623B3DEE336E79000000790000001B00000000000000000000000000000000006175746F6465736B2D64657369676E2D7061636B6167652E786D6C504B01021400140006080800B670623BD486FD9CA0000000F40000001300000000000000000000000000B20000005B436F6E
310
74656E745F54797065735D2E786D6C504B01021400140006080800B670623BBC1638F5EC0000007C010000080000000000000000000000000083010000636F72652E786D6C504B01021400140006080800B670623B55019EA25F0000007C000000070000000000000000000000000095020000636E782E786D6C504B010214
310
00140006080800B670623B3586FFB671010000D40300000C00000000000000000000000000190300006662782F636F72652E786D6C504B01021400140006080800B670623B4220A0FF7D0000009D0000000B00000000000000000000000000B40400006662782F636E782E786D6C504B01021400140006080800B670623B2F
310
A3FEDE290100001202000031000000000000000000000000005A0500006662782F45374635344235342D363743322D343832342D383044432D4334454645303536354442422F636F72652E786D6C504B01021400140006080800B670623B1B8617914E010000330300003000000000000000000000000000D2060000666278
310
2F45374635344235342D363743322D343832342D383044432D4334454645303536354442422F636E782E786D6C504B01021400140006080800B670623B29652116630500003C10000034000000000000000000000000006E0800006662782F45374635344235342D363743322D343832342D383044432D4334454645303536
310
354442422F6F626A656374732E786D6C504B01021400140006080000B670623B0000000000000000000000003500000000000000000000000000230E00006662782F45374635344235342D363743322D343832342D383044432D4334454645303536354442422F76657274696365732E62696E504B01021400140006080800
310
B670623BF270F13306000000040000003600000000000000000000000000760E00006662782F45374635344235342D363743322D343832342D383044432D4334454645303536354442422F747269616E676C65732E62696E504B01021400140006080000B670623B0000000000000000000000003700000000000000000000
310
000000D00E00006662782F45374635344235342D363743322D343832342D383044432D4334454645303536354442422F617474726962757465732E62696E504B01021400140006080800B670623B08DA0BD190000000410100003600000000000000000000000000250F00006662782F45374635344235342D363743322D34
310
3832342D383044432D4334454645303536354442422F6469726563746F72792E786D6C504B01021400140006080800B670623B6378F24DFF000000A00100003B00000000000000000000000000091000006662782F45374635344235342D363743322D343832342D383044432D4334454645303536354442422F7265736F75
310
726365732F636F72652E786D6C504B0506000000000E000E0080040000611100000000
  0
XRECORD
  5
112
102
{ACAD_REACTORS
330
110
102
}
330
110
100
AcDbXrecord
280
     1
270
     1
271
     1
  0
XRECORD
  5
111
102
{ACAD_REACTORS
330
110
102
}
330
110
100
AcDbXrecord
280
     1
270
     1
271
     1
  0
XRECORD
  5
18A
102
{ACAD_REACTORS
330
110
102
}
330
110
100
AcDbXrecord
280
     1
 70
     0
 90
1778669749
  1
9BF507EE-FAF7-4A99-A33D-4EE51894BC40
310
504B03040A0000080000B670623B3DEE336E79000000790000001B0000006175746F6465736B2D64657369676E2D7061636B6167652E786D6C3C3F786D6C2076657273696F6E3D22312E302220656E636F64696E673D227574662D3822203F3E3C666F726D6174733E3C666F726D61743E687474703A2F2F736368656D612E
310
6175746F6465736B2E636F6D2F64657369676E2D7061636B6167652F323030393C2F666F726D61743E3C2F666F726D6174733E504B0304140006080800B670623BD486FD9CA0000000F4000000130000005B436F6E74656E745F54797065735D2E786D6C7D8EC10E82300C865F65E91D8A1E8C310C0EEA1BF002731658846E
310
D98AC1B77784ABF1D8FE5FBFBF75BBCE937A534CCEB38643598122B6FEE978D0B0485F9C41B54DDD7D022595594E1A469170414C76A4D9A4D207E29CF43ECE46F218070CC6BECC4078ACAA135ACF422C856C0E68EA1BF5669944DDD7BCDE7B1F8E415D77AECB980613C2E4AC91FC167A2B244592486606FC29C8FD7F045B9A
310
EF7053A7E60B504B0304140006080800B670623BCA089DFFEC0000007C01000008000000636F72652E786D6C8D90416E83301045AF62CDB632D8402020E32882F604BD80653BC44AB011B6AB1EBF262152BBEB6A467FFE9B197D76FA9EEFE84BAFDE38DB03CD08206DA553C64E3DC470C1474027CE56E7C22F1B202B66DDC3
310
260367D3EAE2B24BD2D9A06D48AA754AEFA2F05E0740F29E9A1EBCBCEA59642286E4F0B76C11F226269DD15797E0188D42CF2346A57DE662F40ABCAEC77628C6120F654571D50C04B7F5B9C1E3997CD4F550BE3745C3F20DE62C98F9755FAE5A04AD801784B498524C8A4F5A75E4D055873772EC0861F966FF03C545FD138A
310
C686B2D8DF7D621E384D8F3C069CE55B16A93C824A75CB8DFF00504B0304140006080800B670623B55019EA25F0000007C00000007000000636E782E786D6C4DCB3B0E80201045D1AD90E915ED2CF8AC45050C11660C8261F98AB1B07AC9C97D42D718D865D3E909258CFD00CCE24AC6E326A164D74DC0B4128928FF326038
310
472BA13128B1252AC747C6BAB984FC68F0B87FE8960A5C09FE86CFB69FBA01504B0304140006080800B670623B68FC0B7272010000D40300000C0000006662782F636F72652E786D6CC5535B6E833010BC8AE5DF0A6C1E8124328E22D29EA01770C0A128602363A31CBFCB234A53A555FA553EC09AD9F5CE8C31DB5DDA060D
310
D2F4B556190E7C8A9154852E6B5565D8D993B7C668C799D1DA7E29C3488956667884316795D1AE5BA0422B2B950554E9522EA0E87B69312A1A5864B82F3E642B7CE12C54F467BF13C55954D20F7CA0A18EB3DE1A1080E621E31BF3D3F1C2C88C73E65C5D2E6C5DC2B4FA544B8379921C36797888BC3C8A032F4E73EA6D927D
310
EA1DF6F42D49F2E8350D5346C666CE6CDD5ED515460A2B4BCC434A375E1078347C0FE22D5D6DE3D50B5D6F2965642CBF6B725DF96493AB958DC245EEDCD6631E809089F8E61622B2A81703E8219C913144F84C09DF070D8140C8561C9BAB8F3340832CAC363130A576376A108D933095FA747AD0CF0B46E64E983A6D0EAE1F
310
CE089F9EF1FB8E70D44255604258581E9D1D75B259C3125A278D37D80B52DAB4A279CEC62F0EFF44DDC43F9454E8469BFF5244960322CBEF41C6FBC83F01504B0304140006080800B670623B0F71DDB67E0000009D0000000B0000006662782F636E782E786D6C4DCCD10A83201886E15B91FFDCA54DB73F502386BB8F5816
310
32D3703976F9ABD1C18E3E78F87855FB990379BBFCF2296AE02706C4C5471A7C9C349475A408A4352AA7B4FEDD80C47E761A7606A3A69CCA72D0E0C6BE8475D3E0E3F3409428EA6B27A84079A782899AA2EC1A7AE3ECCC2FD858CB2D544655BFD2B67BD87C01504B0304140006080800B670623BE134B4FB28010000120200
310
00310000006662782F38353834323741342D343835462D343034322D383541392D4331303331363839454531452F636F72652E786D6C8D515B6EC32010BC0AE22B55850D0EA424C24451959EA0172086A42831583CAA1CBF503B52FB971F16CDCECC0EACD8DFC71BF836215AEF7A481A0C817183D7D65D7A98D3197108F652
310
04EFD31F1A044E8DA6871586525C82CFD3020DDE25E352419DD76601558C264130DCCAA58771F832A36A544E8511AFCDA486ABBA988634A55D7852C4144A00300FA927949C71DABD1D28A29C7D208A6987383B6CD13BC16BB2E1DBE3911C453B0BA5C8D9EA456E758963CFD684674DAA588A64C747FC2118958C86B2C3788B
310
0841B8FB247487D98EB257CC77188BB6D2FF89F2A49F1465EBD2BA5BE2CEB2082511EDDC9042FB7CBA3DC298FBE4430275DE2A9AE1054ADC60CC08E3A29D89E5F9C5714317C7987C28DFBBBA9E0A97B0D97643A568EB864AF95D5FA9759BF207504B0304140006080800B670623B1B8617914E010000330300003000000066
310
62782F38353834323741342D343835462D343034322D383541392D4331303331363839454531452F636E782E786D6CD593C16EC32010447F0571AD6CE3D489D20813A9877E410FBD62D82434182CC055F3F75D1292E692438FBD206B7698593D61BEFD1E2DF982108D773D6D6B460938E5B571FB9ECE6957AD29D90A1EBC4F
310
77364A9C1CA1A759A682EF839FA72269D8C9D92654AD71C72206887E0E0A22CAF926B15E498B01E0AA19451807D01A34B919F16B070157417138917400F2F6FA41FCF0092A45DEE414C19BDC21783E4BD39D891265658C3D8DEA00A3ACE59CBC8678ACB54CB26EEB6BD7839D7E9348BE70AD9C8321B9BCA7F9A4A26C542347
310
DEE050F09802D22BA6749A800A394DD62899107273365E3C82CFC6A55557BC06C10774B7ABE7AEC3B0F34CF06446280E154026D0542C187BA9DAB6628BF7B6DBB0E5A65B3EB1F58631DE64BBE083F7B65CC218087E22CABB042E51D1F2268F1FE12B3EA24D40D63E9CFE00120194D60B9D5BC67FE6D39CDF37E20AF817881F
310
504B0304140006080800B670623B5933D422630500003B100000340000006662782F38353834323741342D343835462D343034322D383541392D4331303331363839454531452F6F626A656374732E786D6CAD575B6FA33814FE2B887D0642934E9B156594264D158D3A534DD4D13E548A0C38942D60649B4EBABF7E3F8321
310
40924EF6928780CDF1B97EE762EFF32E4B8D37CA45C2F21BD3B547A641F39045491EDF98A5DC5AD7A6F1D9F73863B243661A39C9E88DA9B64DDF8B392B0BBD15D12D295339D85DDEFE618890E6D434C2940871638AF08566C426A5641115AF764424B1E3EDCE76ED9AB0CF36E6A47819302D08A7B984A6D8CFC1C5A89572FB
310
CB91E9F89EA3BEFB9EFAD754E3D3544E654F5F7E920B49F2F040D880CDD89D2CEE2E2EA7D6E56432B6269F2E5CEB7679BBB0DCABF168FE693E9FCEEEA6102C240727AD09A75BD3BF876F78127A4EFDA9D5582B7E4CA590E5390D2BFB6161A5B3E618D182E611E2985001691DAB47FDA5AB7CD3F93C566B2DB2BB7D9E55DD13
310
1D468DEECDB3AB290BFE8409E21C54704115AA6AFF68436BFC8DF65E0B184BF5B74418199194272435D224E084BF9B3E481589EFF5D828747285706581E9BB7B7E5D5D911ABFC6EE312DB7659A2A689A7E85EC0DF04FA5A8344BFEA2FCB834E8845895492EAFB541F2BDA0A63FF59C6AD3F7D4637CA13FD68E34B629891172
310
98597F1D183A57B9B75A98FE9765B05BAB7C3C2EBCE0ACA05C2AF8005A4DE09AA7F29216EB9E15397500C6F47CBE77CA7778FE2BD277AF0AE2C693DD6437D1522427B9D8329E2136F6A8FA19A3E6C56ADF0E5F50CF06D48734EDCEBF22F69C56D97EC138153F804B85E6FABFC7AFEFB32E523BE1F3BD372418E363EDCA7548
310
52949E8724474014288D94610BB57C1BEC4C7F854A89CA8E5324F55B871CBC78CE1BBEE3BFE68D6A5589EF3C730474506FCFA8FCF0659516D0ED04580EEA6425581B77CAE797FF4BCECC16EB2FEB926F49481F746159D06D922712BD730FDEAE42BD40F42C7AA5EF3F198F60E86110D6DD20645A9480B795CF95E3E3A659A8
310
C55E724F408873315335CFFB8584874484344D494E59D94869DB90C26A5B64F49C802CAC1D3ABE18A098D3B7444D123D8A9E5AE8F5214F0AE5B2B6E9B575DA3E61CBD3EA2B4009FA940524DD1305FB6A1FB294F14DF0BEA90BA109ECE1481FDC3FFAE8D60E75141700BE82725371B4873751B2DD960265F788137FACE6DD40
310
B575E4F0A5C99F46629D92131467A41EE11ABD8D4CCC039CA0AFB37C93A08B232B8F0AEFCA1E0A1015DF13FC83322B362463652ECF71D3A8B1A7D1BE65DE1D62C44F22C317D35F574FEB16153BA2D13E543D10A80E74C4A65E78A6B7CBCBD1D5DD9DB59C2DAFACC96C3AB566E3F1C29ADCDD5DBAD7D3C9ED7C822ED74F80A6
310
41755310DE4443F44A9E68373FADF6596BFA0F440AE7BECE2727AE9F4F2B1B53B1E7E00CF0DD1E5C65454A339A4BA2D0FBA05ED2EF0443458F47BDBFCA484CCFE0F2ED7E3DD0013B679C7B5499467F0ECEEADDB9CA85A34CE44B99053949D2C1416DB85DE4B136BB7165FBAC0B7AB3542BED4F8CA182A549847A1319316519
310
95A83A67147B9E5101C47487F2485F1ECE38FD568F839204296D3479219888530154036E6528FBFBC66F98E0D4107563A2D7D9AFF8D389681A08F58D89F22693900A3B407754734FC51C10C010D6D640809EE4718AC1BA3ED4AEDB53CA37283F68805A7E4B72CEB0A4EDEAD5DD8C14059A76AFAA56BA6901E13F32BC51C720
310
12AF41295B5BF61BAD3195181FB506E6B40F4C10AF5AF40EF9F5B159AE5DD1F43C72D635E94310D45C2D49785C5D0B94D3B54AB3C5A38349C0587D338AB48C11CBF339599C02CCA54A70A008A8D03C0B2201D5F9EFCF8F9CE12A9A19CB0410789EB32C63B95ECCF455D658BFE0621A3DA32C5075FB101723D77DAE867E7D0F
310
D90444509B44E2151B4DC2290B065803200FBAA9BE9D392A0603F2D5C2D00D6302A615680F66D2FA166E2079D4C551A54AB758161FCEFD4E450A14704CECFEDF504B0304140006080000B670623B000000000000000000000000350000006662782F38353834323741342D343835462D343034322D383541392D4331303331
310
363839454531452F76657274696365732E62696E504B0304140006080800B670623BF270F1330600000004000000360000006662782F38353834323741342D343835462D343034322D383541392D4331303331363839454531452F747269616E676C65732E62696E636660600000504B0304140006080000B670623B000000
310
000000000000000000370000006662782F38353834323741342D343835462D343034322D383541392D4331303331363839454531452F617474726962757465732E62696E504B0304140006080800B670623B08DA0BD19000000041010000360000006662782F38353834323741342D343835462D343034322D383541392D43
310
31303331363839454531452F6469726563746F72792E786D6C858F410AC3201045AF22B36F53E9A60B35CBEEBAE80D244E44489C6234F4F835464A48035D0DF398FF9F8AF63D0E6CC63039F212F8F9020C7D47C6792B21C5FE7403D62A1188E2E60C98D7234A5830286103A55745067B9D86B8A3CF9C7F90C11DE607FB1443
310
96D7B6A82D282E9A152AD114D5EF2CB866EEE831B8EEA07A7BB5A8D7D61A2BAAEB7FD5F70921FF497D00504B0304140006080800B670623BD9A3B367FE000000A00100003B0000006662782F38353834323741342D343835462D343034322D383541392D4331303331363839454531452F7265736F75726365732F636F7265
310
2E786D6C8D504B6E833010BD0A9A6D65B01D0201194711694FD00B586642AD043BF2A7EAF16B122AB5BB6E6646EFA3797AE2F8B5DC8A4FF4C1383B002B291468B59B8C9D0748F1420E501CA5F0CEC55F3228AC5A708015062966EFD27D83B4B3116DCCA875136EA00A012314FA968F0182FEC045952AC5AC08D7F2AEF455CD
310
58B232D3592745883E07289E4FD609D26370C96B0CA27AB252A464A64D63A6FCD35C0C7A904D73EE467EE664DCD58CD4ED4849D79C5A723ED1B7A61977AF2D6F45B59AA58866F9C9A83DAA8813484E6947182394BFB3BAA7FBBEDEBFD0434FA9A856F91F53BA4FFF342563E38E6F719FB60092E5200F428A6AED2BAF479979
310
AFDDCA6F504B010214000A0000080000B670623B3DEE336E79000000790000001B00000000000000000000000000000000006175746F6465736B2D64657369676E2D7061636B6167652E786D6C504B01021400140006080800B670623BD486FD9CA0000000F40000001300000000000000000000000000B20000005B436F6E
310
74656E745F54797065735D2E786D6C504B01021400140006080800B670623BCA089DFFEC0000007C010000080000000000000000000000000083010000636F72652E786D6C504B01021400140006080800B670623B55019EA25F0000007C000000070000000000000000000000000095020000636E782E786D6C504B010214
310
00140006080800B670623B68FC0B7272010000D40300000C00000000000000000000000000190300006662782F636F72652E786D6C504B01021400140006080800B670623B0F71DDB67E0000009D0000000B00000000000000000000000000B50400006662782F636E782E786D6C504B01021400140006080800B670623BE1
310
34B4FB280100001202000031000000000000000000000000005C0500006662782F38353834323741342D343835462D343034322D383541392D4331303331363839454531452F636F72652E786D6C504B01021400140006080800B670623B1B8617914E010000330300003000000000000000000000000000D3060000666278
310
2F38353834323741342D343835462D343034322D383541392D4331303331363839454531452F636E782E786D6C504B01021400140006080800B670623B5933D422630500003B10000034000000000000000000000000006F0800006662782F38353834323741342D343835462D343034322D383541392D4331303331363839
310
454531452F6F626A656374732E786D6C504B01021400140006080000B670623B0000000000000000000000003500000000000000000000000000240E00006662782F38353834323741342D343835462D343034322D383541392D4331303331363839454531452F76657274696365732E62696E504B01021400140006080800
310
B670623BF270F13306000000040000003600000000000000000000000000770E00006662782F38353834323741342D343835462D343034322D383541392D4331303331363839454531452F747269616E676C65732E62696E504B01021400140006080000B670623B0000000000000000000000003700000000000000000000
310
000000D10E00006662782F38353834323741342D343835462D343034322D383541392D4331303331363839454531452F617474726962757465732E62696E504B01021400140006080800B670623B08DA0BD190000000410100003600000000000000000000000000260F00006662782F38353834323741342D343835462D34
310
3034322D383541392D4331303331363839454531452F6469726563746F72792E786D6C504B01021400140006080800B670623BD9A3B367FE000000A00100003B000000000000000000000000000A1000006662782F38353834323741342D343835462D343034322D383541392D4331303331363839454531452F7265736F75
310
726365732F636F72652E786D6C504B0506000000000E000E0080040000611100000000
  0
XRECORD
  5
113
102
{ACAD_REACTORS
330
110
102
}
330
110
100
AcDbXrecord
280
     1
270
     1
271
     1
  0
XRECORD
  5
114
102
{ACAD_REACTORS
330
110
102
}
330
110
100
AcDbXrecord
280
     1
270
     1
271
     1
  0
CELLSTYLEMAP
  5
2C5
102
{ACAD_REACTORS
330
104
102
}
330
104
100
AcDbCellStyleMap
 90
        3
300
CELLSTYLE
  1
TABLEFORMAT_BEGIN
 90
        5
170
     1
 91
        0
 92
    32768
 62
   257
 93
        1
300
CONTENTFORMAT
  1
CONTENTFORMAT_BEGIN
 90
        0
 91
        0
 92
      512
 93
        0
300

 40
0.0
140
1.0
 94
        5
 62
     0
340
11
144
0.25
309
CONTENTFORMAT_END
171
     1
301
MARGIN
  1
CELLMARGIN_BEGIN
 40
0.06
 40
0.06
 40
0.06
 40
0.06
 40
0.18
 40
0.18
309
CELLMARGIN_END
 94
        6
 95
        1
302
GRIDFORMAT
  1
GRIDFORMAT_BEGIN
 90
        0
 91
        1
 62
     0
 92
       -2
340
0
 93
        0
 40
0.045
309
GRIDFORMAT_END
 95
        2
302
GRIDFORMAT
  1
GRIDFORMAT_BEGIN
 90
        0
 91
        1
 62
     0
 92
       -2
340
0
 93
        0
 40
0.045
309
GRIDFORMAT_END
 95
        4
302
GRIDFORMAT
  1
GRIDFORMAT_BEGIN
 90
        0
 91
        1
 62
     0
 92
       -2
340
0
 93
        0
 40
0.045
309
GRIDFORMAT_END
 95
        8
302
GRIDFORMAT
  1
GRIDFORMAT_BEGIN
 90
        0
 91
        1
 62
     0
 92
       -2
340
0
 93
        0
 40
0.045
309
GRIDFORMAT_END
 95
       16
302
GRIDFORMAT
  1
GRIDFORMAT_BEGIN
 90
        0
 91
        1
 62
     0
 92
       -2
340
0
 93
        0
 40
0.045
309
GRIDFORMAT_END
 95
       32
302
GRIDFORMAT
  1
GRIDFORMAT_BEGIN
 90
        0
 91
        1
 62
     0
 92
       -2
340
0
 93
        0
 40
0.045
309
GRIDFORMAT_END
309
TABLEFORMAT_END
  1
CELLSTYLE_BEGIN
 90
        1
 91
        1
300
_TITLE
309
CELLSTYLE_END
300
CELLSTYLE
  1
TABLEFORMAT_BEGIN
 90
        5
170
     1
 91
        0
 92
        0
 62
   257
 93
        1
300
CONTENTFORMAT
  1
CONTENTFORMAT_BEGIN
 90
        0
 91
        0
 92
      512
 93
        0
300

 40
0.0
140
1.0
 94
        5
 62
     0
340
11
144
0.18
309
CONTENTFORMAT_END
171
     1
301
MARGIN
  1
CELLMARGIN_BEGIN
 40
0.06
 40
0.06
 40
0.06
 40
0.06
 40
0.18
 40
0.18
309
CELLMARGIN_END
 94
        6
 95
        1
302
GRIDFORMAT
  1
GRIDFORMAT_BEGIN
 90
        0
 91
        1
 62
     0
 92
       -2
340
0
 93
        0
 40
0.045
309
GRIDFORMAT_END
 95
        2
302
GRIDFORMAT
  1
GRIDFORMAT_BEGIN
 90
        0
 91
        1
 62
     0
 92
       -2
340
0
 93
        0
 40
0.045
309
GRIDFORMAT_END
 95
        4
302
GRIDFORMAT
  1
GRIDFORMAT_BEGIN
 90
        0
 91
        1
 62
     0
 92
       -2
340
0
 93
        0
 40
0.045
309
GRIDFORMAT_END
 95
        8
302
GRIDFORMAT
  1
GRIDFORMAT_BEGIN
 90
        0
 91
        1
 62
     0
 92
       -2
340
0
 93
        0
 40
0.045
309
GRIDFORMAT_END
 95
       16
302
GRIDFORMAT
  1
GRIDFORMAT_BEGIN
 90
        0
 91
        1
 62
     0
 92
       -2
340
0
 93
        0
 40
0.045
309
GRIDFORMAT_END
 95
       32
302
GRIDFORMAT
  1
GRIDFORMAT_BEGIN
 90
        0
 91
        1
 62
     0
 92
       -2
340
0
 93
        0
 40
0.045
309
GRIDFORMAT_END
309
TABLEFORMAT_END
  1
CELLSTYLE_BEGIN
 90
        2
 91
        1
300
_HEADER
309
CELLSTYLE_END
300
CELLSTYLE
  1
TABLEFORMAT_BEGIN
 90
        5
170
     1
 91
        0
 92
        0
 62
   257
 93
        1
300
CONTENTFORMAT
  1
CONTENTFORMAT_BEGIN
 90
        0
 91
        0
 92
      512
 93
        0
300

 40
0.0
140
1.0
 94
        2
 62
     0
340
11
144
0.18
309
CONTENTFORMAT_END
171
     1
301
MARGIN
  1
CELLMARGIN_BEGIN
 40
0.06
 40
0.06
 40
0.06
 40
0.06
 40
0.18
 40
0.18
309
CELLMARGIN_END
 94
        6
 95
        1
302
GRIDFORMAT
  1
GRIDFORMAT_BEGIN
 90
        0
 91
        1
 62
     0
 92
       -2
340
0
 93
        0
 40
0.045
309
GRIDFORMAT_END
 95
        2
302
GRIDFORMAT
  1
GRIDFORMAT_BEGIN
 90
        0
 91
        1
 62
     0
 92
       -2
340
0
 93
        0
 40
0.045
309
GRIDFORMAT_END
 95
        4
302
GRIDFORMAT
  1
GRIDFORMAT_BEGIN
 90
        0
 91
        1
 62
     0
 92
       -2
340
0
 93
        0
 40
0.045
309
GRIDFORMAT_END
 95
        8
302
GRIDFORMAT
  1
GRIDFORMAT_BEGIN
 90
        0
 91
        1
 62
     0
 92
       -2
340
0
 93
        0
 40
0.045
309
GRIDFORMAT_END
 95
       16
302
GRIDFORMAT
  1
GRIDFORMAT_BEGIN
 90
        0
 91
        1
 62
     0
 92
       -2
340
0
 93
        0
 40
0.045
309
GRIDFORMAT_END
 95
       32
302
GRIDFORMAT
  1
GRIDFORMAT_BEGIN
 90
        0
 91
        1
 62
     0
 92
       -2
340
0
 93
        0
 40
0.045
309
GRIDFORMAT_END
309
TABLEFORMAT_END
  1
CELLSTYLE_BEGIN
 90
        3
 91
        2
300
_DATA
309
CELLSTYLE_END
  0
ENDSEC
  0
SECTION
  2
ACDSDATA
 70
     2
 71
     8
  0
ACDSSCHEMA
 90
        0
  1
AcDb3DSolid_ASM_Data
  2
AcDbDs::ID
280
    10
 91
        8
  2
ASM_Data
280
    15
 91
        0
101
ACDSRECORD
 95
        0
 90
        2
  2
AcDbDs::TreatedAsObjectData
280
     1
291
     1
101
ACDSRECORD
 95
        0
 90
        3
  2
AcDbDs::Legacy
280
     1
291
     1
101
ACDSRECORD
  1
AcDbDs::ID
 90
        4
  2
AcDs:Indexable
280
     1
291
     1
101
ACDSRECORD
  1
AcDbDs::ID
 90
        5
  2
AcDbDs::HandleAttribute
280
     7
282
     1
  0
ACDSSCHEMA
 90
        1
  1
AcDb_Thumbnail_Schema
  2
AcDbDs::ID
280
    10
 91
        8
  2
Thumbnail_Data
280
    15
 91
        0
101
ACDSRECORD
 95
        1
 90
        2
  2
AcDbDs::TreatedAsObjectData
280
     1
291
     1
101
ACDSRECORD
 95
        1
 90
        3
  2
AcDbDs::Legacy
280
     1
291
     1
101
ACDSRECORD
  1
AcDbDs::ID
 90
        4
  2
AcDs:Indexable
280
     1
291
     1
101
ACDSRECORD
  1
AcDbDs::ID
 90
        5
  2
AcDbDs::HandleAttribute
280
     7
282
     1
  0
ACDSSCHEMA
 90
        2
  1
AcDbDs::TreatedAsObjectDataSchema
  2
AcDbDs::TreatedAsObjectData
280
     1
 91
        0
  0
ACDSSCHEMA
 90
        3
  1
AcDbDs::LegacySchema
  2
AcDbDs::Legacy
280
     1
 91
        0
  0
ACDSSCHEMA
 90
        4
  1
AcDbDs::IndexedPropertySchema
  2
AcDs:Indexable
280
     1
 91
        0
  0
ACDSSCHEMA
 90
        5
  1
AcDbDs::HandleAttributeSchema
  2
AcDbDs::HandleAttribute
280
     7
 91
        1
284
     1
  0
ACDSRECORD
 90
        0
  2
AcDbDs::ID
280
    10
320
276
  2
ASM_Data
280
    15
 94
     2078
310
41534D2042696E61727946696C65341C57000000000000020000000400000007104175746F6465736B204175746F434144071441534D203232382E302E302E3635353335204E540718547565204A756E2020392031333A30353A33342032303236066666666666663940068DEDB5A0F7C6B03E06BBBDD7D9DF7CDB3D0D0961
310
736D6865616465720CFFFFFFFF04FFFFFFFF070D3232382E302E302E3635353335110D04626F64790CFFFFFFFF04FFFFFFFF0CFFFFFFFF0C020000000CFFFFFFFF0CFFFFFFFF110D046C756D700CFFFFFFFF04FFFFFFFF0CFFFFFFFF0CFFFFFFFF0C030000000C01000000110D057368656C6C0CFFFFFFFF04FFFFFFFF0CFF
310
FFFFFF0CFFFFFFFF0CFFFFFFFF0C040000000CFFFFFFFF0C02000000110D04666163650CFFFFFFFF04FFFFFFFF0CFFFFFFFF0CFFFFFFFF0C050000000C030000000CFFFFFFFF0C060000000A0A0B110D046C6F6F700CFFFFFFFF04FFFFFFFF0CFFFFFFFF0CFFFFFFFF0C070000000C04000000110E05706C616E650D077375
310
72666163650CFFFFFFFF04FFFFFFFF0CFFFFFFFF13B1E2B1D6E67AC140FBEB9A2ACB5FF84000000000000000001400000000000000000000000000000000000000000000F03F140000000000000000000000000000F0BF00000000000000000A0B0B0B0B110D06636F656467650CFFFFFFFF04FFFFFFFF0CFFFFFFFF0C0800
310
00000C090000000CFFFFFFFF0C0A0000000B0C0500000004000000000CFFFFFFFF110D06636F656467650CFFFFFFFF04FFFFFFFF0CFFFFFFFF0C0B0000000C070000000CFFFFFFFF0C0C0000000B0C0500000004000000000CFFFFFFFF110D06636F656467650CFFFFFFFF04FFFFFFFF0CFFFFFFFF0C070000000C0D000000
310
0CFFFFFFFF0C0E0000000B0C0500000004000000000CFFFFFFFF110D04656467650CFFFFFFFF04FFFFFFFF0CFFFFFFFF0C0F0000000600000000000000000C10000000068DB99208826C03400C070000000C110000000B0707756E6B6E6F776E110D06636F656467650CFFFFFFFF04FFFFFFFF0CFFFFFFFF0C0D0000000C08
310
0000000CFFFFFFFF0C120000000B0C0500000004000000000CFFFFFFFF110D04656467650CFFFFFFFF04FFFFFFFF0CFFFFFFFF0C1000000006EE05061CF767F7BF0C13000000060706061CF767F73F0C080000000C140000000B0707756E6B6E6F776E110D06636F656467650CFFFFFFFF04FFFFFFFF0CFFFFFFFF0C090000
310
000C0B0000000CFFFFFFFF0C150000000B0C0500000004000000000CFFFFFFFF110D04656467650CFFFFFFFF04FFFFFFFF0CFFFFFFFF0C1600000006D4285FAA4DD2CCBF0C0F00000006E82E5FAA4DD2CC3F0C090000000C170000000B0707756E6B6E6F776E110D067665727465780CFFFFFFFF04FFFFFFFF0CFFFFFFFF0C
310
0A00000004020000000C18000000110D067665727465780CFFFFFFFF04FFFFFFFF0CFFFFFFFF0C0A00000004020000000C19000000110E0873747261696768740D0563757276650CFFFFFFFF04FFFFFFFF0CFFFFFFFF13EB0BC2FF1B7AC1407008F59CC45FF8400000000000000000141FB918FDB554EC3FA3CEDABB9FC1DD
310
3F00000000000000000B0B110D04656467650CFFFFFFFF04FFFFFFFF0CFFFFFFFF0C130000000600000000000000000C1A00000006AB74772D2832C53F0C0B0000000C1B0000000B0707756E6B6E6F776E110D067665727465780CFFFFFFFF04FFFFFFFF0CFFFFFFFF0C1200000004020000000C1C000000110E07656C6C69
310
7073650D0563757276650CFFFFFFFF04FFFFFFFF0CFFFFFFFF1311B800674C7BC140053A365FCE5FF84000000000000000001400000000000000000000000000000000000000000000F0BF14ACF690ABA771DF3F451DD527AF1ED23F000000000000000006000000000000F03F0B0B110D04656467650CFFFFFFFF04FFFFFF
310
FF0CFFFFFFFF0C1A0000000600000000000000000C1600000006BE7EA2C73A9502400C0D0000000C1D0000000B0707756E6B6E6F776E110D067665727465780CFFFFFFFF04FFFFFFFF0CFFFFFFFF0C0E00000004020000000C1E000000110E07656C6C697073650D0563757276650CFFFFFFFF04FFFFFFFF0CFFFFFFFF137B
310
59509B397AC140061426C1BB5FF84000000000000000001400000000000000000000000000000000000000000000F03F14B5B3E2BD1A13BABF6CD9FECD31ECE23F000000000000000006000000000000F03F0B0B110D05706F696E740CFFFFFFFF04FFFFFFFF0CFFFFFFFF13EB0BC2FF1B7AC1407008F59CC45FF840000000
310
0000000000110D05706F696E740CFFFFFFFF04FFFFFFFF0CFFFFFFFF135F4F93252F7BC140A645D2ACD65FF8400000000000000000110D067665727465780CFFFFFFFF04FFFFFFFF0CFFFFFFFF0C1500000004020000000C1F000000110E0873747261696768740D0563757276650CFFFFFFFF04FFFFFFFF0CFFFFFFFF1387
310
B26034777BC1402D1B680BC75FF8400000000000000000149E4ABB59B446E8BF076150C941D9E4BF00000000000000000B0B110D05706F696E740CFFFFFFFF04FFFFFFFF0CFFFFFFFF1387B26034777BC1402D1B680BC75FF8400000000000000000110E0873747261696768740D0563757276650CFFFFFFFF04FFFFFFFF0C
310
FFFFFFFF13F862ED1F677BC1402A018051C55FF840000000000000000014FF8EEC9DFFFFEFBFB49C6B3281CE433F00000000000000000B0B110D05706F696E740CFFFFFFFF04FFFFFFFF0CFFFFFFFF13157844CC3D7AC14075444057C55FF8400000000000000000110D05706F696E740CFFFFFFFF04FFFFFFFF0CFFFFFFFF
310
13F862ED1F677BC1402A018051C55FF8400000000000000000110E03456E640E026F660E0341534D0D0464617461
  0
ACDSRECORD
 90
        0
  2
AcDbDs::ID
280
    10
320
277
  2
ASM_Data
280
    15
 94
     6136
310
41534D2042696E61727946696C65341C57000000000000020000000400000007104175746F6465736B204175746F434144071441534D203232382E302E302E3635353335204E540718547565204A756E2020392031333A30353A33342032303236066666666666663940068DEDB5A0F7C6B03E06BBBDD7D9DF7CDB3D0D0961
310
736D6865616465720CFFFFFFFF04FFFFFFFF070D3232382E302E302E3635353335110D04626F64790CFFFFFFFF04FFFFFFFF0CFFFFFFFF0C020000000CFFFFFFFF0CFFFFFFFF110D046C756D700CFFFFFFFF04FFFFFFFF0CFFFFFFFF0CFFFFFFFF0C030000000C01000000110D057368656C6C0CFFFFFFFF04FFFFFFFF0CFF
310
FFFFFF0CFFFFFFFF0CFFFFFFFF0C040000000CFFFFFFFF0C02000000110D04666163650CFFFFFFFF04FFFFFFFF0CFFFFFFFF0CFFFFFFFF0C050000000C030000000CFFFFFFFF0C060000000A0A0B110D046C6F6F700CFFFFFFFF04FFFFFFFF0CFFFFFFFF0CFFFFFFFF0C070000000C04000000110E05706C616E650D077375
310
72666163650CFFFFFFFF04FFFFFFFF0CFFFFFFFF134E18B5BB227CC1409EB680E3CA5FF84000000000000000001400000000000000000000000000000000000000000000F03F140000000000000000000000000000F0BF00000000000000000A0B0B0B0B110D06636F656467650CFFFFFFFF04FFFFFFFF0CFFFFFFFF0C0800
310
00000C090000000CFFFFFFFF0C0A0000000A0C0500000004000000000CFFFFFFFF110D06636F656467650CFFFFFFFF04FFFFFFFF0CFFFFFFFF0C0B0000000C070000000CFFFFFFFF0C0C0000000A0C0500000004000000000CFFFFFFFF110D06636F656467650CFFFFFFFF04FFFFFFFF0CFFFFFFFF0C070000000C0D000000
310
0CFFFFFFFF0C0E0000000A0C0500000004000000000CFFFFFFFF110D04656467650CFFFFFFFF04FFFFFFFF0CFFFFFFFF0C0F0000000600000000000000000C100000000600102E4652F8C73F0C070000000C110000000B0707756E6B6E6F776E110D06636F656467650CFFFFFFFF04FFFFFFFF0CFFFFFFFF0C120000000C08
310
0000000CFFFFFFFF0C130000000A0C0500000004000000000CFFFFFFFF110D04656467650CFFFFFFFF04FFFFFFFF0CFFFFFFFF0C14000000064DC50704CEE2F0BF0C0F00000006F6C50704CEE2F03F0C080000000C150000000B0707756E6B6E6F776E110D06636F656467650CFFFFFFFF04FFFFFFFF0CFFFFFFFF0C090000
310
000C160000000CFFFFFFFF0C170000000A0C0500000004000000000CFFFFFFFF110D04656467650CFFFFFFFF04FFFFFFFF0CFFFFFFFF0C100000000600000000000000000C1800000006EB8BAC5DE1D2EB3F0C090000000C190000000B0707756E6B6E6F776E110D067665727465780CFFFFFFFF04FFFFFFFF0CFFFFFFFF0C
310
0A00000004020000000C1A000000110D067665727465780CFFFFFFFF04FFFFFFFF0CFFFFFFFF0C0A00000004020000000C1B000000110E0873747261696768740D0563757276650CFFFFFFFF04FFFFFFFF0CFFFFFFFF13BC790F672C7BC14006CCF217B75FF8400000000000000000140000000000000000000000000000F0
310
3F00000000000000000B0B110D06636F656467650CFFFFFFFF04FFFFFFFF0CFFFFFFFF0C1C0000000C0B0000000CFFFFFFFF0C1D0000000A0C0500000004000000000CFFFFFFFF110D04656467650CFFFFFFFF04FFFFFFFF0CFFFFFFFF0C1E0000000600000000000000000C1400000006F18DB089FED4EB3F0C0B0000000C
310
1F0000000B0707756E6B6E6F776E110D067665727465780CFFFFFFFF04FFFFFFFF0CFFFFFFFF0C1300000004020000000C20000000110E07656C6C697073650D0563757276650CFFFFFFFF04FFFFFFFF0CFFFFFFFF135513A900067BC14006CCF217B75FF84000000000000000001400000000000000000000000000000000
310
000000000000F03F143B41243671EDC23F825E3DC1A2B4D0BF000000000000000006000000000000F03F0B0B110D06636F656467650CFFFFFFFF04FFFFFFFF0CFFFFFFFF0C0D0000000C210000000CFFFFFFFF0C220000000A0C0500000004000000000CFFFFFFFF110D04656467650CFFFFFFFF04FFFFFFFF0CFFFFFFFF0C
310
1800000006B6E5E2EB14E3F0BF0C230000000610E6E2EB14E3F03F0C0D0000000C240000000B0707756E6B6E6F776E110D067665727465780CFFFFFFFF04FFFFFFFF0CFFFFFFFF0C0E00000004020000000C25000000110E0873747261696768740D0563757276650CFFFFFFFF04FFFFFFFF0CFFFFFFFF13BC790F672C7BC1
310
40CC14FD16BA5FF8400000000000000000147E030686FF71EB3F6676915F6374E0BF00000000000000000B0B110D05706F696E740CFFFFFFFF04FFFFFFFF0CFFFFFFFF13BC790F672C7BC14006CCF217B75FF8400000000000000000110D05706F696E740CFFFFFFFF04FFFFFFFF0CFFFFFFFF13BC790F672C7BC140CC14FD
310
16BA5FF8400000000000000000110D06636F656467650CFFFFFFFF04FFFFFFFF0CFFFFFFFF0C260000000C120000000CFFFFFFFF0C270000000A0C0500000004000000000CFFFFFFFF110D04656467650CFFFFFFFF04FFFFFFFF0CFFFFFFFF0C280000000600000000000000000C1E00000006AA7142477883CC3F0C120000
310
000C290000000B0707756E6B6E6F776E110D067665727465780CFFFFFFFF04FFFFFFFF0CFFFFFFFF0C1D00000004020000000C2A000000110E0873747261696768740D0563757276650CFFFFFFFF04FFFFFFFF0CFFFFFFFF139C717FC5927AC14008B56921BA5FF8400000000000000000142FEA18599172EB3FA2EB231C70
310
73E0BF00000000000000000B0B110D05706F696E740CFFFFFFFF04FFFFFFFF0CFFFFFFFF13F757EF42F27AC1404298F6F9B25FF8400000000000000000110D06636F656467650CFFFFFFFF04FFFFFFFF0CFFFFFFFF0C160000000C2B0000000CFFFFFFFF0C2C0000000A0C0500000004000000000CFFFFFFFF110D04656467
310
650CFFFFFFFF04FFFFFFFF0CFFFFFFFF0C230000000600000000000000000C2D0000000600D0F3DDFEF7C73F0C160000000C2E0000000B0707756E6B6E6F776E110D067665727465780CFFFFFFFF04FFFFFFFF0CFFFFFFFF0C1700000004020000000C2F000000110E07656C6C697073650D0563757276650CFFFFFFFF04FF
310
FFFFFF0CFFFFFFFF13001F219A9F7BC14041A5910DB75FF84000000000000000001400000000000000000000000000000000000000000000F03F14D8DDB024DDECC23FFC9F24B1CCB4D0BF000000000000000006000000000000F03F0B0B110D05706F696E740CFFFFFFFF04FFFFFFFF0CFFFFFFFF131E7943DB8B7BC14026
310
51ABEFB25FF8400000000000000000110D06636F656467650CFFFFFFFF04FFFFFFFF0CFFFFFFFF0C300000000C1C0000000CFFFFFFFF0C310000000A0C0500000004000000000CFFFFFFFF110D04656467650CFFFFFFFF04FFFFFFFF0CFFFFFFFF0C3200000006C4C2113D3374B1BF0C2800000006D8C5113D3374B13F0C1C
310
0000000C330000000B0707756E6B6E6F776E110D067665727465780CFFFFFFFF04FFFFFFFF0CFFFFFFFF0C2700000004020000000C34000000110E0873747261696768740D0563757276650CFFFFFFFF04FFFFFFFF0CFFFFFFFF132842240E867AC140C1E2BDF0B65FF840000000000000000014D250ED6FCC8ADC3F6F5EE9
310
D839A4EC3F00000000000000000B0B110D05706F696E740CFFFFFFFF04FFFFFFFF0CFFFFFFFF139C717FC5927AC14008B56921BA5FF8400000000000000000110D06636F656467650CFFFFFFFF04FFFFFFFF0CFFFFFFFF0C210000000C350000000CFFFFFFFF0C360000000A0C0500000004000000000CFFFFFFFF110D0465
310
6467650CFFFFFFFF04FFFFFFFF0CFFFFFFFF0C2D0000000600000000000000000C370000000667A33E81493CF43F0C210000000C380000000B0707756E6B6E6F776E110D067665727465780CFFFFFFFF04FFFFFFFF0CFFFFFFFF0C2200000004020000000C39000000110E0873747261696768740D0563757276650CFFFFFF
310
FF04FFFFFFFF0CFFFFFFFF1366858700C67BC14041A5910DB75FF8400000000000000000140000000000000000000000000000F03F00000000000000000B0B110D05706F696E740CFFFFFFFF04FFFFFFFF0CFFFFFFFF1366858700C67BC14041A5910DB75FF8400000000000000000110D06636F656467650CFFFFFFFF04FF
310
FFFFFF0CFFFFFFFF0C3A0000000C260000000CFFFFFFFF0C3B0000000A0C0500000004000000000CFFFFFFFF110D04656467650CFFFFFFFF04FFFFFFFF0CFFFFFFFF0C3C0000000600000000000000000C32000000064B1D3D6CE567D93F0C260000000C3D0000000B0707756E6B6E6F776E110D067665727465780CFFFFFF
310
FF04FFFFFFFF0CFFFFFFFF0C3100000004020000000C3E000000110E07656C6C697073650D0563757276650CFFFFFFFF04FFFFFFFF0CFFFFFFFF1322FF2054927BC140A1D732ED9C5FF84000000000000000001400000000000000000000000000000000000000000000F0BF148CB7F1563F9D01C02469C7D238ABF73F0000
310
00000000000006000000000000F03F0B0B110D05706F696E740CFFFFFFFF04FFFFFFFF0CFFFFFFFF132842240E867AC140C1E2BDF0B65FF8400000000000000000110D06636F656467650CFFFFFFFF04FFFFFFFF0CFFFFFFFF0C2B0000000C3F0000000CFFFFFFFF0C400000000A0C0500000004000000000CFFFFFFFF110D
310
04656467650CFFFFFFFF04FFFFFFFF0CFFFFFFFF0C370000000600000000000000000C410000000680D791B03D37FD3F0C2B0000000C420000000B0707756E6B6E6F776E110D067665727465780CFFFFFFFF04FFFFFFFF0CFFFFFFFF0C2C00000004020000000C43000000110E0873747261696768740D0563757276650CFF
310
FFFFFF04FFFFFFFF0CFFFFFFFF1366858700C67BC140FF80910CBA5FF8400000000000000000140D253745E582ED3FB70CA94ECCBED8BF00000000000000000B0B110D05706F696E740CFFFFFFFF04FFFFFFFF0CFFFFFFFF1366858700C67BC140FF80910CBA5FF8400000000000000000110D06636F656467650CFFFFFFFF
310
04FFFFFFFF0CFFFFFFFF0C440000000C300000000CFFFFFFFF0C450000000A0C0500000004000000000CFFFFFFFF110D04656467650CFFFFFFFF04FFFFFFFF0CFFFFFFFF0C4600000006830A1EC1E71EF9BF0C3C00000006830A1EC1E71EF93F0C300000000C470000000B0707756E6B6E6F776E110D067665727465780CFF
310
FFFFFF04FFFFFFFF0CFFFFFFFF0C3B00000004020000000C48000000110E0873747261696768740D0563757276650CFFFFFFFF04FFFFFFFF0CFFFFFFFF13AAFEAD71397AC1407ACA6327B25FF84000000000000000001408D7C44AFBFFEF3F8FC34B9DB35B61BF00000000000000000B0B110D05706F696E740CFFFFFFFF04
310
FFFFFFFF0CFFFFFFFF13655D71416C7AC1407ECAF123B25FF8400000000000000000110D06636F656467650CFFFFFFFF04FFFFFFFF0CFFFFFFFF0C350000000C490000000CFFFFFFFF0C4A0000000A0C0500000004000000000CFFFFFFFF110D04656467650CFFFFFFFF04FFFFFFFF0CFFFFFFFF0C41000000066748ED5B96
310
21E9BF0C4B000000068C48ED5B9621E93F0C350000000C4C0000000B0707756E6B6E6F776E110D067665727465780CFFFFFFFF04FFFFFFFF0CFFFFFFFF0C3600000004020000000C4D000000110E0873747261696768740D0563757276650CFFFFFFFF04FFFFFFFF0CFFFFFFFF13EC9CCB4B5B7CC140475DA239B25FF84000
310
0000000000000014000000000000F03F4024EC4783490ABD00000000000000000B0B110D05706F696E740CFFFFFFFF04FFFFFFFF0CFFFFFFFF13EC9CCB4B5B7CC140475DA239B25FF8400000000000000000110D06636F656467650CFFFFFFFF04FFFFFFFF0CFFFFFFFF0C4E0000000C3A0000000CFFFFFFFF0C4F0000000A
310
0C0500000004000000000CFFFFFFFF110D04656467650CFFFFFFFF04FFFFFFFF0CFFFFFFFF0C500000000600000000000000000C460000000606F6CE799E6814400C3A0000000C510000000B0707756E6B6E6F776E110D067665727465780CFFFFFFFF04FFFFFFFF0CFFFFFFFF0C4500000004020000000C52000000110E07
310
656C6C697073650D0563757276650CFFFFFFFF04FFFFFFFF0CFFFFFFFF137B59509B397AC140061426C1BB5FF84000000000000000001400000000000000000000000000000000000000000000F03F14C4C593388633E3BFDCAC7FA3BFDD4A3F000000000000000006000000000000F03F0B0B110D05706F696E740CFFFFFF
310
FF04FFFFFFFF0CFFFFFFFF13AAFEAD71397AC1407ACA6327B25FF8400000000000000000110D06636F656467650CFFFFFFFF04FFFFFFFF0CFFFFFFFF0C3F0000000C4E0000000CFFFFFFFF0C530000000A0C0500000004000000000CFFFFFFFF110D04656467650CFFFFFFFF04FFFFFFFF0CFFFFFFFF0C4B00000006000000
310
00000000000C54000000064A52D9224FD112400C3F0000000C550000000B0707756E6B6E6F776E110D067665727465780CFFFFFFFF04FFFFFFFF0CFFFFFFFF0C4000000004020000000C56000000110E07656C6C697073650D0563757276650CFFFFFFFF04FFFFFFFF0CFFFFFFFF137B21B905457DC140132A6F06B75FF840
310
00000000000000001400000000000000000000000000000000000000000000F03F1433D16CCDCE26CB3F670283277A27CBBF000000000000000006000000000000F03F0B0B110D05706F696E740CFFFFFFFF04FFFFFFFF0CFFFFFFFF137B21B905457DC140475DA239B25FF8400000000000000000110D06636F656467650C
310
FFFFFFFF04FFFFFFFF0CFFFFFFFF0C490000000C440000000CFFFFFFFF0C570000000A0C0500000004000000000CFFFFFFFF110D04656467650CFFFFFFFF04FFFFFFFF0CFFFFFFFF0C5800000006413D3991A126E9BF0C5000000006E33D3991A126E93F0C440000000C590000000B0707756E6B6E6F776E110D0676657274
310
65780CFFFFFFFF04FFFFFFFF0CFFFFFFFF0C4F00000004020000000C5A000000110E0873747261696768740D0563757276650CFFFFFFFF04FFFFFFFF0CFFFFFFFF1338E530BBC67CC14035D6474EC55FF840000000000000000014FF8EEC9DFFFFEFBFB38B6B3281CE433F00000000000000000B0B110D05706F696E740CFF
310
FFFFFF04FFFFFFFF0CFFFFFFFF13F37C69A7397AC14030A8E95AC55FF8400000000000000000110D04656467650CFFFFFFFF04FFFFFFFF0CFFFFFFFF0C540000000600000000000000000C5B00000006F1033ED9299CEF3F0C490000000C5C0000000B0707756E6B6E6F776E110D067665727465780CFFFFFFFF04FFFFFFFF
310
0CFFFFFFFF0C4A00000004020000000C5D000000110E0873747261696768740D0563757276650CFFFFFFFF04FFFFFFFF0CFFFFFFFF13E4841F6C6B7DC14093DF5006B75FF8400000000000000000148D6B85360C24113F4C31DAFEFFFFEF3F00000000000000000B0B110D05706F696E740CFFFFFFFF04FFFFFFFF0CFFFFFF
310
FF13E4841F6C6B7DC14093DF5006B75FF8400000000000000000110D04656467650CFFFFFFFF04FFFFFFFF0CFFFFFFFF0C5B0000000600000000000000000C58000000068DC3D889DD160C400C4E0000000C5E0000000B0707756E6B6E6F776E110D067665727465780CFFFFFFFF04FFFFFFFF0CFFFFFFFF0C570000000402
310
0000000C5F000000110E07656C6C697073650D0563757276650CFFFFFFFF04FFFFFFFF0CFFFFFFFF136D5C3DC1C67CC140C493141BCA5FF84000000000000000001400000000000000000000000000000000000000000000F0BF1486F6917FCF26CB3FCA3A62757927CBBF000000000000000006000000000000F03F0B0B11
310
0D05706F696E740CFFFFFFFF04FFFFFFFF0CFFFFFFFF1338E530BBC67CC14035D6474EC55FF8400000000000000000110D067665727465780CFFFFFFFF04FFFFFFFF0CFFFFFFFF0C5300000004020000000C60000000110E0873747261696768740D0563757276650CFFFFFFFF04FFFFFFFF0CFFFFFFFF1397E933766B7DC1
310
4045688D4B0260F840000000000000000014D7EF78B7FFFFEFBF8FD83E2A5A0841BF00000000000000000B0B110D05706F696E740CFFFFFFFF04FFFFFFFF0CFFFFFFFF1397E933766B7DC14045688D4B0260F8400000000000000000110E0873747261696768740D0563757276650CFFFFFFFF04FFFFFFFF0CFFFFFFFF1332
310
A38D05ED7CC1407A0173490260F840000000000000000014A3EAF1A04E6A333FE4C270E8FFFFEFBF00000000000000000B0B110D05706F696E740CFFFFFFFF04FFFFFFFF0CFFFFFFFF13CB6BA327ED7CC1402517B81BCA5FF8400000000000000000110D05706F696E740CFFFFFFFF04FFFFFFFF0CFFFFFFFF1332A38D05ED
310
7CC1407A0173490260F8400000000000000000110E03456E640E026F660E0341534D0D0464617461
  0
ACDSRECORD
 90
        0
  2
AcDbDs::ID
280
    10
320
291
  2
ASM_Data
280
    15
 94
     7848
310
41534D2042696E61727946696C65341C57000000000000020000000400000007104175746F6465736B204175746F434144071441534D203232382E302E302E3635353335204E540718547565204A756E2020392031333A30353A33342032303236066666666666663940068DEDB5A0F7C6B03E06BBBDD7D9DF7CDB3D0D0961
310
736D6865616465720CFFFFFFFF04FFFFFFFF070D3232382E302E302E3635353335110D04626F64790CFFFFFFFF04FFFFFFFF0CFFFFFFFF0C020000000CFFFFFFFF0CFFFFFFFF110D046C756D700CFFFFFFFF04FFFFFFFF0CFFFFFFFF0CFFFFFFFF0C030000000C01000000110D057368656C6C0CFFFFFFFF04FFFFFFFF0CFF
310
FFFFFF0CFFFFFFFF0CFFFFFFFF0C040000000CFFFFFFFF0C02000000110D04666163650CFFFFFFFF04FFFFFFFF0CFFFFFFFF0CFFFFFFFF0C050000000C030000000CFFFFFFFF0C060000000A0A0B110D046C6F6F700CFFFFFFFF04FFFFFFFF0CFFFFFFFF0C070000000C080000000C04000000110E05706C616E650D077375
310
72666163650CFFFFFFFF04FFFFFFFF0CFFFFFFFF13AB3BA2F7E27DC1400664A33D1360F84000000000000000001400000000000000000000000000000000000000000000F03F140000000000000000000000000000F0BF00000000000000000A0B0B0B0B110D046C6F6F700CFFFFFFFF04FFFFFFFF0CFFFFFFFF0CFFFFFFFF
310
0C090000000C04000000110D06636F656467650CFFFFFFFF04FFFFFFFF0CFFFFFFFF0C0A0000000C0B0000000CFFFFFFFF0C0C0000000B0C0500000004000000000CFFFFFFFF110D06636F656467650CFFFFFFFF04FFFFFFFF0CFFFFFFFF0C0D0000000C0E0000000CFFFFFFFF0C0F0000000A0C0700000004000000000CFF
310
FFFFFF110D06636F656467650CFFFFFFFF04FFFFFFFF0CFFFFFFFF0C100000000C080000000CFFFFFFFF0C110000000B0C0500000004000000000CFFFFFFFF110D06636F656467650CFFFFFFFF04FFFFFFFF0CFFFFFFFF0C080000000C120000000CFFFFFFFF0C130000000B0C0500000004000000000CFFFFFFFF110D0465
310
6467650CFFFFFFFF04FFFFFFFF0CFFFFFFFF0C140000000600000000000000000C1500000006A01DA36DBD2708400C080000000C160000000B0707756E6B6E6F776E110D06636F656467650CFFFFFFFF04FFFFFFFF0CFFFFFFFF0C170000000C090000000CFFFFFFFF0C180000000A0C0700000004000000000CFFFFFFFF11
310
0D06636F656467650CFFFFFFFF04FFFFFFFF0CFFFFFFFF0C090000000C190000000CFFFFFFFF0C1A0000000A0C0700000004000000000CFFFFFFFF110D04656467650CFFFFFFFF04FFFFFFFF0CFFFFFFFF0C1B000000067C928057DE9C14C00C1C00000006BA7D8AECB894D8BF0C090000000C1D0000000B0707756E6B6E6F
310
776E110D06636F656467650CFFFFFFFF04FFFFFFFF0CFFFFFFFF0C1E0000000C0A0000000CFFFFFFFF0C1F0000000B0C0500000004000000000CFFFFFFFF110D04656467650CFFFFFFFF04FFFFFFFF0CFFFFFFFF0C1500000006E9D554234E79C1BF0C200000000684D054234E79C13F0C0A0000000C210000000B0707756E
310
6B6E6F776E110D06636F656467650CFFFFFFFF04FFFFFFFF0CFFFFFFFF0C0B0000000C220000000CFFFFFFFF0C230000000B0C0500000004000000000CFFFFFFFF110D04656467650CFFFFFFFF04FFFFFFFF0CFFFFFFFF0C240000000600000000000000000C14000000064A52D9224FD112400C0B0000000C250000000B07
310
07756E6B6E6F776E110D067665727465780CFFFFFFFF04FFFFFFFF0CFFFFFFFF0C0C00000004020000000C26000000110D067665727465780CFFFFFFFF04FFFFFFFF0CFFFFFFFF0C0C00000004020000000C27000000110E0873747261696768740D0563757276650CFFFFFFFF04FFFFFFFF0CFFFFFFFF1397E933766B7DC1
310
402CF74DEA0560F8400000000000000000147EB4C13DA010DFBFA3DF78893FFAEB3F00000000000000000B0B110D06636F656467650CFFFFFFFF04FFFFFFFF0CFFFFFFFF0C280000000C0D0000000CFFFFFFFF0C290000000A0C0700000004000000000CFFFFFFFF110D04656467650CFFFFFFFF04FFFFFFFF0CFFFFFFFF0C
310
2A000000065446ED5B9621E9BF0C1B00000006A236ED5B9621E93F0C0D0000000C2B0000000B0707756E6B6E6F776E110D06636F656467650CFFFFFFFF04FFFFFFFF0CFFFFFFFF0C0E0000000C2C0000000CFFFFFFFF0C2D0000000A0C0700000004000000000CFFFFFFFF110D04656467650CFFFFFFFF04FFFFFFFF0CFFFF
310
FFFF0C1C00000006CC7EA4B7EB2AF9BF0C2E00000006E00CC6C964BBF33F0C0E0000000C2F0000000B0707756E6B6E6F776E110D067665727465780CFFFFFFFF04FFFFFFFF0CFFFFFFFF0C0F00000004020000000C30000000110D067665727465780CFFFFFFFF04FFFFFFFF0CFFFFFFFF0C0F00000004020000000C310000
310
00110E0873747261696768740D0563757276650CFFFFFFFF04FFFFFFFF0CFFFFFFFF1373182A778B7DC1409D07A4180D60F8400000000000000000148230AAFB1724113FBA2FDAFEFFFFEF3F00000000000000000B0B110D06636F656467650CFFFFFFFF04FFFFFFFF0CFFFFFFFF0C320000000C100000000CFFFFFFFF0C33
310
0000000B0C0500000004000000000CFFFFFFFF110D04656467650CFFFFFFFF04FFFFFFFF0CFFFFFFFF0C200000000600000000000000000C340000000680A0B2DE269708400C100000000C350000000B0707756E6B6E6F776E110D067665727465780CFFFFFFFF04FFFFFFFF0CFFFFFFFF0C1F00000004020000000C360000
310
00110E07656C6C697073650D0563757276650CFFFFFFFF04FFFFFFFF0CFFFFFFFF13FE6F5AD2F97CC1401D31DBBD3260F84000000000000000001400000000000000800000000000000000000000000000F0BF14C5AAD7847805E3BF4D76A1084FE7B4BF000000000000000006000000000000F03F0B0B110D06636F656467
310
650CFFFFFFFF04FFFFFFFF0CFFFFFFFF0C120000000C370000000CFFFFFFFF0C380000000B0C0500000004000000000CFFFFFFFF110D04656467650CFFFFFFFF04FFFFFFFF0CFFFFFFFF0C39000000067449ED5B9621E9BF0C24000000068247ED5B9621E93F0C120000000C3A0000000B0707756E6B6E6F776E110D067665
310
727465780CFFFFFFFF04FFFFFFFF0CFFFFFFFF0C1300000004020000000C3B000000110E0873747261696768740D0563757276650CFFFFFFFF04FFFFFFFF0CFFFFFFFF13E5841F6C6B7DC1407A6E11A5BA5FF84000000000000000001425E85A360C24113F4C31DAFEFFFFEF3F00000000000000000B0B110D05706F696E74
310
0CFFFFFFFF04FFFFFFFF0CFFFFFFFF1397E933766B7DC1402CF74DEA0560F8400000000000000000110D05706F696E740CFFFFFFFF04FFFFFFFF0CFFFFFFFF13A737D1DDAF7CC140057C2A273060F8400000000000000000110D06636F656467650CFFFFFFFF04FFFFFFFF0CFFFFFFFF0C3C0000000C170000000CFFFFFFFF
310
0C3D0000000A0C0700000004000000000CFFFFFFFF110D04656467650CFFFFFFFF04FFFFFFFF0CFFFFFFFF0C3E000000068053CA002D7CF0BF0C2A000000060010F26F7BD8E43F0C170000000C3F0000000B0707756E6B6E6F776E110D067665727465780CFFFFFFFF04FFFFFFFF0CFFFFFFFF0C2900000004020000000C40
310
000000110E07656C6C697073650D0563757276650CFFFFFFFF04FFFFFFFF0CFFFFFFFF134EE885D2917DC140FAB82FA5BA5FF84000000000000000001400000000000000800000000000000000000000000000F0BF1427E39D33DF19A2BF35ADAC6F511AA2BF000000000000000006000000000000F03F0B0B110D06636F65
310
6467650CFFFFFFFF04FFFFFFFF0CFFFFFFFF0C190000000C410000000CFFFFFFFF0C420000000A0C0700000004000000000CFFFFFFFF110D04656467650CFFFFFFFF04FFFFFFFF0CFFFFFFFF0C2E0000000612EB2656C737D0BF0C430000000609E92656C737D03F0C190000000C440000000B0707756E6B6E6F776E110D06
310
7665727465780CFFFFFFFF04FFFFFFFF0CFFFFFFFF0C1A00000004020000000C45000000110E0873747261696768740D0563757276650CFFFFFFFF04FFFFFFFF0CFFFFFFFF13F310B8BB297DC140CFF97DF41C60F840000000000000000014BBB4C13DA010DFBF93DF78893FFAEB3F00000000000000000B0B110D05706F69
310
6E740CFFFFFFFF04FFFFFFFF0CFFFFFFFF1367821F6C8B7DC1408FAC2AA5BA5FF8400000000000000000110D05706F696E740CFFFFFFFF04FFFFFFFF0CFFFFFFFF13B36C57768B7DC140B2CC75F30660F8400000000000000000110D06636F656467650CFFFFFFFF04FFFFFFFF0CFFFFFFFF0C460000000C1E0000000CFFFF
310
FFFF0C470000000B0C0500000004000000000CFFFFFFFF110D04656467650CFFFFFFFF04FFFFFFFF0CFFFFFFFF0C3400000006182D4454FB21F9BF0C4800000006182D4454FB21F93F0C1E0000000C490000000B0707756E6B6E6F776E110D067665727465780CFFFFFFFF04FFFFFFFF0CFFFFFFFF0C330000000402000000
310
0C4A000000110E0873747261696768740D0563757276650CFFFFFFFF04FFFFFFFF0CFFFFFFFF1332A38D05AD7CC1401D31DBBD3260F8400000000000000000140000000000000000000000000000F03F00000000000000000B0B110D05706F696E740CFFFFFFFF04FFFFFFFF0CFFFFFFFF1332A38D05AD7CC1401D31DBBD32
310
60F8400000000000000000110D06636F656467650CFFFFFFFF04FFFFFFFF0CFFFFFFFF0C220000000C4B0000000CFFFFFFFF0C4C0000000B0C0500000004000000000CFFFFFFFF110D04656467650CFFFFFFFF04FFFFFFFF0CFFFFFFFF0C4D0000000600000000000000000C3900000006801B845BC99FF93F0C220000000C
310
4E0000000B0707756E6B6E6F776E110D067665727465780CFFFFFFFF04FFFFFFFF0CFFFFFFFF0C2300000004020000000C4F000000110E07656C6C697073650D0563757276650CFFFFFFFF04FFFFFFFF0CFFFFFFFF134EE885D2917DC140FAB82FA5BA5FF84000000000000000001400000000000000800000000000000000
310
000000000000F0BF1413D56CCDCE26CBBFDAFE82277A27CBBF000000000000000006000000000000F03F0B0B110D05706F696E740CFFFFFFFF04FFFFFFFF0CFFFFFFFF13E5841F6C6B7DC1407A6E11A5BA5FF8400000000000000000110D06636F656467650CFFFFFFFF04FFFFFFFF0CFFFFFFFF0C500000000C280000000C
310
FFFFFFFF0C510000000A0C0700000004000000000CFFFFFFFF110D04656467650CFFFFFFFF04FFFFFFFF0CFFFFFFFF0C52000000062C81D500377EF1BF0C3E000000067481D500377EF13F0C280000000C530000000B0707756E6B6E6F776E110D067665727465780CFFFFFFFF04FFFFFFFF0CFFFFFFFF0C3D000000040200
310
00000C54000000110E0873747261696768740D0563757276650CFFFFFFFF04FFFFFFFF0CFFFFFFFF1317A87334E57DC1402DEC62D8B95FF840000000000000000014000000000000F0BFD2AD73B39AC5213D00000000000000000B0B110D05706F696E740CFFFFFFFF04FFFFFFFF0CFFFFFFFF134EE885D2917DC1402DEC62
310
D8B95FF8400000000000000000110D06636F656467650CFFFFFFFF04FFFFFFFF0CFFFFFFFF0C2C0000000C550000000CFFFFFFFF0C560000000A0C0700000004000000000CFFFFFFFF110D04656467650CFFFFFFFF04FFFFFFFF0CFFFFFFFF0C430000000600C6A8924F6FD6BF0C570000000640339F62A12B04400C2C0000
310
000C580000000B0707756E6B6E6F776E110D067665727465780CFFFFFFFF04FFFFFFFF0CFFFFFFFF0C2D00000004020000000C59000000110E07656C6C697073650D0563757276650CFFFFFFFF04FFFFFFFF0CFFFFFFFF1332A38D054D7DC1409A4412F93560F8400000000000000000140000000000000080000000000000
310
0000000000000000F0BF14FE1FFD7762FAEEBF84545ACD7C0BD0BF000000000000000006000000000000F03F0B0B110D05706F696E740CFFFFFFFF04FFFFFFFF0CFFFFFFFF134E7D8F1CDD7CC1402A35EA342E60F8400000000000000000110D06636F656467650CFFFFFFFF04FFFFFFFF0CFFFFFFFF0C4B0000000C320000
310
000CFFFFFFFF0C5A0000000B0C0500000004000000000CFFFFFFFF110D04656467650CFFFFFFFF04FFFFFFFF0CFFFFFFFF0C480000000600000000000000000C5B0000000600000000008020400C320000000C5C0000000B0707756E6B6E6F776E110D067665727465780CFFFFFFFF04FFFFFFFF0CFFFFFFFF0C4700000004
310
020000000C5D000000110E07656C6C697073650D0563757276650CFFFFFFFF04FFFFFFFF0CFFFFFFFF1332A38D058D7DC14083EE28EC6360F84000000000000000001400000000000000000000000000000000000000000000F0BF140000000000000000800000000000FC3F000000000000000006000000000000F03F0B0B
310
110D05706F696E740CFFFFFFFF04FFFFFFFF0CFFFFFFFF1332A38D05AD7CC14083EE28EC6360F8400000000000000000110D06636F656467650CFFFFFFFF04FFFFFFFF0CFFFFFFFF0C370000000C460000000CFFFFFFFF0C5E0000000B0C0500000004000000000CFFFFFFFF110D04656467650CFFFFFFFF04FFFFFFFF0CFF
310
FFFFFF0C5F00000006319F175E2AF5F0BF0C4D00000006159F175E2AF5F03F0C370000000C600000000B0707756E6B6E6F776E110D067665727465780CFFFFFFFF04FFFFFFFF0CFFFFFFFF0C3800000004020000000C61000000110E0873747261696768740D0563757276650CFFFFFFFF04FFFFFFFF0CFFFFFFFF136FC4D0
310
D05E7EC1402DEC62D8B55FF840000000000000000014000000000000F0BF08B0B0FB02061E3D00000000000000000B0B110D05706F696E740CFFFFFFFF04FFFFFFFF0CFFFFFFFF134EE885D2917DC1402DEC62D8B55FF8400000000000000000110D06636F656467650CFFFFFFFF04FFFFFFFF0CFFFFFFFF0C620000000C3C
310
0000000CFFFFFFFF0C630000000A0C0700000004000000000CFFFFFFFF110D04656467650CFFFFFFFF04FFFFFFFF0CFFFFFFFF0C64000000066B3D0338B6EDE2BF0C5200000006B33D0338B6EDE23F0C3C0000000C650000000B0707756E6B6E6F776E110D067665727465780CFFFFFFFF04FFFFFFFF0CFFFFFFFF0C510000
310
0004020000000C66000000110E07656C6C697073650D0563757276650CFFFFFFFF04FFFFFFFF0CFFFFFFFF13F61E2E7DBD7EC14068FD468BC75FF84000000000000000001400000000000000000000000000000000000000000000F0BF144E9C91D1E245DD3F79A42C49CE54EFBF000000000000000006000000000000F03F
310
0B0B110D05706F696E740CFFFFFFFF04FFFFFFFF0CFFFFFFFF1369AEDB15697EC1402DEC62D8B95FF8400000000000000000110D06636F656467650CFFFFFFFF04FFFFFFFF0CFFFFFFFF0C410000000C620000000CFFFFFFFF0C670000000A0C0700000004000000000CFFFFFFFF110D04656467650CFFFFFFFF04FFFFFFFF
310
0CFFFFFFFF0C5700000006182D4454FB21F9BF0C6800000006182D4454FB21F93F0C410000000C690000000B0707756E6B6E6F776E110D067665727465780CFFFFFFFF04FFFFFFFF0CFFFFFFFF0C4200000004020000000C6A000000110E0873747261696768740D0563757276650CFFFFFFFF04FFFFFFFF0CFFFFFFFF1332
310
A38D05CD7CC1404429E6943B60F8400000000000000000140000000000000000000000000000F03F00000000000000000B0B110D05706F696E740CFFFFFFFF04FFFFFFFF0CFFFFFFFF1332A38D05CD7CC1409A4412F93560F8400000000000000000110D04656467650CFFFFFFFF04FFFFFFFF0CFFFFFFFF0C5B0000000600
310
000000000000000C6B00000006B2D24C96D82BF83F0C460000000C6C0000000B0707756E6B6E6F776E110D067665727465780CFFFFFFFF04FFFFFFFF0CFFFFFFFF0C5A00000004020000000C6D000000110E0873747261696768740D0563757276650CFFFFFFFF04FFFFFFFF0CFFFFFFFF1332A38D056D7EC14083EE28EC63
310
60F8400000000000000000140000000000000000000000000000F0BF00000000000000000B0B110D05706F696E740CFFFFFFFF04FFFFFFFF0CFFFFFFFF1332A38D056D7EC14083EE28EC6360F8400000000000000000110D04656467650CFFFFFFFF04FFFFFFFF0CFFFFFFFF0C6B00000006503D0338B6EDE2BF0C5F000000
310
06DB3C0338B6EDE23F0C4B0000000C6E0000000B0707756E6B6E6F776E110D067665727465780CFFFFFFFF04FFFFFFFF0CFFFFFFFF0C4C00000004020000000C6F000000110E07656C6C697073650D0563757276650CFFFFFFFF04FFFFFFFF0CFFFFFFFF13F61E2E7DBD7EC14068FD468BC75FF84000000000000000001400
310
000000000000000000000000000000000000000000F0BF14F4251075904DE33F4BC46FB539FAF2BF000000000000000006000000000000F03F0B0B110D05706F696E740CFFFFFFFF04FFFFFFFF0CFFFFFFFF136FC4D0D05E7EC1402DEC62D8B55FF8400000000000000000110D06636F656467650CFFFFFFFF04FFFFFFFF0C
310
FFFFFFFF0C550000000C500000000CFFFFFFFF0C700000000A0C0700000004000000000CFFFFFFFF110D04656467650CFFFFFFFF04FFFFFFFF0CFFFFFFFF0C7100000006125EC5E0C4FAE13F0C6400000006A222F1970397FE3F0C500000000C720000000B0707756E6B6E6F776E110D067665727465780CFFFFFFFF04FFFF
310
FFFF0CFFFFFFFF0C6300000004020000000C73000000110E07656C6C697073650D0563757276650CFFFFFFFF04FFFFFFFF0CFFFFFFFF136441B4C7E77EC140D97D7F54C75FF84000000000000000001400000000000000000000000000000000000000000000F0BF1468D34A747F72E43FE312FC75E621D93F000000000000
310
000006000000000000F03F0B0B110D05706F696E740CFFFFFFFF04FFFFFFFF0CFFFFFFFF13D17198B3477FC140E17740D8C65FF8400000000000000000110D04656467650CFFFFFFFF04FFFFFFFF0CFFFFFFFF0C6800000006C0CD77C389431AC00C7400000006006A6283A15FF83F0C550000000C750000000B0707756E6B
310
6E6F776E110D067665727465780CFFFFFFFF04FFFFFFFF0CFFFFFFFF0C5600000004020000000C76000000110E07656C6C697073650D0563757276650CFFFFFFFF04FFFFFFFF0CFFFFFFFF1332A38D058D7DC14083EE28EC6360F84000000000000000001400000000000000000000000000000000000000000000F0BF1400
310
00000000000000800000000000F83F000000000000000006000000000000F03F0B0B110D05706F696E740CFFFFFFFF04FFFFFFFF0CFFFFFFFF1332A38D05CD7CC14083EE28EC6360F8400000000000000000110D067665727465780CFFFFFFFF04FFFFFFFF0CFFFFFFFF0C5E00000004020000000C77000000110E08737472
310
61696768740D0563757276650CFFFFFFFF04FFFFFFFF0CFFFFFFFF1332A38D056D7EC14083EE28ECDF5FF840000000000000000014290EE219531CED3FA16FE65C7293DABF00000000000000000B0B110D05706F696E740CFFFFFFFF04FFFFFFFF0CFFFFFFFF1332A38D056D7EC14083EE28ECDF5FF8400000000000000000
310
110E07656C6C697073650D0563757276650CFFFFFFFF04FFFFFFFF0CFFFFFFFF136441B4C7E77EC140D97D7F54C75FF84000000000000000001400000000000000000000000000000000000000000000F0BF14616F0E9B5443EB3F7D0CA84E44C1E03F000000000000000006000000000000F03F0B0B110D05706F696E740C
310
FFFFFFFF04FFFFFFFF0CFFFFFFFF13F581E4AC677FC1408E20D6AEC65FF8400000000000000000110D04656467650CFFFFFFFF04FFFFFFFF0CFFFFFFFF0C7400000006B66BA8480148E2BF0C7100000006D86BA8480148E23F0C620000000C780000000B0707756E6B6E6F776E110D067665727465780CFFFFFFFF04FFFFFF
310
FF0CFFFFFFFF0C7000000004020000000C79000000110E0873747261696768740D0563757276650CFFFFFFFF04FFFFFFFF0CFFFFFFFF1387226905317EC140EFA2F1F2DE5FF8400000000000000000142C0EE219531CED3FA06FE65C7293DABF00000000000000000B0B110D05706F696E740CFFFFFFFF04FFFFFFFF0CFFFF
310
FFFF13BECCDFA40F7FC1408EA71E3FD25FF8400000000000000000110D067665727465780CFFFFFFFF04FFFFFFFF0CFFFFFFFF0C6700000004020000000C7A000000110E0873747261696768740D0563757276650CFFFFFFFF04FFFFFFFF0CFFFFFFFF1332A38D054D7EC140A3E001DEFA5FF8400000000000000000140000
310
000000000000000000000000F0BF00000000000000000B0B110D05706F696E740CFFFFFFFF04FFFFFFFF0CFFFFFFFF1332A38D054D7EC14083EE28EC6360F8400000000000000000110D05706F696E740CFFFFFFFF04FFFFFFFF0CFFFFFFFF1331FB98EE1C7FC140CA0AA9E2D55FF8400000000000000000110E07656C6C69
310
7073650D0563757276650CFFFFFFFF04FFFFFFFF0CFFFFFFFF1332A38D058D7EC140415D607EE25FF84000000000000000001400000000000000000000000000000000000000000000F03F14D6AF5D5525EBDABF90ACDF878E4DD1BF000000000000000006000000000000F03F0B0B110D05706F696E740CFFFFFFFF04FFFF
310
FFFF0CFFFFFFFF134B461B72727EC140C8964B37DB5FF8400000000000000000110D05706F696E740CFFFFFFFF04FFFFFFFF0CFFFFFFFF1332A38D054D7EC140415D607EE25FF8400000000000000000110E03456E640E026F660E0341534D0D0464617461
  0
ACDSRECORD
 90
        1
  2
AcDbDs::ID
280
    10
320
22
  2
Thumbnail_Data
280
    15
 94
     1477
310
89504E470D0A1A0A0000000D4948445200000100000000A00803000000D4C7420E00000300504C5445212830FFFFFF2128300000000000000000000000000000000000000000000000000000330000660000990000CC0000FF0033000033330033660033990033CC0033FF0066000066330066660066990066CC0066FF0099
310
000099330099660099990099CC0099FF00CC0000CC3300CC6600CC9900CCCC00CCFF00FF0000FF3300FF6600FF9900FFCC00FFFF3300003300333300663300993300CC3300FF3333003333333333663333993333CC3333FF3366003366333366663366993366CC3366FF3399003399333399663399993399CC3399FF33CC00
310
33CC3333CC6633CC9933CCCC33CCFF33FF0033FF3333FF6633FF9933FFCC33FFFF6600006600336600666600996600CC6600FF6633006633336633666633996633CC6633FF6666006666336666666666996666CC6666FF6699006699336699666699996699CC6699FF66CC0066CC3366CC6666CC9966CCCC66CCFF66FF0066
310
FF3366FF6666FF9966FFCC66FFFF9900009900339900669900999900CC9900FF9933009933339933669933999933CC9933FF9966009966339966669966999966CC9966FF9999009999339999669999999999CC9999FF99CC0099CC3399CC6699CC9999CCCC99CCFF99FF0099FF3399FF6699FF9999FFCC99FFFFCC0000CC00
310
33CC0066CC0099CC00CCCC00FFCC3300CC3333CC3366CC3399CC33CCCC33FFCC6600CC6633CC6666CC6699CC66CCCC66FFCC9900CC9933CC9966CC9999CC99CCCC99FFCCCC00CCCC33CCCC66CCCC99CCCCCCCCCCFFCCFF00CCFF33CCFF66CCFF99CCFFCCCCFFFFFF0000FF0033FF0066FF0099FF00CCFF00FFFF3300FF3333
310
FF3366FF3399FF33CCFF33FFFF6600FF6633FF6666FF6699FF66CCFF66FFFF9900FF9933FF9966FF9999FF99CCFF99FFFFCC00FFCC33FFCC66FFCC99FFCCCCFFCCFFFFFF00FFFF33FFFF66FFFF99FFFFCCFFFFFF0000000D0D0D1A1A1A2828283535354343435050505D5D5D6B6B6B787878868686939393A1A1A1AEAEAEBB
310
BBBBC9C9C9D6D6D6E4E4E4F1F1F1FFFFFF0000000000000000000000000000000000000000000000000000000000002E4550F1000002804944415478DAED9A597683300C45B503F6BF3DF6F0FE4B183C810153884B7DEF4FD39C138C9E064B0633000000000000000000000000000000000000000080FB51EBF64B8D9BDFB6
310
021A243004683C0510408D06BF335FADBA5E6D4680B37BF9AFB16D7071BDB527C0E27A255FB6228077BDA232D8820051DA4F75CF73380DF4D68FFC0BDFCF1F160D9C107BF6CFE8B5122C06FACA6F61041C29301ADE7FFEA8FF0709B0086051229CBBCE2B15D0E4EFD50474D2FD6936E89DF6AF4342735C947581EF1320EA79
310
62557C7A1429F0BAE2BFE9E320F64B05E84F6D387FA1ECEDD81F57C322010ECAE056C5A936E41FDB7FBB00AED7AADFEE273BFF8D02F49B3D46E8FF2A03B6BCE941A773F8ABAE2BDB05866B2E65C02FE6D7991A8C2F1FB184F96ECEF1275B9BB208F8F4C3A302B1DFDD672D31F84D017CBE5FA8C28502681620DE64C284D3E9
310
E0BB35E8AFD85E2EC0B8DEA7084482274DE51405CF4780175E7EAEBF7699A24C9BA64253B6ABFE52F00753BC7E73B27BBE58C825411FDA5F490099E2327CB5F738294050EC871C506501567B8F5DEFBE4E2937475A34465714C09DE9A42171AD061CFE6C092F59607D6501D66556EA2E4640EE86E313435F6D958C903504D8
310
08DBC1FE2B3910DDF0F611897CE8073D57BD1A901B600B7B0077BF5D973D154A84306D16CDC91F2E589E9E83647B319B5F7C7D02AACC16903B26CBEA1B75E28F8FC23B0A2B2C049923DF28B11588567E3AB83D803EDE02EF2C3044B3E52D4EBEB5A491BDA52AA9EE0B67C9A39E5DC38247C377B84C8533E88302D8B9D7BEE2
310
A76437B526B505B012A3C26CB8EB48C24CADBF7209000000000000000000000000000000000000000000000000000000000000000000000000D01C3FB49B1C485F822D4A0000000049454E44AE426082
  0
ENDSEC
  0
EOF
