[2026-07-03 14:51:46] INFO     logging_config:160 — Quoting Studio — logging initialised (debug=True)
[2026-07-03 14:51:47] INFO     logging_config:160 — Quoting Studio — logging initialised (debug=True)
[2026-07-03 14:52:46] ERROR    v1:138 — export_dxf error window=1: a bytes-like object is required, not 'str'
Traceback (most recent call last):
  File "E:\quoting_studio\app\api\v1.py", line 126, in export_dxf
    dxf    = generate_window_dxf(window, panes)
  File "E:\quoting_studio\app\services\cad_export.py", line 43, in generate_window_dxf
    doc.write(buf)
    ~~~~~~~~~^^^^^
  File "C:\Users\ADMIN\AppData\Local\Python\pythoncore-3.14-64\Lib\site-packages\ezdxf\document.py", line 621, in write
    self.export_sections(tagwriter)
    ~~~~~~~~~~~~~~~~~~~~^^^^^^^^^^^
  File "C:\Users\ADMIN\AppData\Local\Python\pythoncore-3.14-64\Lib\site-packages\ezdxf\document.py", line 635, in export_sections
    self.header.export_dxf(tagwriter)
    ~~~~~~~~~~~~~~~~~~~~~~^^^^^^^^^^^
  File "C:\Users\ADMIN\AppData\Local\Python\pythoncore-3.14-64\Lib\site-packages\ezdxf\sections\header.py", line 260, in export_dxf
    tagwriter.write_str("  0\nSECTION\n  2\nHEADER\n")
    ~~~~~~~~~~~~~~~~~~~^^^^^^^^^^^^^^^^^^^^^^^^^^^^^^^
  File "C:\Users\ADMIN\AppData\Local\Python\pythoncore-3.14-64\Lib\site-packages\ezdxf\lldxf\tagwriter.py", line 80, in write_str
    self._stream.write(s)
    ~~~~~~~~~~~~~~~~~~^^^
TypeError: a bytes-like object is required, not 'str'
[2026-07-03 14:54:07] INFO     v1:67 — save_panes: window=1 cells=2
[2026-07-03 14:54:08] INFO     v1:67 — save_panes: window=1 cells=3
[2026-07-03 14:54:09] INFO     v1:67 — save_panes: window=1 cells=4
[2026-07-03 14:54:28] INFO     v1:67 — save_panes: window=1 cells=1
[2026-07-03 14:54:42] INFO     v1:67 — save_panes: window=1 cells=1
[2026-07-03 14:54:45] INFO     v1:67 — save_panes: window=1 cells=1
[2026-07-03 14:54:47] INFO     v1:67 — save_panes: window=1 cells=1
[2026-07-03 14:54:49] INFO     v1:67 — save_panes: window=1 cells=1
[2026-07-03 14:54:50] INFO     v1:67 — save_panes: window=1 cells=1
[2026-07-03 14:54:52] INFO     v1:67 — save_panes: window=1 cells=3
[2026-07-03 14:54:55] INFO     v1:67 — save_panes: window=1 cells=3
[2026-07-03 14:54:56] INFO     v1:67 — save_panes: window=1 cells=3
[2026-07-03 14:55:05] INFO     projects:158 — Window added: id=2 project=1 label=
[2026-07-03 14:55:49] INFO     auth:130 — Logout: aniket@gmail.com
[2026-07-03 14:55:53] WARNING  auth:36 — Login failed for email: aniket@gmail.com
[2026-07-03 15:00:07] INFO     auth:32 — Login success: aniket@gmail.com (tenant=1)
[2026-07-03 15:03:05] INFO     logging_config:160 — Quoting Studio — logging initialised (debug=True)
[2026-07-03 15:03:40] INFO     logging_config:160 — Quoting Studio — logging initialised (debug=True)
[2026-07-03 15:04:14] INFO     logging_config:160 — Quoting Studio — logging initialised (debug=True)
[2026-07-03 15:05:36] INFO     __init__:86 — 404 Not Found — GET /favicon.ico
[2026-07-03 15:06:06] INFO     v1:67 — save_panes: window=2 cells=1
[2026-07-03 15:06:08] INFO     v1:67 — save_panes: window=2 cells=1
[2026-07-03 15:06:12] INFO     v1:67 — save_panes: window=2 cells=1
[2026-07-03 15:06:12] INFO     v1:197 — save_render: window=2 saved 52709 bytes → E:\quoting_studio\uploads\renders\window-2.png
[2026-07-03 15:06:57] INFO     v1:67 — save_panes: window=1 cells=1
[2026-07-03 15:06:57] INFO     v1:197 — save_render: window=1 saved 52709 bytes → E:\quoting_studio\uploads\renders\window-1.png
[2026-07-03 15:07:45] INFO     v1:67 — save_panes: window=1 cells=2
[2026-07-03 15:07:50] INFO     v1:67 — save_panes: window=1 cells=3
[2026-07-03 15:07:52] INFO     v1:67 — save_panes: window=1 cells=3
[2026-07-03 15:07:54] INFO     v1:67 — save_panes: window=1 cells=3
[2026-07-03 15:14:03] INFO     logging_config:160 — Quoting Studio — logging initialised (debug=True)
[2026-07-03 15:14:45] INFO     logging_config:160 — Quoting Studio — logging initialised (debug=True)
[2026-07-03 15:16:15] INFO     __init__:86 — 404 Not Found — GET /favicon.ico
[2026-07-03 15:16:17] ERROR    projects:78 — Error loading project detail id=1: Can't resolve label reference for ORDER BY / GROUP BY / DISTINCT etc. Textual SQL expression 'created_at desc' should be explicitly declared as text('created_at desc')
Traceback (most recent call last):
  File "C:\Users\ADMIN\AppData\Local\Python\pythoncore-3.14-64\Lib\site-packages\sqlalchemy\sql\compiler.py", line 2530, in visit_textual_label_reference
    col = with_cols[element.element]
          ~~~~~~~~~^^^^^^^^^^^^^^^^^
KeyError: 'created_at desc'

The above exception was the direct cause of the following exception:

Traceback (most recent call last):
  File "E:\quoting_studio\app\routes\projects.py", line 76, in detail
    return render_template('projects/detail.html', project=project, windows=windows)
  File "C:\Users\ADMIN\AppData\Local\Python\pythoncore-3.14-64\Lib\site-packages\flask\templating.py", line 150, in render_template
    return _render(app, template, context)
  File "C:\Users\ADMIN\AppData\Local\Python\pythoncore-3.14-64\Lib\site-packages\flask\templating.py", line 131, in _render
    rv = template.render(context)
  File "C:\Users\ADMIN\AppData\Local\Python\pythoncore-3.14-64\Lib\site-packages\jinja2\environment.py", line 1295, in render
    self.environment.handle_exception()
    ~~~~~~~~~~~~~~~~~~~~~~~~~~~~~~~~~^^
  File "C:\Users\ADMIN\AppData\Local\Python\pythoncore-3.14-64\Lib\site-packages\jinja2\environment.py", line 942, in handle_exception
    raise rewrite_traceback_stack(source=source)
  File "E:\quoting_studio\app\templates\projects\detail.html", line 1, in top-level template code
    {% extends 'base.html' %}
  File "E:\quoting_studio\app\templates\base.html", line 45, in top-level template code
    {% block body %}{% endblock %}
    ^^^^^^^^^^^^^^^^^^^^^
  File "E:\quoting_studio\app\templates\projects\detail.html", line 100, in block 'body'
    {% set quotes = project.quotes.order_by('created_at desc').all() %}
    ^^^^^^^^^^^^^^^^^^^^^
  File "C:\Users\ADMIN\AppData\Local\Python\pythoncore-3.14-64\Lib\site-packages\sqlalchemy\orm\query.py", line 2711, in all
    return self._iter().all()  # type: ignore
           ~~~~~~~~~~^^
  File "C:\Users\ADMIN\AppData\Local\Python\pythoncore-3.14-64\Lib\site-packages\sqlalchemy\orm\query.py", line 2864, in _iter
    result: Union[ScalarResult[_T], Result[_T]] = self.session.execute(
                                                  ~~~~~~~~~~~~~~~~~~~~^
        statement,
        ^^^^^^^^^^
        params,
        ^^^^^^^
        execution_options={"_sa_orm_load_options": self.load_options},
        ^^^^^^^^^^^^^^^^^^^^^^^^^^^^^^^^^^^^^^^^^^^^^^^^^^^^^^^^^^^^^^
    )
    ^
  File "C:\Users\ADMIN\AppData\Local\Python\pythoncore-3.14-64\Lib\site-packages\sqlalchemy\orm\session.py", line 2373, in execute
    return self._execute_internal(
           ~~~~~~~~~~~~~~~~~~~~~~^
        statement,
        ^^^^^^^^^^
    ...<4 lines>...
        _add_event=_add_event,
        ^^^^^^^^^^^^^^^^^^^^^^
    )
    ^
  File "C:\Users\ADMIN\AppData\Local\Python\pythoncore-3.14-64\Lib\site-packages\sqlalchemy\orm\session.py", line 2271, in _execute_internal
    result: Result[Any] = compile_state_cls.orm_execute_statement(
                          ~~~~~~~~~~~~~~~~~~~~~~~~~~~~~~~~~~~~~~~^
        self,
        ^^^^^
    ...<4 lines>...
        conn,
        ^^^^^
    )
    ^
  File "C:\Users\ADMIN\AppData\Local\Python\pythoncore-3.14-64\Lib\site-packages\sqlalchemy\orm\context.py", line 306, in orm_execute_statement
    result = conn.execute(
        statement, params or {}, execution_options=execution_options
    )
  File "C:\Users\ADMIN\AppData\Local\Python\pythoncore-3.14-64\Lib\site-packages\sqlalchemy\engine\base.py", line 1421, in execute
    return meth(
        self,
        distilled_parameters,
        execution_options or NO_OPTIONS,
    )
  File "C:\Users\ADMIN\AppData\Local\Python\pythoncore-3.14-64\Lib\site-packages\sqlalchemy\sql\elements.py", line 526, in _execute_on_connection
    return connection._execute_clauseelement(
           ~~~~~~~~~~~~~~~~~~~~~~~~~~~~~~~~~^
        self, distilled_params, execution_options
        ^^^^^^^^^^^^^^^^^^^^^^^^^^^^^^^^^^^^^^^^^
    )
    ^
  File "C:\Users\ADMIN\AppData\Local\Python\pythoncore-3.14-64\Lib\site-packages\sqlalchemy\engine\base.py", line 1635, in _execute_clauseelement
    compiled_sql, extracted_params, cache_hit = elem._compile_w_cache(
                                                ~~~~~~~~~~~~~~~~~~~~~^
        dialect=dialect,
        ^^^^^^^^^^^^^^^^
    ...<4 lines>...
        linting=self.dialect.compiler_linting | compiler.WARN_LINTING,
        ^^^^^^^^^^^^^^^^^^^^^^^^^^^^^^^^^^^^^^^^^^^^^^^^^^^^^^^^^^^^^^
    )
    ^
  File "C:\Users\ADMIN\AppData\Local\Python\pythoncore-3.14-64\Lib\site-packages\sqlalchemy\sql\elements.py", line 715, in _compile_w_cache
    compiled_sql = self._compiler(
        dialect,
    ...<4 lines>...
        **kw,
    )
  File "C:\Users\ADMIN\AppData\Local\Python\pythoncore-3.14-64\Lib\site-packages\sqlalchemy\sql\elements.py", line 323, in _compiler
    return dialect.statement_compiler(dialect, self, **kw)
           ~~~~~~~~~~~~~~~~~~~~~~~~~~^^^^^^^^^^^^^^^^^^^^^
  File "C:\Users\ADMIN\AppData\Local\Python\pythoncore-3.14-64\Lib\site-packages\sqlalchemy\sql\compiler.py", line 1462, in __init__
    Compiled.__init__(self, dialect, statement, **kwargs)
    ~~~~~~~~~~~~~~~~~^^^^^^^^^^^^^^^^^^^^^^^^^^^^^^^^^^^^
  File "C:\Users\ADMIN\AppData\Local\Python\pythoncore-3.14-64\Lib\site-packages\sqlalchemy\sql\compiler.py", line 902, in __init__
    self.string = self.process(self.statement, **compile_kwargs)
                  ~~~~~~~~~~~~^^^^^^^^^^^^^^^^^^^^^^^^^^^^^^^^^^
  File "C:\Users\ADMIN\AppData\Local\Python\pythoncore-3.14-64\Lib\site-packages\sqlalchemy\sql\compiler.py", line 948, in process
    return obj._compiler_dispatch(self, **kwargs)
           ~~~~~~~~~~~~~~~~~~~~~~^^^^^^^^^^^^^^^^
  File "C:\Users\ADMIN\AppData\Local\Python\pythoncore-3.14-64\Lib\site-packages\sqlalchemy\sql\visitors.py", line 138, in _compiler_dispatch
    return meth(self, **kw)  # type: ignore  # noqa: E501
  File "C:\Users\ADMIN\AppData\Local\Python\pythoncore-3.14-64\Lib\site-packages\sqlalchemy\sql\compiler.py", line 4956, in visit_select
    text = self._compose_select_body(
        text,
    ...<6 lines>...
        kwargs,
    )
  File "C:\Users\ADMIN\AppData\Local\Python\pythoncore-3.14-64\Lib\site-packages\sqlalchemy\sql\compiler.py", line 5139, in _compose_select_body
    text += self.order_by_clause(select, **kwargs)
            ~~~~~~~~~~~~~~~~~~~~^^^^^^^^^^^^^^^^^^
  File "C:\Users\ADMIN\AppData\Local\Python\pythoncore-3.14-64\Lib\site-packages\sqlalchemy\sql\compiler.py", line 5248, in order_by_clause
    order_by = self._generate_delimited_list(
        select._order_by_clauses, OPERATORS[operators.comma_op], **kw
    )
  File "C:\Users\ADMIN\AppData\Local\Python\pythoncore-3.14-64\Lib\site-packages\sqlalchemy\sql\compiler.py", line 2783, in _generate_delimited_list
    return separator.join(
           ~~~~~~~~~~~~~~^
        s
        ^
        for s in (c._compiler_dispatch(self, **kw) for c in elements)
        ^^^^^^^^^^^^^^^^^^^^^^^^^^^^^^^^^^^^^^^^^^^^^^^^^^^^^^^^^^^^^
        if s
        ^^^^
    )
    ^
  File "C:\Users\ADMIN\AppData\Local\Python\pythoncore-3.14-64\Lib\site-packages\sqlalchemy\sql\compiler.py", line 2785, in <genexpr>
    for s in (c._compiler_dispatch(self, **kw) for c in elements)
             ^^^^^^^^^^^^^^^^^^^^^^^^^^^^^^^^^^^^^^^^^^^^^^^^^^^^
  File "C:\Users\ADMIN\AppData\Local\Python\pythoncore-3.14-64\Lib\site-packages\sqlalchemy\sql\compiler.py", line 2785, in <genexpr>
    for s in (c._compiler_dispatch(self, **kw) for c in elements)
              ~~~~~~~~~~~~~~~~~~~~^^^^^^^^^^^^
  File "C:\Users\ADMIN\AppData\Local\Python\pythoncore-3.14-64\Lib\site-packages\sqlalchemy\sql\visitors.py", line 138, in _compiler_dispatch
    return meth(self, **kw)  # type: ignore  # noqa: E501
  File "C:\Users\ADMIN\AppData\Local\Python\pythoncore-3.14-64\Lib\site-packages\sqlalchemy\sql\compiler.py", line 2532, in visit_textual_label_reference
    coercions._no_text_coercion(
    ~~~~~~~~~~~~~~~~~~~~~~~~~~~^
        element.element,
        ^^^^^^^^^^^^^^^^
    ...<5 lines>...
        err=err,
        ^^^^^^^^
    )
    ^
  File "C:\Users\ADMIN\AppData\Local\Python\pythoncore-3.14-64\Lib\site-packages\sqlalchemy\sql\coercions.py", line 585, in _no_text_coercion
    raise exc_cls(
    ...<7 lines>...
    ) from err
sqlalchemy.exc.CompileError: Can't resolve label reference for ORDER BY / GROUP BY / DISTINCT etc. Textual SQL expression 'created_at desc' should be explicitly declared as text('created_at desc')
[2026-07-03 15:16:21] INFO     __init__:86 — 404 Not Found — GET /favicon.ico
[2026-07-03 15:16:25] ERROR    projects:78 — Error loading project detail id=1: Can't resolve label reference for ORDER BY / GROUP BY / DISTINCT etc. Textual SQL expression 'created_at desc' should be explicitly declared as text('created_at desc')
Traceback (most recent call last):
  File "C:\Users\ADMIN\AppData\Local\Python\pythoncore-3.14-64\Lib\site-packages\sqlalchemy\sql\compiler.py", line 2530, in visit_textual_label_reference
    col = with_cols[element.element]
          ~~~~~~~~~^^^^^^^^^^^^^^^^^
KeyError: 'created_at desc'

The above exception was the direct cause of the following exception:

Traceback (most recent call last):
  File "E:\quoting_studio\app\routes\projects.py", line 76, in detail
    return render_template('projects/detail.html', project=project, windows=windows)
  File "C:\Users\ADMIN\AppData\Local\Python\pythoncore-3.14-64\Lib\site-packages\flask\templating.py", line 150, in render_template
    return _render(app, template, context)
  File "C:\Users\ADMIN\AppData\Local\Python\pythoncore-3.14-64\Lib\site-packages\flask\templating.py", line 131, in _render
    rv = template.render(context)
  File "C:\Users\ADMIN\AppData\Local\Python\pythoncore-3.14-64\Lib\site-packages\jinja2\environment.py", line 1295, in render
    self.environment.handle_exception()
    ~~~~~~~~~~~~~~~~~~~~~~~~~~~~~~~~~^^
  File "C:\Users\ADMIN\AppData\Local\Python\pythoncore-3.14-64\Lib\site-packages\jinja2\environment.py", line 942, in handle_exception
    raise rewrite_traceback_stack(source=source)
  File "E:\quoting_studio\app\templates\projects\detail.html", line 1, in top-level template code
    {% extends 'base.html' %}
  File "E:\quoting_studio\app\templates\base.html", line 45, in top-level template code
    {% block body %}{% endblock %}
    ^^^^^^^^^^^^^^^^^^^^^
  File "E:\quoting_studio\app\templates\projects\detail.html", line 100, in block 'body'
    {% set quotes = project.quotes.order_by('created_at desc').all() %}
    ^^^^^^^^^^^^^^^^^^^^^
  File "C:\Users\ADMIN\AppData\Local\Python\pythoncore-3.14-64\Lib\site-packages\sqlalchemy\orm\query.py", line 2711, in all
    return self._iter().all()  # type: ignore
           ~~~~~~~~~~^^
  File "C:\Users\ADMIN\AppData\Local\Python\pythoncore-3.14-64\Lib\site-packages\sqlalchemy\orm\query.py", line 2864, in _iter
    result: Union[ScalarResult[_T], Result[_T]] = self.session.execute(
                                                  ~~~~~~~~~~~~~~~~~~~~^
        statement,
        ^^^^^^^^^^
        params,
        ^^^^^^^
        execution_options={"_sa_orm_load_options": self.load_options},
        ^^^^^^^^^^^^^^^^^^^^^^^^^^^^^^^^^^^^^^^^^^^^^^^^^^^^^^^^^^^^^^
    )
    ^
  File "C:\Users\ADMIN\AppData\Local\Python\pythoncore-3.14-64\Lib\site-packages\sqlalchemy\orm\session.py", line 2373, in execute
    return self._execute_internal(
           ~~~~~~~~~~~~~~~~~~~~~~^
        statement,
        ^^^^^^^^^^
    ...<4 lines>...
        _add_event=_add_event,
        ^^^^^^^^^^^^^^^^^^^^^^
    )
    ^
  File "C:\Users\ADMIN\AppData\Local\Python\pythoncore-3.14-64\Lib\site-packages\sqlalchemy\orm\session.py", line 2271, in _execute_internal
    result: Result[Any] = compile_state_cls.orm_execute_statement(
                          ~~~~~~~~~~~~~~~~~~~~~~~~~~~~~~~~~~~~~~~^
        self,
        ^^^^^
    ...<4 lines>...
        conn,
        ^^^^^
    )
    ^
  File "C:\Users\ADMIN\AppData\Local\Python\pythoncore-3.14-64\Lib\site-packages\sqlalchemy\orm\context.py", line 306, in orm_execute_statement
    result = conn.execute(
        statement, params or {}, execution_options=execution_options
    )
  File "C:\Users\ADMIN\AppData\Local\Python\pythoncore-3.14-64\Lib\site-packages\sqlalchemy\engine\base.py", line 1421, in execute
    return meth(
        self,
        distilled_parameters,
        execution_options or NO_OPTIONS,
    )
  File "C:\Users\ADMIN\AppData\Local\Python\pythoncore-3.14-64\Lib\site-packages\sqlalchemy\sql\elements.py", line 526, in _execute_on_connection
    return connection._execute_clauseelement(
           ~~~~~~~~~~~~~~~~~~~~~~~~~~~~~~~~~^
        self, distilled_params, execution_options
        ^^^^^^^^^^^^^^^^^^^^^^^^^^^^^^^^^^^^^^^^^
    )
    ^
  File "C:\Users\ADMIN\AppData\Local\Python\pythoncore-3.14-64\Lib\site-packages\sqlalchemy\engine\base.py", line 1635, in _execute_clauseelement
    compiled_sql, extracted_params, cache_hit = elem._compile_w_cache(
                                                ~~~~~~~~~~~~~~~~~~~~~^
        dialect=dialect,
        ^^^^^^^^^^^^^^^^
    ...<4 lines>...
        linting=self.dialect.compiler_linting | compiler.WARN_LINTING,
        ^^^^^^^^^^^^^^^^^^^^^^^^^^^^^^^^^^^^^^^^^^^^^^^^^^^^^^^^^^^^^^
    )
    ^
  File "C:\Users\ADMIN\AppData\Local\Python\pythoncore-3.14-64\Lib\site-packages\sqlalchemy\sql\elements.py", line 715, in _compile_w_cache
    compiled_sql = self._compiler(
        dialect,
    ...<4 lines>...
        **kw,
    )
  File "C:\Users\ADMIN\AppData\Local\Python\pythoncore-3.14-64\Lib\site-packages\sqlalchemy\sql\elements.py", line 323, in _compiler
    return dialect.statement_compiler(dialect, self, **kw)
           ~~~~~~~~~~~~~~~~~~~~~~~~~~^^^^^^^^^^^^^^^^^^^^^
  File "C:\Users\ADMIN\AppData\Local\Python\pythoncore-3.14-64\Lib\site-packages\sqlalchemy\sql\compiler.py", line 1462, in __init__
    Compiled.__init__(self, dialect, statement, **kwargs)
    ~~~~~~~~~~~~~~~~~^^^^^^^^^^^^^^^^^^^^^^^^^^^^^^^^^^^^
  File "C:\Users\ADMIN\AppData\Local\Python\pythoncore-3.14-64\Lib\site-packages\sqlalchemy\sql\compiler.py", line 902, in __init__
    self.string = self.process(self.statement, **compile_kwargs)
                  ~~~~~~~~~~~~^^^^^^^^^^^^^^^^^^^^^^^^^^^^^^^^^^
  File "C:\Users\ADMIN\AppData\Local\Python\pythoncore-3.14-64\Lib\site-packages\sqlalchemy\sql\compiler.py", line 948, in process
    return obj._compiler_dispatch(self, **kwargs)
           ~~~~~~~~~~~~~~~~~~~~~~^^^^^^^^^^^^^^^^
  File "C:\Users\ADMIN\AppData\Local\Python\pythoncore-3.14-64\Lib\site-packages\sqlalchemy\sql\visitors.py", line 138, in _compiler_dispatch
    return meth(self, **kw)  # type: ignore  # noqa: E501
  File "C:\Users\ADMIN\AppData\Local\Python\pythoncore-3.14-64\Lib\site-packages\sqlalchemy\sql\compiler.py", line 4956, in visit_select
    text = self._compose_select_body(
        text,
    ...<6 lines>...
        kwargs,
    )
  File "C:\Users\ADMIN\AppData\Local\Python\pythoncore-3.14-64\Lib\site-packages\sqlalchemy\sql\compiler.py", line 5139, in _compose_select_body
    text += self.order_by_clause(select, **kwargs)
            ~~~~~~~~~~~~~~~~~~~~^^^^^^^^^^^^^^^^^^
  File "C:\Users\ADMIN\AppData\Local\Python\pythoncore-3.14-64\Lib\site-packages\sqlalchemy\sql\compiler.py", line 5248, in order_by_clause
    order_by = self._generate_delimited_list(
        select._order_by_clauses, OPERATORS[operators.comma_op], **kw
    )
  File "C:\Users\ADMIN\AppData\Local\Python\pythoncore-3.14-64\Lib\site-packages\sqlalchemy\sql\compiler.py", line 2783, in _generate_delimited_list
    return separator.join(
           ~~~~~~~~~~~~~~^
        s
        ^
        for s in (c._compiler_dispatch(self, **kw) for c in elements)
        ^^^^^^^^^^^^^^^^^^^^^^^^^^^^^^^^^^^^^^^^^^^^^^^^^^^^^^^^^^^^^
        if s
        ^^^^
    )
    ^
  File "C:\Users\ADMIN\AppData\Local\Python\pythoncore-3.14-64\Lib\site-packages\sqlalchemy\sql\compiler.py", line 2785, in <genexpr>
    for s in (c._compiler_dispatch(self, **kw) for c in elements)
             ^^^^^^^^^^^^^^^^^^^^^^^^^^^^^^^^^^^^^^^^^^^^^^^^^^^^
  File "C:\Users\ADMIN\AppData\Local\Python\pythoncore-3.14-64\Lib\site-packages\sqlalchemy\sql\compiler.py", line 2785, in <genexpr>
    for s in (c._compiler_dispatch(self, **kw) for c in elements)
              ~~~~~~~~~~~~~~~~~~~~^^^^^^^^^^^^
  File "C:\Users\ADMIN\AppData\Local\Python\pythoncore-3.14-64\Lib\site-packages\sqlalchemy\sql\visitors.py", line 138, in _compiler_dispatch
    return meth(self, **kw)  # type: ignore  # noqa: E501
  File "C:\Users\ADMIN\AppData\Local\Python\pythoncore-3.14-64\Lib\site-packages\sqlalchemy\sql\compiler.py", line 2532, in visit_textual_label_reference
    coercions._no_text_coercion(
    ~~~~~~~~~~~~~~~~~~~~~~~~~~~^
        element.element,
        ^^^^^^^^^^^^^^^^
    ...<5 lines>...
        err=err,
        ^^^^^^^^
    )
    ^
  File "C:\Users\ADMIN\AppData\Local\Python\pythoncore-3.14-64\Lib\site-packages\sqlalchemy\sql\coercions.py", line 585, in _no_text_coercion
    raise exc_cls(
    ...<7 lines>...
    ) from err
sqlalchemy.exc.CompileError: Can't resolve label reference for ORDER BY / GROUP BY / DISTINCT etc. Textual SQL expression 'created_at desc' should be explicitly declared as text('created_at desc')
[2026-07-03 15:16:27] ERROR    projects:78 — Error loading project detail id=1: Can't resolve label reference for ORDER BY / GROUP BY / DISTINCT etc. Textual SQL expression 'created_at desc' should be explicitly declared as text('created_at desc')
Traceback (most recent call last):
  File "C:\Users\ADMIN\AppData\Local\Python\pythoncore-3.14-64\Lib\site-packages\sqlalchemy\sql\compiler.py", line 2530, in visit_textual_label_reference
    col = with_cols[element.element]
          ~~~~~~~~~^^^^^^^^^^^^^^^^^
KeyError: 'created_at desc'

The above exception was the direct cause of the following exception:

Traceback (most recent call last):
  File "E:\quoting_studio\app\routes\projects.py", line 76, in detail
    return render_template('projects/detail.html', project=project, windows=windows)
  File "C:\Users\ADMIN\AppData\Local\Python\pythoncore-3.14-64\Lib\site-packages\flask\templating.py", line 150, in render_template
    return _render(app, template, context)
  File "C:\Users\ADMIN\AppData\Local\Python\pythoncore-3.14-64\Lib\site-packages\flask\templating.py", line 131, in _render
    rv = template.render(context)
  File "C:\Users\ADMIN\AppData\Local\Python\pythoncore-3.14-64\Lib\site-packages\jinja2\environment.py", line 1295, in render
    self.environment.handle_exception()
    ~~~~~~~~~~~~~~~~~~~~~~~~~~~~~~~~~^^
  File "C:\Users\ADMIN\AppData\Local\Python\pythoncore-3.14-64\Lib\site-packages\jinja2\environment.py", line 942, in handle_exception
    raise rewrite_traceback_stack(source=source)
  File "E:\quoting_studio\app\templates\projects\detail.html", line 1, in top-level template code
    {% extends 'base.html' %}
  File "E:\quoting_studio\app\templates\base.html", line 45, in top-level template code
    {% block body %}{% endblock %}
    ^^^^^^^^^^^^^^^^^^^^^
  File "E:\quoting_studio\app\templates\projects\detail.html", line 100, in block 'body'
    {% set quotes = project.quotes.order_by('created_at desc').all() %}
    ^^^^^^^^^^^^^^^^^^^^^
  File "C:\Users\ADMIN\AppData\Local\Python\pythoncore-3.14-64\Lib\site-packages\sqlalchemy\orm\query.py", line 2711, in all
    return self._iter().all()  # type: ignore
           ~~~~~~~~~~^^
  File "C:\Users\ADMIN\AppData\Local\Python\pythoncore-3.14-64\Lib\site-packages\sqlalchemy\orm\query.py", line 2864, in _iter
    result: Union[ScalarResult[_T], Result[_T]] = self.session.execute(
                                                  ~~~~~~~~~~~~~~~~~~~~^
        statement,
        ^^^^^^^^^^
        params,
        ^^^^^^^
        execution_options={"_sa_orm_load_options": self.load_options},
        ^^^^^^^^^^^^^^^^^^^^^^^^^^^^^^^^^^^^^^^^^^^^^^^^^^^^^^^^^^^^^^
    )
    ^
  File "C:\Users\ADMIN\AppData\Local\Python\pythoncore-3.14-64\Lib\site-packages\sqlalchemy\orm\session.py", line 2373, in execute
    return self._execute_internal(
           ~~~~~~~~~~~~~~~~~~~~~~^
        statement,
        ^^^^^^^^^^
    ...<4 lines>...
        _add_event=_add_event,
        ^^^^^^^^^^^^^^^^^^^^^^
    )
    ^
  File "C:\Users\ADMIN\AppData\Local\Python\pythoncore-3.14-64\Lib\site-packages\sqlalchemy\orm\session.py", line 2271, in _execute_internal
    result: Result[Any] = compile_state_cls.orm_execute_statement(
                          ~~~~~~~~~~~~~~~~~~~~~~~~~~~~~~~~~~~~~~~^
        self,
        ^^^^^
    ...<4 lines>...
        conn,
        ^^^^^
    )
    ^
  File "C:\Users\ADMIN\AppData\Local\Python\pythoncore-3.14-64\Lib\site-packages\sqlalchemy\orm\context.py", line 306, in orm_execute_statement
    result = conn.execute(
        statement, params or {}, execution_options=execution_options
    )
  File "C:\Users\ADMIN\AppData\Local\Python\pythoncore-3.14-64\Lib\site-packages\sqlalchemy\engine\base.py", line 1421, in execute
    return meth(
        self,
        distilled_parameters,
        execution_options or NO_OPTIONS,
    )
  File "C:\Users\ADMIN\AppData\Local\Python\pythoncore-3.14-64\Lib\site-packages\sqlalchemy\sql\elements.py", line 526, in _execute_on_connection
    return connection._execute_clauseelement(
           ~~~~~~~~~~~~~~~~~~~~~~~~~~~~~~~~~^
        self, distilled_params, execution_options
        ^^^^^^^^^^^^^^^^^^^^^^^^^^^^^^^^^^^^^^^^^
    )
    ^
  File "C:\Users\ADMIN\AppData\Local\Python\pythoncore-3.14-64\Lib\site-packages\sqlalchemy\engine\base.py", line 1635, in _execute_clauseelement
    compiled_sql, extracted_params, cache_hit = elem._compile_w_cache(
                                                ~~~~~~~~~~~~~~~~~~~~~^
        dialect=dialect,
        ^^^^^^^^^^^^^^^^
    ...<4 lines>...
        linting=self.dialect.compiler_linting | compiler.WARN_LINTING,
        ^^^^^^^^^^^^^^^^^^^^^^^^^^^^^^^^^^^^^^^^^^^^^^^^^^^^^^^^^^^^^^
    )
    ^
  File "C:\Users\ADMIN\AppData\Local\Python\pythoncore-3.14-64\Lib\site-packages\sqlalchemy\sql\elements.py", line 715, in _compile_w_cache
    compiled_sql = self._compiler(
        dialect,
    ...<4 lines>...
        **kw,
    )
  File "C:\Users\ADMIN\AppData\Local\Python\pythoncore-3.14-64\Lib\site-packages\sqlalchemy\sql\elements.py", line 323, in _compiler
    return dialect.statement_compiler(dialect, self, **kw)
           ~~~~~~~~~~~~~~~~~~~~~~~~~~^^^^^^^^^^^^^^^^^^^^^
  File "C:\Users\ADMIN\AppData\Local\Python\pythoncore-3.14-64\Lib\site-packages\sqlalchemy\sql\compiler.py", line 1462, in __init__
    Compiled.__init__(self, dialect, statement, **kwargs)
    ~~~~~~~~~~~~~~~~~^^^^^^^^^^^^^^^^^^^^^^^^^^^^^^^^^^^^
  File "C:\Users\ADMIN\AppData\Local\Python\pythoncore-3.14-64\Lib\site-packages\sqlalchemy\sql\compiler.py", line 902, in __init__
    self.string = self.process(self.statement, **compile_kwargs)
                  ~~~~~~~~~~~~^^^^^^^^^^^^^^^^^^^^^^^^^^^^^^^^^^
  File "C:\Users\ADMIN\AppData\Local\Python\pythoncore-3.14-64\Lib\site-packages\sqlalchemy\sql\compiler.py", line 948, in process
    return obj._compiler_dispatch(self, **kwargs)
           ~~~~~~~~~~~~~~~~~~~~~~^^^^^^^^^^^^^^^^
  File "C:\Users\ADMIN\AppData\Local\Python\pythoncore-3.14-64\Lib\site-packages\sqlalchemy\sql\visitors.py", line 138, in _compiler_dispatch
    return meth(self, **kw)  # type: ignore  # noqa: E501
  File "C:\Users\ADMIN\AppData\Local\Python\pythoncore-3.14-64\Lib\site-packages\sqlalchemy\sql\compiler.py", line 4956, in visit_select
    text = self._compose_select_body(
        text,
    ...<6 lines>...
        kwargs,
    )
  File "C:\Users\ADMIN\AppData\Local\Python\pythoncore-3.14-64\Lib\site-packages\sqlalchemy\sql\compiler.py", line 5139, in _compose_select_body
    text += self.order_by_clause(select, **kwargs)
            ~~~~~~~~~~~~~~~~~~~~^^^^^^^^^^^^^^^^^^
  File "C:\Users\ADMIN\AppData\Local\Python\pythoncore-3.14-64\Lib\site-packages\sqlalchemy\sql\compiler.py", line 5248, in order_by_clause
    order_by = self._generate_delimited_list(
        select._order_by_clauses, OPERATORS[operators.comma_op], **kw
    )
  File "C:\Users\ADMIN\AppData\Local\Python\pythoncore-3.14-64\Lib\site-packages\sqlalchemy\sql\compiler.py", line 2783, in _generate_delimited_list
    return separator.join(
           ~~~~~~~~~~~~~~^
        s
        ^
        for s in (c._compiler_dispatch(self, **kw) for c in elements)
        ^^^^^^^^^^^^^^^^^^^^^^^^^^^^^^^^^^^^^^^^^^^^^^^^^^^^^^^^^^^^^
        if s
        ^^^^
    )
    ^
  File "C:\Users\ADMIN\AppData\Local\Python\pythoncore-3.14-64\Lib\site-packages\sqlalchemy\sql\compiler.py", line 2785, in <genexpr>
    for s in (c._compiler_dispatch(self, **kw) for c in elements)
             ^^^^^^^^^^^^^^^^^^^^^^^^^^^^^^^^^^^^^^^^^^^^^^^^^^^^
  File "C:\Users\ADMIN\AppData\Local\Python\pythoncore-3.14-64\Lib\site-packages\sqlalchemy\sql\compiler.py", line 2785, in <genexpr>
    for s in (c._compiler_dispatch(self, **kw) for c in elements)
              ~~~~~~~~~~~~~~~~~~~~^^^^^^^^^^^^
  File "C:\Users\ADMIN\AppData\Local\Python\pythoncore-3.14-64\Lib\site-packages\sqlalchemy\sql\visitors.py", line 138, in _compiler_dispatch
    return meth(self, **kw)  # type: ignore  # noqa: E501
  File "C:\Users\ADMIN\AppData\Local\Python\pythoncore-3.14-64\Lib\site-packages\sqlalchemy\sql\compiler.py", line 2532, in visit_textual_label_reference
    coercions._no_text_coercion(
    ~~~~~~~~~~~~~~~~~~~~~~~~~~~^
        element.element,
        ^^^^^^^^^^^^^^^^
    ...<5 lines>...
        err=err,
        ^^^^^^^^
    )
    ^
  File "C:\Users\ADMIN\AppData\Local\Python\pythoncore-3.14-64\Lib\site-packages\sqlalchemy\sql\coercions.py", line 585, in _no_text_coercion
    raise exc_cls(
    ...<7 lines>...
    ) from err
sqlalchemy.exc.CompileError: Can't resolve label reference for ORDER BY / GROUP BY / DISTINCT etc. Textual SQL expression 'created_at desc' should be explicitly declared as text('created_at desc')
[2026-07-03 15:16:27] ERROR    projects:78 — Error loading project detail id=1: Can't resolve label reference for ORDER BY / GROUP BY / DISTINCT etc. Textual SQL expression 'created_at desc' should be explicitly declared as text('created_at desc')
Traceback (most recent call last):
  File "C:\Users\ADMIN\AppData\Local\Python\pythoncore-3.14-64\Lib\site-packages\sqlalchemy\sql\compiler.py", line 2530, in visit_textual_label_reference
    col = with_cols[element.element]
          ~~~~~~~~~^^^^^^^^^^^^^^^^^
KeyError: 'created_at desc'

The above exception was the direct cause of the following exception:

Traceback (most recent call last):
  File "E:\quoting_studio\app\routes\projects.py", line 76, in detail
    return render_template('projects/detail.html', project=project, windows=windows)
  File "C:\Users\ADMIN\AppData\Local\Python\pythoncore-3.14-64\Lib\site-packages\flask\templating.py", line 150, in render_template
    return _render(app, template, context)
  File "C:\Users\ADMIN\AppData\Local\Python\pythoncore-3.14-64\Lib\site-packages\flask\templating.py", line 131, in _render
    rv = template.render(context)
  File "C:\Users\ADMIN\AppData\Local\Python\pythoncore-3.14-64\Lib\site-packages\jinja2\environment.py", line 1295, in render
    self.environment.handle_exception()
    ~~~~~~~~~~~~~~~~~~~~~~~~~~~~~~~~~^^
  File "C:\Users\ADMIN\AppData\Local\Python\pythoncore-3.14-64\Lib\site-packages\jinja2\environment.py", line 942, in handle_exception
    raise rewrite_traceback_stack(source=source)
  File "E:\quoting_studio\app\templates\projects\detail.html", line 1, in top-level template code
    {% extends 'base.html' %}
  File "E:\quoting_studio\app\templates\base.html", line 45, in top-level template code
    {% block body %}{% endblock %}
    ^^^^^^^^^^^^^^^^^^^^^
  File "E:\quoting_studio\app\templates\projects\detail.html", line 100, in block 'body'
    {% set quotes = project.quotes.order_by('created_at desc').all() %}
    ^^^^^^^^^^^^^^^^^^^^^
  File "C:\Users\ADMIN\AppData\Local\Python\pythoncore-3.14-64\Lib\site-packages\sqlalchemy\orm\query.py", line 2711, in all
    return self._iter().all()  # type: ignore
           ~~~~~~~~~~^^
  File "C:\Users\ADMIN\AppData\Local\Python\pythoncore-3.14-64\Lib\site-packages\sqlalchemy\orm\query.py", line 2864, in _iter
    result: Union[ScalarResult[_T], Result[_T]] = self.session.execute(
                                                  ~~~~~~~~~~~~~~~~~~~~^
        statement,
        ^^^^^^^^^^
        params,
        ^^^^^^^
        execution_options={"_sa_orm_load_options": self.load_options},
        ^^^^^^^^^^^^^^^^^^^^^^^^^^^^^^^^^^^^^^^^^^^^^^^^^^^^^^^^^^^^^^
    )
    ^
  File "C:\Users\ADMIN\AppData\Local\Python\pythoncore-3.14-64\Lib\site-packages\sqlalchemy\orm\session.py", line 2373, in execute
    return self._execute_internal(
           ~~~~~~~~~~~~~~~~~~~~~~^
        statement,
        ^^^^^^^^^^
    ...<4 lines>...
        _add_event=_add_event,
        ^^^^^^^^^^^^^^^^^^^^^^
    )
    ^
  File "C:\Users\ADMIN\AppData\Local\Python\pythoncore-3.14-64\Lib\site-packages\sqlalchemy\orm\session.py", line 2271, in _execute_internal
    result: Result[Any] = compile_state_cls.orm_execute_statement(
                          ~~~~~~~~~~~~~~~~~~~~~~~~~~~~~~~~~~~~~~~^
        self,
        ^^^^^
    ...<4 lines>...
        conn,
        ^^^^^
    )
    ^
  File "C:\Users\ADMIN\AppData\Local\Python\pythoncore-3.14-64\Lib\site-packages\sqlalchemy\orm\context.py", line 306, in orm_execute_statement
    result = conn.execute(
        statement, params or {}, execution_options=execution_options
    )
  File "C:\Users\ADMIN\AppData\Local\Python\pythoncore-3.14-64\Lib\site-packages\sqlalchemy\engine\base.py", line 1421, in execute
    return meth(
        self,
        distilled_parameters,
        execution_options or NO_OPTIONS,
    )
  File "C:\Users\ADMIN\AppData\Local\Python\pythoncore-3.14-64\Lib\site-packages\sqlalchemy\sql\elements.py", line 526, in _execute_on_connection
    return connection._execute_clauseelement(
           ~~~~~~~~~~~~~~~~~~~~~~~~~~~~~~~~~^
        self, distilled_params, execution_options
        ^^^^^^^^^^^^^^^^^^^^^^^^^^^^^^^^^^^^^^^^^
    )
    ^
  File "C:\Users\ADMIN\AppData\Local\Python\pythoncore-3.14-64\Lib\site-packages\sqlalchemy\engine\base.py", line 1635, in _execute_clauseelement
    compiled_sql, extracted_params, cache_hit = elem._compile_w_cache(
                                                ~~~~~~~~~~~~~~~~~~~~~^
        dialect=dialect,
        ^^^^^^^^^^^^^^^^
    ...<4 lines>...
        linting=self.dialect.compiler_linting | compiler.WARN_LINTING,
        ^^^^^^^^^^^^^^^^^^^^^^^^^^^^^^^^^^^^^^^^^^^^^^^^^^^^^^^^^^^^^^
    )
    ^
  File "C:\Users\ADMIN\AppData\Local\Python\pythoncore-3.14-64\Lib\site-packages\sqlalchemy\sql\elements.py", line 715, in _compile_w_cache
    compiled_sql = self._compiler(
        dialect,
    ...<4 lines>...
        **kw,
    )
  File "C:\Users\ADMIN\AppData\Local\Python\pythoncore-3.14-64\Lib\site-packages\sqlalchemy\sql\elements.py", line 323, in _compiler
    return dialect.statement_compiler(dialect, self, **kw)
           ~~~~~~~~~~~~~~~~~~~~~~~~~~^^^^^^^^^^^^^^^^^^^^^
  File "C:\Users\ADMIN\AppData\Local\Python\pythoncore-3.14-64\Lib\site-packages\sqlalchemy\sql\compiler.py", line 1462, in __init__
    Compiled.__init__(self, dialect, statement, **kwargs)
    ~~~~~~~~~~~~~~~~~^^^^^^^^^^^^^^^^^^^^^^^^^^^^^^^^^^^^
  File "C:\Users\ADMIN\AppData\Local\Python\pythoncore-3.14-64\Lib\site-packages\sqlalchemy\sql\compiler.py", line 902, in __init__
    self.string = self.process(self.statement, **compile_kwargs)
                  ~~~~~~~~~~~~^^^^^^^^^^^^^^^^^^^^^^^^^^^^^^^^^^
  File "C:\Users\ADMIN\AppData\Local\Python\pythoncore-3.14-64\Lib\site-packages\sqlalchemy\sql\compiler.py", line 948, in process
    return obj._compiler_dispatch(self, **kwargs)
           ~~~~~~~~~~~~~~~~~~~~~~^^^^^^^^^^^^^^^^
  File "C:\Users\ADMIN\AppData\Local\Python\pythoncore-3.14-64\Lib\site-packages\sqlalchemy\sql\visitors.py", line 138, in _compiler_dispatch
    return meth(self, **kw)  # type: ignore  # noqa: E501
  File "C:\Users\ADMIN\AppData\Local\Python\pythoncore-3.14-64\Lib\site-packages\sqlalchemy\sql\compiler.py", line 4956, in visit_select
    text = self._compose_select_body(
        text,
    ...<6 lines>...
        kwargs,
    )
  File "C:\Users\ADMIN\AppData\Local\Python\pythoncore-3.14-64\Lib\site-packages\sqlalchemy\sql\compiler.py", line 5139, in _compose_select_body
    text += self.order_by_clause(select, **kwargs)
            ~~~~~~~~~~~~~~~~~~~~^^^^^^^^^^^^^^^^^^
  File "C:\Users\ADMIN\AppData\Local\Python\pythoncore-3.14-64\Lib\site-packages\sqlalchemy\sql\compiler.py", line 5248, in order_by_clause
    order_by = self._generate_delimited_list(
        select._order_by_clauses, OPERATORS[operators.comma_op], **kw
    )
  File "C:\Users\ADMIN\AppData\Local\Python\pythoncore-3.14-64\Lib\site-packages\sqlalchemy\sql\compiler.py", line 2783, in _generate_delimited_list
    return separator.join(
           ~~~~~~~~~~~~~~^
        s
        ^
        for s in (c._compiler_dispatch(self, **kw) for c in elements)
        ^^^^^^^^^^^^^^^^^^^^^^^^^^^^^^^^^^^^^^^^^^^^^^^^^^^^^^^^^^^^^
        if s
        ^^^^
    )
    ^
  File "C:\Users\ADMIN\AppData\Local\Python\pythoncore-3.14-64\Lib\site-packages\sqlalchemy\sql\compiler.py", line 2785, in <genexpr>
    for s in (c._compiler_dispatch(self, **kw) for c in elements)
             ^^^^^^^^^^^^^^^^^^^^^^^^^^^^^^^^^^^^^^^^^^^^^^^^^^^^
  File "C:\Users\ADMIN\AppData\Local\Python\pythoncore-3.14-64\Lib\site-packages\sqlalchemy\sql\compiler.py", line 2785, in <genexpr>
    for s in (c._compiler_dispatch(self, **kw) for c in elements)
              ~~~~~~~~~~~~~~~~~~~~^^^^^^^^^^^^
  File "C:\Users\ADMIN\AppData\Local\Python\pythoncore-3.14-64\Lib\site-packages\sqlalchemy\sql\visitors.py", line 138, in _compiler_dispatch
    return meth(self, **kw)  # type: ignore  # noqa: E501
  File "C:\Users\ADMIN\AppData\Local\Python\pythoncore-3.14-64\Lib\site-packages\sqlalchemy\sql\compiler.py", line 2532, in visit_textual_label_reference
    coercions._no_text_coercion(
    ~~~~~~~~~~~~~~~~~~~~~~~~~~~^
        element.element,
        ^^^^^^^^^^^^^^^^
    ...<5 lines>...
        err=err,
        ^^^^^^^^
    )
    ^
  File "C:\Users\ADMIN\AppData\Local\Python\pythoncore-3.14-64\Lib\site-packages\sqlalchemy\sql\coercions.py", line 585, in _no_text_coercion
    raise exc_cls(
    ...<7 lines>...
    ) from err
sqlalchemy.exc.CompileError: Can't resolve label reference for ORDER BY / GROUP BY / DISTINCT etc. Textual SQL expression 'created_at desc' should be explicitly declared as text('created_at desc')
[2026-07-03 15:16:28] ERROR    projects:78 — Error loading project detail id=1: Can't resolve label reference for ORDER BY / GROUP BY / DISTINCT etc. Textual SQL expression 'created_at desc' should be explicitly declared as text('created_at desc')
Traceback (most recent call last):
  File "C:\Users\ADMIN\AppData\Local\Python\pythoncore-3.14-64\Lib\site-packages\sqlalchemy\sql\compiler.py", line 2530, in visit_textual_label_reference
    col = with_cols[element.element]
          ~~~~~~~~~^^^^^^^^^^^^^^^^^
KeyError: 'created_at desc'

The above exception was the direct cause of the following exception:

Traceback (most recent call last):
  File "E:\quoting_studio\app\routes\projects.py", line 76, in detail
    return render_template('projects/detail.html', project=project, windows=windows)
  File "C:\Users\ADMIN\AppData\Local\Python\pythoncore-3.14-64\Lib\site-packages\flask\templating.py", line 150, in render_template
    return _render(app, template, context)
  File "C:\Users\ADMIN\AppData\Local\Python\pythoncore-3.14-64\Lib\site-packages\flask\templating.py", line 131, in _render
    rv = template.render(context)
  File "C:\Users\ADMIN\AppData\Local\Python\pythoncore-3.14-64\Lib\site-packages\jinja2\environment.py", line 1295, in render
    self.environment.handle_exception()
    ~~~~~~~~~~~~~~~~~~~~~~~~~~~~~~~~~^^
  File "C:\Users\ADMIN\AppData\Local\Python\pythoncore-3.14-64\Lib\site-packages\jinja2\environment.py", line 942, in handle_exception
    raise rewrite_traceback_stack(source=source)
  File "E:\quoting_studio\app\templates\projects\detail.html", line 1, in top-level template code
    {% extends 'base.html' %}
  File "E:\quoting_studio\app\templates\base.html", line 45, in top-level template code
    {% block body %}{% endblock %}
    ^^^^^^^^^^^^^^^^^^^^^
  File "E:\quoting_studio\app\templates\projects\detail.html", line 100, in block 'body'
    {% set quotes = project.quotes.order_by('created_at desc').all() %}
    ^^^^^^^^^^^^^^^^^^^^^
  File "C:\Users\ADMIN\AppData\Local\Python\pythoncore-3.14-64\Lib\site-packages\sqlalchemy\orm\query.py", line 2711, in all
    return self._iter().all()  # type: ignore
           ~~~~~~~~~~^^
  File "C:\Users\ADMIN\AppData\Local\Python\pythoncore-3.14-64\Lib\site-packages\sqlalchemy\orm\query.py", line 2864, in _iter
    result: Union[ScalarResult[_T], Result[_T]] = self.session.execute(
                                                  ~~~~~~~~~~~~~~~~~~~~^
        statement,
        ^^^^^^^^^^
        params,
        ^^^^^^^
        execution_options={"_sa_orm_load_options": self.load_options},
        ^^^^^^^^^^^^^^^^^^^^^^^^^^^^^^^^^^^^^^^^^^^^^^^^^^^^^^^^^^^^^^
    )
    ^
  File "C:\Users\ADMIN\AppData\Local\Python\pythoncore-3.14-64\Lib\site-packages\sqlalchemy\orm\session.py", line 2373, in execute
    return self._execute_internal(
           ~~~~~~~~~~~~~~~~~~~~~~^
        statement,
        ^^^^^^^^^^
    ...<4 lines>...
        _add_event=_add_event,
        ^^^^^^^^^^^^^^^^^^^^^^
    )
    ^
  File "C:\Users\ADMIN\AppData\Local\Python\pythoncore-3.14-64\Lib\site-packages\sqlalchemy\orm\session.py", line 2271, in _execute_internal
    result: Result[Any] = compile_state_cls.orm_execute_statement(
                          ~~~~~~~~~~~~~~~~~~~~~~~~~~~~~~~~~~~~~~~^
        self,
        ^^^^^
    ...<4 lines>...
        conn,
        ^^^^^
    )
    ^
  File "C:\Users\ADMIN\AppData\Local\Python\pythoncore-3.14-64\Lib\site-packages\sqlalchemy\orm\context.py", line 306, in orm_execute_statement
    result = conn.execute(
        statement, params or {}, execution_options=execution_options
    )
  File "C:\Users\ADMIN\AppData\Local\Python\pythoncore-3.14-64\Lib\site-packages\sqlalchemy\engine\base.py", line 1421, in execute
    return meth(
        self,
        distilled_parameters,
        execution_options or NO_OPTIONS,
    )
  File "C:\Users\ADMIN\AppData\Local\Python\pythoncore-3.14-64\Lib\site-packages\sqlalchemy\sql\elements.py", line 526, in _execute_on_connection
    return connection._execute_clauseelement(
           ~~~~~~~~~~~~~~~~~~~~~~~~~~~~~~~~~^
        self, distilled_params, execution_options
        ^^^^^^^^^^^^^^^^^^^^^^^^^^^^^^^^^^^^^^^^^
    )
    ^
  File "C:\Users\ADMIN\AppData\Local\Python\pythoncore-3.14-64\Lib\site-packages\sqlalchemy\engine\base.py", line 1635, in _execute_clauseelement
    compiled_sql, extracted_params, cache_hit = elem._compile_w_cache(
                                                ~~~~~~~~~~~~~~~~~~~~~^
        dialect=dialect,
        ^^^^^^^^^^^^^^^^
    ...<4 lines>...
        linting=self.dialect.compiler_linting | compiler.WARN_LINTING,
        ^^^^^^^^^^^^^^^^^^^^^^^^^^^^^^^^^^^^^^^^^^^^^^^^^^^^^^^^^^^^^^
    )
    ^
  File "C:\Users\ADMIN\AppData\Local\Python\pythoncore-3.14-64\Lib\site-packages\sqlalchemy\sql\elements.py", line 715, in _compile_w_cache
    compiled_sql = self._compiler(
        dialect,
    ...<4 lines>...
        **kw,
    )
  File "C:\Users\ADMIN\AppData\Local\Python\pythoncore-3.14-64\Lib\site-packages\sqlalchemy\sql\elements.py", line 323, in _compiler
    return dialect.statement_compiler(dialect, self, **kw)
           ~~~~~~~~~~~~~~~~~~~~~~~~~~^^^^^^^^^^^^^^^^^^^^^
  File "C:\Users\ADMIN\AppData\Local\Python\pythoncore-3.14-64\Lib\site-packages\sqlalchemy\sql\compiler.py", line 1462, in __init__
    Compiled.__init__(self, dialect, statement, **kwargs)
    ~~~~~~~~~~~~~~~~~^^^^^^^^^^^^^^^^^^^^^^^^^^^^^^^^^^^^
  File "C:\Users\ADMIN\AppData\Local\Python\pythoncore-3.14-64\Lib\site-packages\sqlalchemy\sql\compiler.py", line 902, in __init__
    self.string = self.process(self.statement, **compile_kwargs)
                  ~~~~~~~~~~~~^^^^^^^^^^^^^^^^^^^^^^^^^^^^^^^^^^
  File "C:\Users\ADMIN\AppData\Local\Python\pythoncore-3.14-64\Lib\site-packages\sqlalchemy\sql\compiler.py", line 948, in process
    return obj._compiler_dispatch(self, **kwargs)
           ~~~~~~~~~~~~~~~~~~~~~~^^^^^^^^^^^^^^^^
  File "C:\Users\ADMIN\AppData\Local\Python\pythoncore-3.14-64\Lib\site-packages\sqlalchemy\sql\visitors.py", line 138, in _compiler_dispatch
    return meth(self, **kw)  # type: ignore  # noqa: E501
  File "C:\Users\ADMIN\AppData\Local\Python\pythoncore-3.14-64\Lib\site-packages\sqlalchemy\sql\compiler.py", line 4956, in visit_select
    text = self._compose_select_body(
        text,
    ...<6 lines>...
        kwargs,
    )
  File "C:\Users\ADMIN\AppData\Local\Python\pythoncore-3.14-64\Lib\site-packages\sqlalchemy\sql\compiler.py", line 5139, in _compose_select_body
    text += self.order_by_clause(select, **kwargs)
            ~~~~~~~~~~~~~~~~~~~~^^^^^^^^^^^^^^^^^^
  File "C:\Users\ADMIN\AppData\Local\Python\pythoncore-3.14-64\Lib\site-packages\sqlalchemy\sql\compiler.py", line 5248, in order_by_clause
    order_by = self._generate_delimited_list(
        select._order_by_clauses, OPERATORS[operators.comma_op], **kw
    )
  File "C:\Users\ADMIN\AppData\Local\Python\pythoncore-3.14-64\Lib\site-packages\sqlalchemy\sql\compiler.py", line 2783, in _generate_delimited_list
    return separator.join(
           ~~~~~~~~~~~~~~^
        s
        ^
        for s in (c._compiler_dispatch(self, **kw) for c in elements)
        ^^^^^^^^^^^^^^^^^^^^^^^^^^^^^^^^^^^^^^^^^^^^^^^^^^^^^^^^^^^^^
        if s
        ^^^^
    )
    ^
  File "C:\Users\ADMIN\AppData\Local\Python\pythoncore-3.14-64\Lib\site-packages\sqlalchemy\sql\compiler.py", line 2785, in <genexpr>
    for s in (c._compiler_dispatch(self, **kw) for c in elements)
             ^^^^^^^^^^^^^^^^^^^^^^^^^^^^^^^^^^^^^^^^^^^^^^^^^^^^
  File "C:\Users\ADMIN\AppData\Local\Python\pythoncore-3.14-64\Lib\site-packages\sqlalchemy\sql\compiler.py", line 2785, in <genexpr>
    for s in (c._compiler_dispatch(self, **kw) for c in elements)
              ~~~~~~~~~~~~~~~~~~~~^^^^^^^^^^^^
  File "C:\Users\ADMIN\AppData\Local\Python\pythoncore-3.14-64\Lib\site-packages\sqlalchemy\sql\visitors.py", line 138, in _compiler_dispatch
    return meth(self, **kw)  # type: ignore  # noqa: E501
  File "C:\Users\ADMIN\AppData\Local\Python\pythoncore-3.14-64\Lib\site-packages\sqlalchemy\sql\compiler.py", line 2532, in visit_textual_label_reference
    coercions._no_text_coercion(
    ~~~~~~~~~~~~~~~~~~~~~~~~~~~^
        element.element,
        ^^^^^^^^^^^^^^^^
    ...<5 lines>...
        err=err,
        ^^^^^^^^
    )
    ^
  File "C:\Users\ADMIN\AppData\Local\Python\pythoncore-3.14-64\Lib\site-packages\sqlalchemy\sql\coercions.py", line 585, in _no_text_coercion
    raise exc_cls(
    ...<7 lines>...
    ) from err
sqlalchemy.exc.CompileError: Can't resolve label reference for ORDER BY / GROUP BY / DISTINCT etc. Textual SQL expression 'created_at desc' should be explicitly declared as text('created_at desc')
[2026-07-03 15:16:34] INFO     projects:50 — Project created: id=2 customer=AG tenant=1
[2026-07-03 15:16:44] ERROR    projects:78 — Error loading project detail id=2: Can't resolve label reference for ORDER BY / GROUP BY / DISTINCT etc. Textual SQL expression 'created_at desc' should be explicitly declared as text('created_at desc')
Traceback (most recent call last):
  File "C:\Users\ADMIN\AppData\Local\Python\pythoncore-3.14-64\Lib\site-packages\sqlalchemy\sql\compiler.py", line 2530, in visit_textual_label_reference
    col = with_cols[element.element]
          ~~~~~~~~~^^^^^^^^^^^^^^^^^
KeyError: 'created_at desc'

The above exception was the direct cause of the following exception:

Traceback (most recent call last):
  File "E:\quoting_studio\app\routes\projects.py", line 76, in detail
    return render_template('projects/detail.html', project=project, windows=windows)
  File "C:\Users\ADMIN\AppData\Local\Python\pythoncore-3.14-64\Lib\site-packages\flask\templating.py", line 150, in render_template
    return _render(app, template, context)
  File "C:\Users\ADMIN\AppData\Local\Python\pythoncore-3.14-64\Lib\site-packages\flask\templating.py", line 131, in _render
    rv = template.render(context)
  File "C:\Users\ADMIN\AppData\Local\Python\pythoncore-3.14-64\Lib\site-packages\jinja2\environment.py", line 1295, in render
    self.environment.handle_exception()
    ~~~~~~~~~~~~~~~~~~~~~~~~~~~~~~~~~^^
  File "C:\Users\ADMIN\AppData\Local\Python\pythoncore-3.14-64\Lib\site-packages\jinja2\environment.py", line 942, in handle_exception
    raise rewrite_traceback_stack(source=source)
  File "E:\quoting_studio\app\templates\projects\detail.html", line 1, in top-level template code
    {% extends 'base.html' %}
  File "E:\quoting_studio\app\templates\base.html", line 45, in top-level template code
    {% block body %}{% endblock %}
    ^^^^^^^^^^^^^^^^^^^^^
  File "E:\quoting_studio\app\templates\projects\detail.html", line 100, in block 'body'
    {% set quotes = project.quotes.order_by('created_at desc').all() %}
    ^^^^^^^^^^^^^^^^^^^^^
  File "C:\Users\ADMIN\AppData\Local\Python\pythoncore-3.14-64\Lib\site-packages\sqlalchemy\orm\query.py", line 2711, in all
    return self._iter().all()  # type: ignore
           ~~~~~~~~~~^^
  File "C:\Users\ADMIN\AppData\Local\Python\pythoncore-3.14-64\Lib\site-packages\sqlalchemy\orm\query.py", line 2864, in _iter
    result: Union[ScalarResult[_T], Result[_T]] = self.session.execute(
                                                  ~~~~~~~~~~~~~~~~~~~~^
        statement,
        ^^^^^^^^^^
        params,
        ^^^^^^^
        execution_options={"_sa_orm_load_options": self.load_options},
        ^^^^^^^^^^^^^^^^^^^^^^^^^^^^^^^^^^^^^^^^^^^^^^^^^^^^^^^^^^^^^^
    )
    ^
  File "C:\Users\ADMIN\AppData\Local\Python\pythoncore-3.14-64\Lib\site-packages\sqlalchemy\orm\session.py", line 2373, in execute
    return self._execute_internal(
           ~~~~~~~~~~~~~~~~~~~~~~^
        statement,
        ^^^^^^^^^^
    ...<4 lines>...
        _add_event=_add_event,
        ^^^^^^^^^^^^^^^^^^^^^^
    )
    ^
  File "C:\Users\ADMIN\AppData\Local\Python\pythoncore-3.14-64\Lib\site-packages\sqlalchemy\orm\session.py", line 2271, in _execute_internal
    result: Result[Any] = compile_state_cls.orm_execute_statement(
                          ~~~~~~~~~~~~~~~~~~~~~~~~~~~~~~~~~~~~~~~^
        self,
        ^^^^^
    ...<4 lines>...
        conn,
        ^^^^^
    )
    ^
  File "C:\Users\ADMIN\AppData\Local\Python\pythoncore-3.14-64\Lib\site-packages\sqlalchemy\orm\context.py", line 306, in orm_execute_statement
    result = conn.execute(
        statement, params or {}, execution_options=execution_options
    )
  File "C:\Users\ADMIN\AppData\Local\Python\pythoncore-3.14-64\Lib\site-packages\sqlalchemy\engine\base.py", line 1421, in execute
    return meth(
        self,
        distilled_parameters,
        execution_options or NO_OPTIONS,
    )
  File "C:\Users\ADMIN\AppData\Local\Python\pythoncore-3.14-64\Lib\site-packages\sqlalchemy\sql\elements.py", line 526, in _execute_on_connection
    return connection._execute_clauseelement(
           ~~~~~~~~~~~~~~~~~~~~~~~~~~~~~~~~~^
        self, distilled_params, execution_options
        ^^^^^^^^^^^^^^^^^^^^^^^^^^^^^^^^^^^^^^^^^
    )
    ^
  File "C:\Users\ADMIN\AppData\Local\Python\pythoncore-3.14-64\Lib\site-packages\sqlalchemy\engine\base.py", line 1635, in _execute_clauseelement
    compiled_sql, extracted_params, cache_hit = elem._compile_w_cache(
                                                ~~~~~~~~~~~~~~~~~~~~~^
        dialect=dialect,
        ^^^^^^^^^^^^^^^^
    ...<4 lines>...
        linting=self.dialect.compiler_linting | compiler.WARN_LINTING,
        ^^^^^^^^^^^^^^^^^^^^^^^^^^^^^^^^^^^^^^^^^^^^^^^^^^^^^^^^^^^^^^
    )
    ^
  File "C:\Users\ADMIN\AppData\Local\Python\pythoncore-3.14-64\Lib\site-packages\sqlalchemy\sql\elements.py", line 715, in _compile_w_cache
    compiled_sql = self._compiler(
        dialect,
    ...<4 lines>...
        **kw,
    )
  File "C:\Users\ADMIN\AppData\Local\Python\pythoncore-3.14-64\Lib\site-packages\sqlalchemy\sql\elements.py", line 323, in _compiler
    return dialect.statement_compiler(dialect, self, **kw)
           ~~~~~~~~~~~~~~~~~~~~~~~~~~^^^^^^^^^^^^^^^^^^^^^
  File "C:\Users\ADMIN\AppData\Local\Python\pythoncore-3.14-64\Lib\site-packages\sqlalchemy\sql\compiler.py", line 1462, in __init__
    Compiled.__init__(self, dialect, statement, **kwargs)
    ~~~~~~~~~~~~~~~~~^^^^^^^^^^^^^^^^^^^^^^^^^^^^^^^^^^^^
  File "C:\Users\ADMIN\AppData\Local\Python\pythoncore-3.14-64\Lib\site-packages\sqlalchemy\sql\compiler.py", line 902, in __init__
    self.string = self.process(self.statement, **compile_kwargs)
                  ~~~~~~~~~~~~^^^^^^^^^^^^^^^^^^^^^^^^^^^^^^^^^^
  File "C:\Users\ADMIN\AppData\Local\Python\pythoncore-3.14-64\Lib\site-packages\sqlalchemy\sql\compiler.py", line 948, in process
    return obj._compiler_dispatch(self, **kwargs)
           ~~~~~~~~~~~~~~~~~~~~~~^^^^^^^^^^^^^^^^
  File "C:\Users\ADMIN\AppData\Local\Python\pythoncore-3.14-64\Lib\site-packages\sqlalchemy\sql\visitors.py", line 138, in _compiler_dispatch
    return meth(self, **kw)  # type: ignore  # noqa: E501
  File "C:\Users\ADMIN\AppData\Local\Python\pythoncore-3.14-64\Lib\site-packages\sqlalchemy\sql\compiler.py", line 4956, in visit_select
    text = self._compose_select_body(
        text,
    ...<6 lines>...
        kwargs,
    )
  File "C:\Users\ADMIN\AppData\Local\Python\pythoncore-3.14-64\Lib\site-packages\sqlalchemy\sql\compiler.py", line 5139, in _compose_select_body
    text += self.order_by_clause(select, **kwargs)
            ~~~~~~~~~~~~~~~~~~~~^^^^^^^^^^^^^^^^^^
  File "C:\Users\ADMIN\AppData\Local\Python\pythoncore-3.14-64\Lib\site-packages\sqlalchemy\sql\compiler.py", line 5248, in order_by_clause
    order_by = self._generate_delimited_list(
        select._order_by_clauses, OPERATORS[operators.comma_op], **kw
    )
  File "C:\Users\ADMIN\AppData\Local\Python\pythoncore-3.14-64\Lib\site-packages\sqlalchemy\sql\compiler.py", line 2783, in _generate_delimited_list
    return separator.join(
           ~~~~~~~~~~~~~~^
        s
        ^
        for s in (c._compiler_dispatch(self, **kw) for c in elements)
        ^^^^^^^^^^^^^^^^^^^^^^^^^^^^^^^^^^^^^^^^^^^^^^^^^^^^^^^^^^^^^
        if s
        ^^^^
    )
    ^
  File "C:\Users\ADMIN\AppData\Local\Python\pythoncore-3.14-64\Lib\site-packages\sqlalchemy\sql\compiler.py", line 2785, in <genexpr>
    for s in (c._compiler_dispatch(self, **kw) for c in elements)
             ^^^^^^^^^^^^^^^^^^^^^^^^^^^^^^^^^^^^^^^^^^^^^^^^^^^^
  File "C:\Users\ADMIN\AppData\Local\Python\pythoncore-3.14-64\Lib\site-packages\sqlalchemy\sql\compiler.py", line 2785, in <genexpr>
    for s in (c._compiler_dispatch(self, **kw) for c in elements)
              ~~~~~~~~~~~~~~~~~~~~^^^^^^^^^^^^
  File "C:\Users\ADMIN\AppData\Local\Python\pythoncore-3.14-64\Lib\site-packages\sqlalchemy\sql\visitors.py", line 138, in _compiler_dispatch
    return meth(self, **kw)  # type: ignore  # noqa: E501
  File "C:\Users\ADMIN\AppData\Local\Python\pythoncore-3.14-64\Lib\site-packages\sqlalchemy\sql\compiler.py", line 2532, in visit_textual_label_reference
    coercions._no_text_coercion(
    ~~~~~~~~~~~~~~~~~~~~~~~~~~~^
        element.element,
        ^^^^^^^^^^^^^^^^
    ...<5 lines>...
        err=err,
        ^^^^^^^^
    )
    ^
  File "C:\Users\ADMIN\AppData\Local\Python\pythoncore-3.14-64\Lib\site-packages\sqlalchemy\sql\coercions.py", line 585, in _no_text_coercion
    raise exc_cls(
    ...<7 lines>...
    ) from err
sqlalchemy.exc.CompileError: Can't resolve label reference for ORDER BY / GROUP BY / DISTINCT etc. Textual SQL expression 'created_at desc' should be explicitly declared as text('created_at desc')
[2026-07-03 15:16:46] ERROR    projects:78 — Error loading project detail id=2: Can't resolve label reference for ORDER BY / GROUP BY / DISTINCT etc. Textual SQL expression 'created_at desc' should be explicitly declared as text('created_at desc')
Traceback (most recent call last):
  File "C:\Users\ADMIN\AppData\Local\Python\pythoncore-3.14-64\Lib\site-packages\sqlalchemy\sql\compiler.py", line 2530, in visit_textual_label_reference
    col = with_cols[element.element]
          ~~~~~~~~~^^^^^^^^^^^^^^^^^
KeyError: 'created_at desc'

The above exception was the direct cause of the following exception:

Traceback (most recent call last):
  File "E:\quoting_studio\app\routes\projects.py", line 76, in detail
    return render_template('projects/detail.html', project=project, windows=windows)
  File "C:\Users\ADMIN\AppData\Local\Python\pythoncore-3.14-64\Lib\site-packages\flask\templating.py", line 150, in render_template
    return _render(app, template, context)
  File "C:\Users\ADMIN\AppData\Local\Python\pythoncore-3.14-64\Lib\site-packages\flask\templating.py", line 131, in _render
    rv = template.render(context)
  File "C:\Users\ADMIN\AppData\Local\Python\pythoncore-3.14-64\Lib\site-packages\jinja2\environment.py", line 1295, in render
    self.environment.handle_exception()
    ~~~~~~~~~~~~~~~~~~~~~~~~~~~~~~~~~^^
  File "C:\Users\ADMIN\AppData\Local\Python\pythoncore-3.14-64\Lib\site-packages\jinja2\environment.py", line 942, in handle_exception
    raise rewrite_traceback_stack(source=source)
  File "E:\quoting_studio\app\templates\projects\detail.html", line 1, in top-level template code
    {% extends 'base.html' %}
  File "E:\quoting_studio\app\templates\base.html", line 45, in top-level template code
    {% block body %}{% endblock %}
    ^^^^^^^^^^^^^^^^^^^^^
  File "E:\quoting_studio\app\templates\projects\detail.html", line 100, in block 'body'
    {% set quotes = project.quotes.order_by('created_at desc').all() %}
    ^^^^^^^^^^^^^^^^^^^^^
  File "C:\Users\ADMIN\AppData\Local\Python\pythoncore-3.14-64\Lib\site-packages\sqlalchemy\orm\query.py", line 2711, in all
    return self._iter().all()  # type: ignore
           ~~~~~~~~~~^^
  File "C:\Users\ADMIN\AppData\Local\Python\pythoncore-3.14-64\Lib\site-packages\sqlalchemy\orm\query.py", line 2864, in _iter
    result: Union[ScalarResult[_T], Result[_T]] = self.session.execute(
                                                  ~~~~~~~~~~~~~~~~~~~~^
        statement,
        ^^^^^^^^^^
        params,
        ^^^^^^^
        execution_options={"_sa_orm_load_options": self.load_options},
        ^^^^^^^^^^^^^^^^^^^^^^^^^^^^^^^^^^^^^^^^^^^^^^^^^^^^^^^^^^^^^^
    )
    ^
  File "C:\Users\ADMIN\AppData\Local\Python\pythoncore-3.14-64\Lib\site-packages\sqlalchemy\orm\session.py", line 2373, in execute
    return self._execute_internal(
           ~~~~~~~~~~~~~~~~~~~~~~^
        statement,
        ^^^^^^^^^^
    ...<4 lines>...
        _add_event=_add_event,
        ^^^^^^^^^^^^^^^^^^^^^^
    )
    ^
  File "C:\Users\ADMIN\AppData\Local\Python\pythoncore-3.14-64\Lib\site-packages\sqlalchemy\orm\session.py", line 2271, in _execute_internal
    result: Result[Any] = compile_state_cls.orm_execute_statement(
                          ~~~~~~~~~~~~~~~~~~~~~~~~~~~~~~~~~~~~~~~^
        self,
        ^^^^^
    ...<4 lines>...
        conn,
        ^^^^^
    )
    ^
  File "C:\Users\ADMIN\AppData\Local\Python\pythoncore-3.14-64\Lib\site-packages\sqlalchemy\orm\context.py", line 306, in orm_execute_statement
    result = conn.execute(
        statement, params or {}, execution_options=execution_options
    )
  File "C:\Users\ADMIN\AppData\Local\Python\pythoncore-3.14-64\Lib\site-packages\sqlalchemy\engine\base.py", line 1421, in execute
    return meth(
        self,
        distilled_parameters,
        execution_options or NO_OPTIONS,
    )
  File "C:\Users\ADMIN\AppData\Local\Python\pythoncore-3.14-64\Lib\site-packages\sqlalchemy\sql\elements.py", line 526, in _execute_on_connection
    return connection._execute_clauseelement(
           ~~~~~~~~~~~~~~~~~~~~~~~~~~~~~~~~~^
        self, distilled_params, execution_options
        ^^^^^^^^^^^^^^^^^^^^^^^^^^^^^^^^^^^^^^^^^
    )
    ^
  File "C:\Users\ADMIN\AppData\Local\Python\pythoncore-3.14-64\Lib\site-packages\sqlalchemy\engine\base.py", line 1635, in _execute_clauseelement
    compiled_sql, extracted_params, cache_hit = elem._compile_w_cache(
                                                ~~~~~~~~~~~~~~~~~~~~~^
        dialect=dialect,
        ^^^^^^^^^^^^^^^^
    ...<4 lines>...
        linting=self.dialect.compiler_linting | compiler.WARN_LINTING,
        ^^^^^^^^^^^^^^^^^^^^^^^^^^^^^^^^^^^^^^^^^^^^^^^^^^^^^^^^^^^^^^
    )
    ^
  File "C:\Users\ADMIN\AppData\Local\Python\pythoncore-3.14-64\Lib\site-packages\sqlalchemy\sql\elements.py", line 715, in _compile_w_cache
    compiled_sql = self._compiler(
        dialect,
    ...<4 lines>...
        **kw,
    )
  File "C:\Users\ADMIN\AppData\Local\Python\pythoncore-3.14-64\Lib\site-packages\sqlalchemy\sql\elements.py", line 323, in _compiler
    return dialect.statement_compiler(dialect, self, **kw)
           ~~~~~~~~~~~~~~~~~~~~~~~~~~^^^^^^^^^^^^^^^^^^^^^
  File "C:\Users\ADMIN\AppData\Local\Python\pythoncore-3.14-64\Lib\site-packages\sqlalchemy\sql\compiler.py", line 1462, in __init__
    Compiled.__init__(self, dialect, statement, **kwargs)
    ~~~~~~~~~~~~~~~~~^^^^^^^^^^^^^^^^^^^^^^^^^^^^^^^^^^^^
  File "C:\Users\ADMIN\AppData\Local\Python\pythoncore-3.14-64\Lib\site-packages\sqlalchemy\sql\compiler.py", line 902, in __init__
    self.string = self.process(self.statement, **compile_kwargs)
                  ~~~~~~~~~~~~^^^^^^^^^^^^^^^^^^^^^^^^^^^^^^^^^^
  File "C:\Users\ADMIN\AppData\Local\Python\pythoncore-3.14-64\Lib\site-packages\sqlalchemy\sql\compiler.py", line 948, in process
    return obj._compiler_dispatch(self, **kwargs)
           ~~~~~~~~~~~~~~~~~~~~~~^^^^^^^^^^^^^^^^
  File "C:\Users\ADMIN\AppData\Local\Python\pythoncore-3.14-64\Lib\site-packages\sqlalchemy\sql\visitors.py", line 138, in _compiler_dispatch
    return meth(self, **kw)  # type: ignore  # noqa: E501
  File "C:\Users\ADMIN\AppData\Local\Python\pythoncore-3.14-64\Lib\site-packages\sqlalchemy\sql\compiler.py", line 4956, in visit_select
    text = self._compose_select_body(
        text,
    ...<6 lines>...
        kwargs,
    )
  File "C:\Users\ADMIN\AppData\Local\Python\pythoncore-3.14-64\Lib\site-packages\sqlalchemy\sql\compiler.py", line 5139, in _compose_select_body
    text += self.order_by_clause(select, **kwargs)
            ~~~~~~~~~~~~~~~~~~~~^^^^^^^^^^^^^^^^^^
  File "C:\Users\ADMIN\AppData\Local\Python\pythoncore-3.14-64\Lib\site-packages\sqlalchemy\sql\compiler.py", line 5248, in order_by_clause
    order_by = self._generate_delimited_list(
        select._order_by_clauses, OPERATORS[operators.comma_op], **kw
    )
  File "C:\Users\ADMIN\AppData\Local\Python\pythoncore-3.14-64\Lib\site-packages\sqlalchemy\sql\compiler.py", line 2783, in _generate_delimited_list
    return separator.join(
           ~~~~~~~~~~~~~~^
        s
        ^
        for s in (c._compiler_dispatch(self, **kw) for c in elements)
        ^^^^^^^^^^^^^^^^^^^^^^^^^^^^^^^^^^^^^^^^^^^^^^^^^^^^^^^^^^^^^
        if s
        ^^^^
    )
    ^
  File "C:\Users\ADMIN\AppData\Local\Python\pythoncore-3.14-64\Lib\site-packages\sqlalchemy\sql\compiler.py", line 2785, in <genexpr>
    for s in (c._compiler_dispatch(self, **kw) for c in elements)
             ^^^^^^^^^^^^^^^^^^^^^^^^^^^^^^^^^^^^^^^^^^^^^^^^^^^^
  File "C:\Users\ADMIN\AppData\Local\Python\pythoncore-3.14-64\Lib\site-packages\sqlalchemy\sql\compiler.py", line 2785, in <genexpr>
    for s in (c._compiler_dispatch(self, **kw) for c in elements)
              ~~~~~~~~~~~~~~~~~~~~^^^^^^^^^^^^
  File "C:\Users\ADMIN\AppData\Local\Python\pythoncore-3.14-64\Lib\site-packages\sqlalchemy\sql\visitors.py", line 138, in _compiler_dispatch
    return meth(self, **kw)  # type: ignore  # noqa: E501
  File "C:\Users\ADMIN\AppData\Local\Python\pythoncore-3.14-64\Lib\site-packages\sqlalchemy\sql\compiler.py", line 2532, in visit_textual_label_reference
    coercions._no_text_coercion(
    ~~~~~~~~~~~~~~~~~~~~~~~~~~~^
        element.element,
        ^^^^^^^^^^^^^^^^
    ...<5 lines>...
        err=err,
        ^^^^^^^^
    )
    ^
  File "C:\Users\ADMIN\AppData\Local\Python\pythoncore-3.14-64\Lib\site-packages\sqlalchemy\sql\coercions.py", line 585, in _no_text_coercion
    raise exc_cls(
    ...<7 lines>...
    ) from err
sqlalchemy.exc.CompileError: Can't resolve label reference for ORDER BY / GROUP BY / DISTINCT etc. Textual SQL expression 'created_at desc' should be explicitly declared as text('created_at desc')
[2026-07-03 15:16:47] ERROR    projects:78 — Error loading project detail id=1: Can't resolve label reference for ORDER BY / GROUP BY / DISTINCT etc. Textual SQL expression 'created_at desc' should be explicitly declared as text('created_at desc')
Traceback (most recent call last):
  File "C:\Users\ADMIN\AppData\Local\Python\pythoncore-3.14-64\Lib\site-packages\sqlalchemy\sql\compiler.py", line 2530, in visit_textual_label_reference
    col = with_cols[element.element]
          ~~~~~~~~~^^^^^^^^^^^^^^^^^
KeyError: 'created_at desc'

The above exception was the direct cause of the following exception:

Traceback (most recent call last):
  File "E:\quoting_studio\app\routes\projects.py", line 76, in detail
    return render_template('projects/detail.html', project=project, windows=windows)
  File "C:\Users\ADMIN\AppData\Local\Python\pythoncore-3.14-64\Lib\site-packages\flask\templating.py", line 150, in render_template
    return _render(app, template, context)
  File "C:\Users\ADMIN\AppData\Local\Python\pythoncore-3.14-64\Lib\site-packages\flask\templating.py", line 131, in _render
    rv = template.render(context)
  File "C:\Users\ADMIN\AppData\Local\Python\pythoncore-3.14-64\Lib\site-packages\jinja2\environment.py", line 1295, in render
    self.environment.handle_exception()
    ~~~~~~~~~~~~~~~~~~~~~~~~~~~~~~~~~^^
  File "C:\Users\ADMIN\AppData\Local\Python\pythoncore-3.14-64\Lib\site-packages\jinja2\environment.py", line 942, in handle_exception
    raise rewrite_traceback_stack(source=source)
  File "E:\quoting_studio\app\templates\projects\detail.html", line 1, in top-level template code
    {% extends 'base.html' %}
  File "E:\quoting_studio\app\templates\base.html", line 45, in top-level template code
    {% block body %}{% endblock %}
    ^^^^^^^^^^^^^^^^^^^^^
  File "E:\quoting_studio\app\templates\projects\detail.html", line 100, in block 'body'
    {% set quotes = project.quotes.order_by('created_at desc').all() %}
    ^^^^^^^^^^^^^^^^^^^^^
  File "C:\Users\ADMIN\AppData\Local\Python\pythoncore-3.14-64\Lib\site-packages\sqlalchemy\orm\query.py", line 2711, in all
    return self._iter().all()  # type: ignore
           ~~~~~~~~~~^^
  File "C:\Users\ADMIN\AppData\Local\Python\pythoncore-3.14-64\Lib\site-packages\sqlalchemy\orm\query.py", line 2864, in _iter
    result: Union[ScalarResult[_T], Result[_T]] = self.session.execute(
                                                  ~~~~~~~~~~~~~~~~~~~~^
        statement,
        ^^^^^^^^^^
        params,
        ^^^^^^^
        execution_options={"_sa_orm_load_options": self.load_options},
        ^^^^^^^^^^^^^^^^^^^^^^^^^^^^^^^^^^^^^^^^^^^^^^^^^^^^^^^^^^^^^^
    )
    ^
  File "C:\Users\ADMIN\AppData\Local\Python\pythoncore-3.14-64\Lib\site-packages\sqlalchemy\orm\session.py", line 2373, in execute
    return self._execute_internal(
           ~~~~~~~~~~~~~~~~~~~~~~^
        statement,
        ^^^^^^^^^^
    ...<4 lines>...
        _add_event=_add_event,
        ^^^^^^^^^^^^^^^^^^^^^^
    )
    ^
  File "C:\Users\ADMIN\AppData\Local\Python\pythoncore-3.14-64\Lib\site-packages\sqlalchemy\orm\session.py", line 2271, in _execute_internal
    result: Result[Any] = compile_state_cls.orm_execute_statement(
                          ~~~~~~~~~~~~~~~~~~~~~~~~~~~~~~~~~~~~~~~^
        self,
        ^^^^^
    ...<4 lines>...
        conn,
        ^^^^^
    )
    ^
  File "C:\Users\ADMIN\AppData\Local\Python\pythoncore-3.14-64\Lib\site-packages\sqlalchemy\orm\context.py", line 306, in orm_execute_statement
    result = conn.execute(
        statement, params or {}, execution_options=execution_options
    )
  File "C:\Users\ADMIN\AppData\Local\Python\pythoncore-3.14-64\Lib\site-packages\sqlalchemy\engine\base.py", line 1421, in execute
    return meth(
        self,
        distilled_parameters,
        execution_options or NO_OPTIONS,
    )
  File "C:\Users\ADMIN\AppData\Local\Python\pythoncore-3.14-64\Lib\site-packages\sqlalchemy\sql\elements.py", line 526, in _execute_on_connection
    return connection._execute_clauseelement(
           ~~~~~~~~~~~~~~~~~~~~~~~~~~~~~~~~~^
        self, distilled_params, execution_options
        ^^^^^^^^^^^^^^^^^^^^^^^^^^^^^^^^^^^^^^^^^
    )
    ^
  File "C:\Users\ADMIN\AppData\Local\Python\pythoncore-3.14-64\Lib\site-packages\sqlalchemy\engine\base.py", line 1635, in _execute_clauseelement
    compiled_sql, extracted_params, cache_hit = elem._compile_w_cache(
                                                ~~~~~~~~~~~~~~~~~~~~~^
        dialect=dialect,
        ^^^^^^^^^^^^^^^^
    ...<4 lines>...
        linting=self.dialect.compiler_linting | compiler.WARN_LINTING,
        ^^^^^^^^^^^^^^^^^^^^^^^^^^^^^^^^^^^^^^^^^^^^^^^^^^^^^^^^^^^^^^
    )
    ^
  File "C:\Users\ADMIN\AppData\Local\Python\pythoncore-3.14-64\Lib\site-packages\sqlalchemy\sql\elements.py", line 715, in _compile_w_cache
    compiled_sql = self._compiler(
        dialect,
    ...<4 lines>...
        **kw,
    )
  File "C:\Users\ADMIN\AppData\Local\Python\pythoncore-3.14-64\Lib\site-packages\sqlalchemy\sql\elements.py", line 323, in _compiler
    return dialect.statement_compiler(dialect, self, **kw)
           ~~~~~~~~~~~~~~~~~~~~~~~~~~^^^^^^^^^^^^^^^^^^^^^
  File "C:\Users\ADMIN\AppData\Local\Python\pythoncore-3.14-64\Lib\site-packages\sqlalchemy\sql\compiler.py", line 1462, in __init__
    Compiled.__init__(self, dialect, statement, **kwargs)
    ~~~~~~~~~~~~~~~~~^^^^^^^^^^^^^^^^^^^^^^^^^^^^^^^^^^^^
  File "C:\Users\ADMIN\AppData\Local\Python\pythoncore-3.14-64\Lib\site-packages\sqlalchemy\sql\compiler.py", line 902, in __init__
    self.string = self.process(self.statement, **compile_kwargs)
                  ~~~~~~~~~~~~^^^^^^^^^^^^^^^^^^^^^^^^^^^^^^^^^^
  File "C:\Users\ADMIN\AppData\Local\Python\pythoncore-3.14-64\Lib\site-packages\sqlalchemy\sql\compiler.py", line 948, in process
    return obj._compiler_dispatch(self, **kwargs)
           ~~~~~~~~~~~~~~~~~~~~~~^^^^^^^^^^^^^^^^
  File "C:\Users\ADMIN\AppData\Local\Python\pythoncore-3.14-64\Lib\site-packages\sqlalchemy\sql\visitors.py", line 138, in _compiler_dispatch
    return meth(self, **kw)  # type: ignore  # noqa: E501
  File "C:\Users\ADMIN\AppData\Local\Python\pythoncore-3.14-64\Lib\site-packages\sqlalchemy\sql\compiler.py", line 4956, in visit_select
    text = self._compose_select_body(
        text,
    ...<6 lines>...
        kwargs,
    )
  File "C:\Users\ADMIN\AppData\Local\Python\pythoncore-3.14-64\Lib\site-packages\sqlalchemy\sql\compiler.py", line 5139, in _compose_select_body
    text += self.order_by_clause(select, **kwargs)
            ~~~~~~~~~~~~~~~~~~~~^^^^^^^^^^^^^^^^^^
  File "C:\Users\ADMIN\AppData\Local\Python\pythoncore-3.14-64\Lib\site-packages\sqlalchemy\sql\compiler.py", line 5248, in order_by_clause
    order_by = self._generate_delimited_list(
        select._order_by_clauses, OPERATORS[operators.comma_op], **kw
    )
  File "C:\Users\ADMIN\AppData\Local\Python\pythoncore-3.14-64\Lib\site-packages\sqlalchemy\sql\compiler.py", line 2783, in _generate_delimited_list
    return separator.join(
           ~~~~~~~~~~~~~~^
        s
        ^
        for s in (c._compiler_dispatch(self, **kw) for c in elements)
        ^^^^^^^^^^^^^^^^^^^^^^^^^^^^^^^^^^^^^^^^^^^^^^^^^^^^^^^^^^^^^
        if s
        ^^^^
    )
    ^
  File "C:\Users\ADMIN\AppData\Local\Python\pythoncore-3.14-64\Lib\site-packages\sqlalchemy\sql\compiler.py", line 2785, in <genexpr>
    for s in (c._compiler_dispatch(self, **kw) for c in elements)
             ^^^^^^^^^^^^^^^^^^^^^^^^^^^^^^^^^^^^^^^^^^^^^^^^^^^^
  File "C:\Users\ADMIN\AppData\Local\Python\pythoncore-3.14-64\Lib\site-packages\sqlalchemy\sql\compiler.py", line 2785, in <genexpr>
    for s in (c._compiler_dispatch(self, **kw) for c in elements)
              ~~~~~~~~~~~~~~~~~~~~^^^^^^^^^^^^
  File "C:\Users\ADMIN\AppData\Local\Python\pythoncore-3.14-64\Lib\site-packages\sqlalchemy\sql\visitors.py", line 138, in _compiler_dispatch
    return meth(self, **kw)  # type: ignore  # noqa: E501
  File "C:\Users\ADMIN\AppData\Local\Python\pythoncore-3.14-64\Lib\site-packages\sqlalchemy\sql\compiler.py", line 2532, in visit_textual_label_reference
    coercions._no_text_coercion(
    ~~~~~~~~~~~~~~~~~~~~~~~~~~~^
        element.element,
        ^^^^^^^^^^^^^^^^
    ...<5 lines>...
        err=err,
        ^^^^^^^^
    )
    ^
  File "C:\Users\ADMIN\AppData\Local\Python\pythoncore-3.14-64\Lib\site-packages\sqlalchemy\sql\coercions.py", line 585, in _no_text_coercion
    raise exc_cls(
    ...<7 lines>...
    ) from err
sqlalchemy.exc.CompileError: Can't resolve label reference for ORDER BY / GROUP BY / DISTINCT etc. Textual SQL expression 'created_at desc' should be explicitly declared as text('created_at desc')
[2026-07-03 15:20:00] INFO     logging_config:160 — Quoting Studio — logging initialised (debug=True)
[2026-07-03 15:20:22] INFO     logging_config:160 — Quoting Studio — logging initialised (debug=True)
[2026-07-03 15:21:01] INFO     __init__:86 — 404 Not Found — GET /favicon.ico
[2026-07-03 15:21:07] ERROR    pdf_quote:322 — PDF generation error for quote QS-202607-001: cannot load library 'gobject-2.0-0': error 0x7e.  Additionally, ctypes.util.find_library() did not manage to locate a library called 'gobject-2.0-0'
Traceback (most recent call last):
  File "E:\quoting_studio\app\services\pdf_quote.py", line 298, in generate_quote_pdf
    from weasyprint import HTML
  File "C:\Users\ADMIN\AppData\Local\Python\pythoncore-3.14-64\Lib\site-packages\weasyprint\__init__.py", line 419, in <module>
    from .css import preprocess_stylesheet  # noqa: I001, E402
    ^^^^^^^^^^^^^^^^^^^^^^^^^^^^^^^^^^^^^^
  File "C:\Users\ADMIN\AppData\Local\Python\pythoncore-3.14-64\Lib\site-packages\weasyprint\css\__init__.py", line 28, in <module>
    from .computed_values import COMPUTER_FUNCTIONS
  File "C:\Users\ADMIN\AppData\Local\Python\pythoncore-3.14-64\Lib\site-packages\weasyprint\css\computed_values.py", line 9, in <module>
    from ..text.ffi import ffi, pango, units_to_double
  File "C:\Users\ADMIN\AppData\Local\Python\pythoncore-3.14-64\Lib\site-packages\weasyprint\text\ffi.py", line 431, in <module>
    gobject = _dlopen(
        ffi, 'gobject-2.0-0', 'gobject-2.0', 'libgobject-2.0-0',
        'libgobject-2.0.so.0', 'libgobject-2.0.dylib', 'libgobject-2.0-0.dll')
  File "C:\Users\ADMIN\AppData\Local\Python\pythoncore-3.14-64\Lib\site-packages\weasyprint\text\ffi.py", line 420, in _dlopen
    return ffi.dlopen(names[0])  # pragma: no cover
           ~~~~~~~~~~^^^^^^^^^^
  File "C:\Users\ADMIN\AppData\Local\Python\pythoncore-3.14-64\Lib\site-packages\cffi\api.py", line 150, in dlopen
    lib, function_cache = _make_ffi_library(self, name, flags)
                          ~~~~~~~~~~~~~~~~~^^^^^^^^^^^^^^^^^^^
  File "C:\Users\ADMIN\AppData\Local\Python\pythoncore-3.14-64\Lib\site-packages\cffi\api.py", line 834, in _make_ffi_library
    backendlib = _load_backend_lib(backend, libname, flags)
  File "C:\Users\ADMIN\AppData\Local\Python\pythoncore-3.14-64\Lib\site-packages\cffi\api.py", line 829, in _load_backend_lib
    raise OSError(msg)
OSError: cannot load library 'gobject-2.0-0': error 0x7e.  Additionally, ctypes.util.find_library() did not manage to locate a library called 'gobject-2.0-0'
[2026-07-03 15:21:07] ERROR    quote:79 — PDF generation failed for quote QS-202607-001: cannot load library 'gobject-2.0-0': error 0x7e.  Additionally, ctypes.util.find_library() did not manage to locate a library called 'gobject-2.0-0'
Traceback (most recent call last):
  File "E:\quoting_studio\app\routes\quote.py", line 63, in generate
    pdf_bytes = generate_quote_pdf(
        quote       = quote,
    ...<3 lines>...
        vat_amt     = vat_amt,
    )
  File "E:\quoting_studio\app\services\pdf_quote.py", line 298, in generate_quote_pdf
    from weasyprint import HTML
  File "C:\Users\ADMIN\AppData\Local\Python\pythoncore-3.14-64\Lib\site-packages\weasyprint\__init__.py", line 419, in <module>
    from .css import preprocess_stylesheet  # noqa: I001, E402
    ^^^^^^^^^^^^^^^^^^^^^^^^^^^^^^^^^^^^^^
  File "C:\Users\ADMIN\AppData\Local\Python\pythoncore-3.14-64\Lib\site-packages\weasyprint\css\__init__.py", line 28, in <module>
    from .computed_values import COMPUTER_FUNCTIONS
  File "C:\Users\ADMIN\AppData\Local\Python\pythoncore-3.14-64\Lib\site-packages\weasyprint\css\computed_values.py", line 9, in <module>
    from ..text.ffi import ffi, pango, units_to_double
  File "C:\Users\ADMIN\AppData\Local\Python\pythoncore-3.14-64\Lib\site-packages\weasyprint\text\ffi.py", line 431, in <module>
    gobject = _dlopen(
        ffi, 'gobject-2.0-0', 'gobject-2.0', 'libgobject-2.0-0',
        'libgobject-2.0.so.0', 'libgobject-2.0.dylib', 'libgobject-2.0-0.dll')
  File "C:\Users\ADMIN\AppData\Local\Python\pythoncore-3.14-64\Lib\site-packages\weasyprint\text\ffi.py", line 420, in _dlopen
    return ffi.dlopen(names[0])  # pragma: no cover
           ~~~~~~~~~~^^^^^^^^^^
  File "C:\Users\ADMIN\AppData\Local\Python\pythoncore-3.14-64\Lib\site-packages\cffi\api.py", line 150, in dlopen
    lib, function_cache = _make_ffi_library(self, name, flags)
                          ~~~~~~~~~~~~~~~~~^^^^^^^^^^^^^^^^^^^
  File "C:\Users\ADMIN\AppData\Local\Python\pythoncore-3.14-64\Lib\site-packages\cffi\api.py", line 834, in _make_ffi_library
    backendlib = _load_backend_lib(backend, libname, flags)
  File "C:\Users\ADMIN\AppData\Local\Python\pythoncore-3.14-64\Lib\site-packages\cffi\api.py", line 829, in _load_backend_lib
    raise OSError(msg)
OSError: cannot load library 'gobject-2.0-0': error 0x7e.  Additionally, ctypes.util.find_library() did not manage to locate a library called 'gobject-2.0-0'
[2026-07-03 15:21:07] INFO     quote:91 — Quote generated: QS-202607-001 project=2 total=379.49
[2026-07-03 15:21:29] INFO     quote:192 — Quote marked sent: QS-202607-001
[2026-07-03 15:21:35] ERROR    pdf_quote:322 — PDF generation error for quote QS-202607-001: cannot load library 'gobject-2.0-0': error 0x7e.  Additionally, ctypes.util.find_library() did not manage to locate a library called 'gobject-2.0-0'
Traceback (most recent call last):
  File "E:\quoting_studio\app\services\pdf_quote.py", line 298, in generate_quote_pdf
    from weasyprint import HTML
  File "C:\Users\ADMIN\AppData\Local\Python\pythoncore-3.14-64\Lib\site-packages\weasyprint\__init__.py", line 419, in <module>
    from .css import preprocess_stylesheet  # noqa: I001, E402
    ^^^^^^^^^^^^^^^^^^^^^^^^^^^^^^^^^^^^^^
  File "C:\Users\ADMIN\AppData\Local\Python\pythoncore-3.14-64\Lib\site-packages\weasyprint\css\__init__.py", line 28, in <module>
    from .computed_values import COMPUTER_FUNCTIONS
  File "C:\Users\ADMIN\AppData\Local\Python\pythoncore-3.14-64\Lib\site-packages\weasyprint\css\computed_values.py", line 9, in <module>
    from ..text.ffi import ffi, pango, units_to_double
  File "C:\Users\ADMIN\AppData\Local\Python\pythoncore-3.14-64\Lib\site-packages\weasyprint\text\ffi.py", line 431, in <module>
    gobject = _dlopen(
        ffi, 'gobject-2.0-0', 'gobject-2.0', 'libgobject-2.0-0',
        'libgobject-2.0.so.0', 'libgobject-2.0.dylib', 'libgobject-2.0-0.dll')
  File "C:\Users\ADMIN\AppData\Local\Python\pythoncore-3.14-64\Lib\site-packages\weasyprint\text\ffi.py", line 420, in _dlopen
    return ffi.dlopen(names[0])  # pragma: no cover
           ~~~~~~~~~~^^^^^^^^^^
  File "C:\Users\ADMIN\AppData\Local\Python\pythoncore-3.14-64\Lib\site-packages\cffi\api.py", line 150, in dlopen
    lib, function_cache = _make_ffi_library(self, name, flags)
                          ~~~~~~~~~~~~~~~~~^^^^^^^^^^^^^^^^^^^
  File "C:\Users\ADMIN\AppData\Local\Python\pythoncore-3.14-64\Lib\site-packages\cffi\api.py", line 834, in _make_ffi_library
    backendlib = _load_backend_lib(backend, libname, flags)
  File "C:\Users\ADMIN\AppData\Local\Python\pythoncore-3.14-64\Lib\site-packages\cffi\api.py", line 829, in _load_backend_lib
    raise OSError(msg)
OSError: cannot load library 'gobject-2.0-0': error 0x7e.  Additionally, ctypes.util.find_library() did not manage to locate a library called 'gobject-2.0-0'
[2026-07-03 15:21:35] ERROR    quote:174 — download_pdf error quote=1: cannot load library 'gobject-2.0-0': error 0x7e.  Additionally, ctypes.util.find_library() did not manage to locate a library called 'gobject-2.0-0'
Traceback (most recent call last):
  File "E:\quoting_studio\app\routes\quote.py", line 160, in download_pdf
    pdf_bytes = generate_quote_pdf(
        quote=quote, project=project, tenant=current_user.tenant,
        window_lines=window_lines, vat_amt=quote.vat_amount,
    )
  File "E:\quoting_studio\app\services\pdf_quote.py", line 298, in generate_quote_pdf
    from weasyprint import HTML
  File "C:\Users\ADMIN\AppData\Local\Python\pythoncore-3.14-64\Lib\site-packages\weasyprint\__init__.py", line 419, in <module>
    from .css import preprocess_stylesheet  # noqa: I001, E402
    ^^^^^^^^^^^^^^^^^^^^^^^^^^^^^^^^^^^^^^
  File "C:\Users\ADMIN\AppData\Local\Python\pythoncore-3.14-64\Lib\site-packages\weasyprint\css\__init__.py", line 28, in <module>
    from .computed_values import COMPUTER_FUNCTIONS
  File "C:\Users\ADMIN\AppData\Local\Python\pythoncore-3.14-64\Lib\site-packages\weasyprint\css\computed_values.py", line 9, in <module>
    from ..text.ffi import ffi, pango, units_to_double
  File "C:\Users\ADMIN\AppData\Local\Python\pythoncore-3.14-64\Lib\site-packages\weasyprint\text\ffi.py", line 431, in <module>
    gobject = _dlopen(
        ffi, 'gobject-2.0-0', 'gobject-2.0', 'libgobject-2.0-0',
        'libgobject-2.0.so.0', 'libgobject-2.0.dylib', 'libgobject-2.0-0.dll')
  File "C:\Users\ADMIN\AppData\Local\Python\pythoncore-3.14-64\Lib\site-packages\weasyprint\text\ffi.py", line 420, in _dlopen
    return ffi.dlopen(names[0])  # pragma: no cover
           ~~~~~~~~~~^^^^^^^^^^
  File "C:\Users\ADMIN\AppData\Local\Python\pythoncore-3.14-64\Lib\site-packages\cffi\api.py", line 150, in dlopen
    lib, function_cache = _make_ffi_library(self, name, flags)
                          ~~~~~~~~~~~~~~~~~^^^^^^^^^^^^^^^^^^^
  File "C:\Users\ADMIN\AppData\Local\Python\pythoncore-3.14-64\Lib\site-packages\cffi\api.py", line 834, in _make_ffi_library
    backendlib = _load_backend_lib(backend, libname, flags)
  File "C:\Users\ADMIN\AppData\Local\Python\pythoncore-3.14-64\Lib\site-packages\cffi\api.py", line 829, in _load_backend_lib
    raise OSError(msg)
OSError: cannot load library 'gobject-2.0-0': error 0x7e.  Additionally, ctypes.util.find_library() did not manage to locate a library called 'gobject-2.0-0'
[2026-07-03 15:21:55] ERROR    pdf_quote:322 — PDF generation error for quote QS-202607-002: cannot load library 'gobject-2.0-0': error 0x7e.  Additionally, ctypes.util.find_library() did not manage to locate a library called 'gobject-2.0-0'
Traceback (most recent call last):
  File "E:\quoting_studio\app\services\pdf_quote.py", line 298, in generate_quote_pdf
    from weasyprint import HTML
  File "C:\Users\ADMIN\AppData\Local\Python\pythoncore-3.14-64\Lib\site-packages\weasyprint\__init__.py", line 419, in <module>
    from .css import preprocess_stylesheet  # noqa: I001, E402
    ^^^^^^^^^^^^^^^^^^^^^^^^^^^^^^^^^^^^^^
  File "C:\Users\ADMIN\AppData\Local\Python\pythoncore-3.14-64\Lib\site-packages\weasyprint\css\__init__.py", line 28, in <module>
    from .computed_values import COMPUTER_FUNCTIONS
  File "C:\Users\ADMIN\AppData\Local\Python\pythoncore-3.14-64\Lib\site-packages\weasyprint\css\computed_values.py", line 9, in <module>
    from ..text.ffi import ffi, pango, units_to_double
  File "C:\Users\ADMIN\AppData\Local\Python\pythoncore-3.14-64\Lib\site-packages\weasyprint\text\ffi.py", line 431, in <module>
    gobject = _dlopen(
        ffi, 'gobject-2.0-0', 'gobject-2.0', 'libgobject-2.0-0',
        'libgobject-2.0.so.0', 'libgobject-2.0.dylib', 'libgobject-2.0-0.dll')
  File "C:\Users\ADMIN\AppData\Local\Python\pythoncore-3.14-64\Lib\site-packages\weasyprint\text\ffi.py", line 420, in _dlopen
    return ffi.dlopen(names[0])  # pragma: no cover
           ~~~~~~~~~~^^^^^^^^^^
  File "C:\Users\ADMIN\AppData\Local\Python\pythoncore-3.14-64\Lib\site-packages\cffi\api.py", line 150, in dlopen
    lib, function_cache = _make_ffi_library(self, name, flags)
                          ~~~~~~~~~~~~~~~~~^^^^^^^^^^^^^^^^^^^
  File "C:\Users\ADMIN\AppData\Local\Python\pythoncore-3.14-64\Lib\site-packages\cffi\api.py", line 834, in _make_ffi_library
    backendlib = _load_backend_lib(backend, libname, flags)
  File "C:\Users\ADMIN\AppData\Local\Python\pythoncore-3.14-64\Lib\site-packages\cffi\api.py", line 829, in _load_backend_lib
    raise OSError(msg)
OSError: cannot load library 'gobject-2.0-0': error 0x7e.  Additionally, ctypes.util.find_library() did not manage to locate a library called 'gobject-2.0-0'
[2026-07-03 15:21:55] ERROR    quote:79 — PDF generation failed for quote QS-202607-002: cannot load library 'gobject-2.0-0': error 0x7e.  Additionally, ctypes.util.find_library() did not manage to locate a library called 'gobject-2.0-0'
Traceback (most recent call last):
  File "E:\quoting_studio\app\routes\quote.py", line 63, in generate
    pdf_bytes = generate_quote_pdf(
        quote       = quote,
    ...<3 lines>...
        vat_amt     = vat_amt,
    )
  File "E:\quoting_studio\app\services\pdf_quote.py", line 298, in generate_quote_pdf
    from weasyprint import HTML
  File "C:\Users\ADMIN\AppData\Local\Python\pythoncore-3.14-64\Lib\site-packages\weasyprint\__init__.py", line 419, in <module>
    from .css import preprocess_stylesheet  # noqa: I001, E402
    ^^^^^^^^^^^^^^^^^^^^^^^^^^^^^^^^^^^^^^
  File "C:\Users\ADMIN\AppData\Local\Python\pythoncore-3.14-64\Lib\site-packages\weasyprint\css\__init__.py", line 28, in <module>
    from .computed_values import COMPUTER_FUNCTIONS
  File "C:\Users\ADMIN\AppData\Local\Python\pythoncore-3.14-64\Lib\site-packages\weasyprint\css\computed_values.py", line 9, in <module>
    from ..text.ffi import ffi, pango, units_to_double
  File "C:\Users\ADMIN\AppData\Local\Python\pythoncore-3.14-64\Lib\site-packages\weasyprint\text\ffi.py", line 431, in <module>
    gobject = _dlopen(
        ffi, 'gobject-2.0-0', 'gobject-2.0', 'libgobject-2.0-0',
        'libgobject-2.0.so.0', 'libgobject-2.0.dylib', 'libgobject-2.0-0.dll')
  File "C:\Users\ADMIN\AppData\Local\Python\pythoncore-3.14-64\Lib\site-packages\weasyprint\text\ffi.py", line 420, in _dlopen
    return ffi.dlopen(names[0])  # pragma: no cover
           ~~~~~~~~~~^^^^^^^^^^
  File "C:\Users\ADMIN\AppData\Local\Python\pythoncore-3.14-64\Lib\site-packages\cffi\api.py", line 150, in dlopen
    lib, function_cache = _make_ffi_library(self, name, flags)
                          ~~~~~~~~~~~~~~~~~^^^^^^^^^^^^^^^^^^^
  File "C:\Users\ADMIN\AppData\Local\Python\pythoncore-3.14-64\Lib\site-packages\cffi\api.py", line 834, in _make_ffi_library
    backendlib = _load_backend_lib(backend, libname, flags)
  File "C:\Users\ADMIN\AppData\Local\Python\pythoncore-3.14-64\Lib\site-packages\cffi\api.py", line 829, in _load_backend_lib
    raise OSError(msg)
OSError: cannot load library 'gobject-2.0-0': error 0x7e.  Additionally, ctypes.util.find_library() did not manage to locate a library called 'gobject-2.0-0'
[2026-07-03 15:21:55] INFO     quote:91 — Quote generated: QS-202607-002 project=1 total=860.98
[2026-07-03 15:27:17] INFO     logging_config:160 — Quoting Studio — logging initialised (debug=True)
[2026-07-03 15:27:29] INFO     __init__:86 — 404 Not Found — GET /favicon.ico
[2026-07-03 15:28:02] ERROR    pdf_quote:322 — PDF generation error for quote QS-202607-002: cannot load library 'gobject-2.0-0': error 0x7e.  Additionally, ctypes.util.find_library() did not manage to locate a library called 'gobject-2.0-0'
Traceback (most recent call last):
  File "E:\quoting_studio\app\services\pdf_quote.py", line 298, in generate_quote_pdf
    from weasyprint import HTML
  File "C:\Users\ADMIN\AppData\Local\Python\pythoncore-3.14-64\Lib\site-packages\weasyprint\__init__.py", line 419, in <module>
    from .css import preprocess_stylesheet  # noqa: I001, E402
    ^^^^^^^^^^^^^^^^^^^^^^^^^^^^^^^^^^^^^^
  File "C:\Users\ADMIN\AppData\Local\Python\pythoncore-3.14-64\Lib\site-packages\weasyprint\css\__init__.py", line 28, in <module>
    from .computed_values import COMPUTER_FUNCTIONS
  File "C:\Users\ADMIN\AppData\Local\Python\pythoncore-3.14-64\Lib\site-packages\weasyprint\css\computed_values.py", line 9, in <module>
    from ..text.ffi import ffi, pango, units_to_double
  File "C:\Users\ADMIN\AppData\Local\Python\pythoncore-3.14-64\Lib\site-packages\weasyprint\text\ffi.py", line 431, in <module>
    gobject = _dlopen(
        ffi, 'gobject-2.0-0', 'gobject-2.0', 'libgobject-2.0-0',
        'libgobject-2.0.so.0', 'libgobject-2.0.dylib', 'libgobject-2.0-0.dll')
  File "C:\Users\ADMIN\AppData\Local\Python\pythoncore-3.14-64\Lib\site-packages\weasyprint\text\ffi.py", line 420, in _dlopen
    return ffi.dlopen(names[0])  # pragma: no cover
           ~~~~~~~~~~^^^^^^^^^^
  File "C:\Users\ADMIN\AppData\Local\Python\pythoncore-3.14-64\Lib\site-packages\cffi\api.py", line 150, in dlopen
    lib, function_cache = _make_ffi_library(self, name, flags)
                          ~~~~~~~~~~~~~~~~~^^^^^^^^^^^^^^^^^^^
  File "C:\Users\ADMIN\AppData\Local\Python\pythoncore-3.14-64\Lib\site-packages\cffi\api.py", line 834, in _make_ffi_library
    backendlib = _load_backend_lib(backend, libname, flags)
  File "C:\Users\ADMIN\AppData\Local\Python\pythoncore-3.14-64\Lib\site-packages\cffi\api.py", line 829, in _load_backend_lib
    raise OSError(msg)
OSError: cannot load library 'gobject-2.0-0': error 0x7e.  Additionally, ctypes.util.find_library() did not manage to locate a library called 'gobject-2.0-0'
[2026-07-03 15:28:02] ERROR    quote:174 — download_pdf error quote=2: cannot load library 'gobject-2.0-0': error 0x7e.  Additionally, ctypes.util.find_library() did not manage to locate a library called 'gobject-2.0-0'
Traceback (most recent call last):
  File "E:\quoting_studio\app\routes\quote.py", line 160, in download_pdf
    pdf_bytes = generate_quote_pdf(
        quote=quote, project=project, tenant=current_user.tenant,
        window_lines=window_lines, vat_amt=quote.vat_amount,
    )
  File "E:\quoting_studio\app\services\pdf_quote.py", line 298, in generate_quote_pdf
    from weasyprint import HTML
  File "C:\Users\ADMIN\AppData\Local\Python\pythoncore-3.14-64\Lib\site-packages\weasyprint\__init__.py", line 419, in <module>
    from .css import preprocess_stylesheet  # noqa: I001, E402
    ^^^^^^^^^^^^^^^^^^^^^^^^^^^^^^^^^^^^^^
  File "C:\Users\ADMIN\AppData\Local\Python\pythoncore-3.14-64\Lib\site-packages\weasyprint\css\__init__.py", line 28, in <module>
    from .computed_values import COMPUTER_FUNCTIONS
  File "C:\Users\ADMIN\AppData\Local\Python\pythoncore-3.14-64\Lib\site-packages\weasyprint\css\computed_values.py", line 9, in <module>
    from ..text.ffi import ffi, pango, units_to_double
  File "C:\Users\ADMIN\AppData\Local\Python\pythoncore-3.14-64\Lib\site-packages\weasyprint\text\ffi.py", line 431, in <module>
    gobject = _dlopen(
        ffi, 'gobject-2.0-0', 'gobject-2.0', 'libgobject-2.0-0',
        'libgobject-2.0.so.0', 'libgobject-2.0.dylib', 'libgobject-2.0-0.dll')
  File "C:\Users\ADMIN\AppData\Local\Python\pythoncore-3.14-64\Lib\site-packages\weasyprint\text\ffi.py", line 420, in _dlopen
    return ffi.dlopen(names[0])  # pragma: no cover
           ~~~~~~~~~~^^^^^^^^^^
  File "C:\Users\ADMIN\AppData\Local\Python\pythoncore-3.14-64\Lib\site-packages\cffi\api.py", line 150, in dlopen
    lib, function_cache = _make_ffi_library(self, name, flags)
                          ~~~~~~~~~~~~~~~~~^^^^^^^^^^^^^^^^^^^
  File "C:\Users\ADMIN\AppData\Local\Python\pythoncore-3.14-64\Lib\site-packages\cffi\api.py", line 834, in _make_ffi_library
    backendlib = _load_backend_lib(backend, libname, flags)
  File "C:\Users\ADMIN\AppData\Local\Python\pythoncore-3.14-64\Lib\site-packages\cffi\api.py", line 829, in _load_backend_lib
    raise OSError(msg)
OSError: cannot load library 'gobject-2.0-0': error 0x7e.  Additionally, ctypes.util.find_library() did not manage to locate a library called 'gobject-2.0-0'
[2026-07-03 15:35:02] INFO     logging_config:160 — Quoting Studio — logging initialised (debug=True)
[2026-07-03 15:37:58] INFO     logging_config:160 — Quoting Studio — logging initialised (debug=True)
[2026-07-03 15:37:59] INFO     logging_config:160 — Quoting Studio — logging initialised (debug=True)
[2026-07-03 15:38:42] INFO     projects:132 — Project deleted: id=1 tenant=1
[2026-07-03 15:38:47] INFO     projects:132 — Project deleted: id=2 tenant=1
[2026-07-03 16:02:16] INFO     projects:50 — Project created: id=3 customer=AG tenant=1
[2026-07-03 16:02:23] INFO     v1:67 — save_panes: window=4 cells=1
[2026-07-03 16:02:24] INFO     v1:67 — save_panes: window=4 cells=1
[2026-07-03 16:02:25] INFO     v1:67 — save_panes: window=4 cells=1
[2026-07-03 16:02:32] INFO     v1:67 — save_panes: window=4 cells=1
[2026-07-03 16:02:32] INFO     v1:197 — save_render: window=4 saved 52709 bytes → E:\quoting_studio\uploads\renders\window-4.png
[2026-07-03 16:04:15] INFO     v1:67 — save_panes: window=4 cells=1
[2026-07-03 16:04:17] INFO     v1:67 — save_panes: window=4 cells=1
[2026-07-03 16:04:19] INFO     v1:67 — save_panes: window=4 cells=1
[2026-07-03 16:04:20] INFO     v1:67 — save_panes: window=4 cells=1
[2026-07-03 16:04:22] INFO     v1:67 — save_panes: window=4 cells=1
[2026-07-03 16:04:23] INFO     v1:67 — save_panes: window=4 cells=1
[2026-07-03 16:04:24] INFO     v1:67 — save_panes: window=4 cells=1
[2026-07-03 16:04:27] INFO     v1:67 — save_panes: window=4 cells=3
[2026-07-03 16:11:34] ERROR    v1:138 — export_dxf error window=4: a bytes-like object is required, not 'str'
Traceback (most recent call last):
  File "E:\quoting_studio\app\api\v1.py", line 126, in export_dxf
    dxf    = generate_window_dxf(window, panes)
  File "E:\quoting_studio\app\services\cad_export.py", line 43, in generate_window_dxf
    doc.write(buf)
    ~~~~~~~~~^^^^^
  File "C:\Users\ADMIN\AppData\Local\Python\pythoncore-3.14-64\Lib\site-packages\ezdxf\document.py", line 621, in write
    self.export_sections(tagwriter)
    ~~~~~~~~~~~~~~~~~~~~^^^^^^^^^^^
  File "C:\Users\ADMIN\AppData\Local\Python\pythoncore-3.14-64\Lib\site-packages\ezdxf\document.py", line 635, in export_sections
    self.header.export_dxf(tagwriter)
    ~~~~~~~~~~~~~~~~~~~~~~^^^^^^^^^^^
  File "C:\Users\ADMIN\AppData\Local\Python\pythoncore-3.14-64\Lib\site-packages\ezdxf\sections\header.py", line 260, in export_dxf
    tagwriter.write_str("  0\nSECTION\n  2\nHEADER\n")
    ~~~~~~~~~~~~~~~~~~~^^^^^^^^^^^^^^^^^^^^^^^^^^^^^^^
  File "C:\Users\ADMIN\AppData\Local\Python\pythoncore-3.14-64\Lib\site-packages\ezdxf\lldxf\tagwriter.py", line 80, in write_str
    self._stream.write(s)
    ~~~~~~~~~~~~~~~~~~^^^
TypeError: a bytes-like object is required, not 'str'
[2026-07-03 16:16:58] INFO     logging_config:160 — Quoting Studio — logging initialised (debug=True)
[2026-07-03 16:18:32] INFO     logging_config:160 — Quoting Studio — logging initialised (debug=True)
[2026-07-03 16:19:00] INFO     logging_config:160 — Quoting Studio — logging initialised (debug=True)
[2026-07-03 16:19:46] INFO     logging_config:160 — Quoting Studio — logging initialised (debug=True)
[2026-07-03 16:20:18] INFO     logging_config:160 — Quoting Studio — logging initialised (debug=True)
[2026-07-03 16:21:09] INFO     __init__:89 — 404 Not Found — GET /favicon.ico
[2026-07-03 16:21:11] INFO     cad_export:98 — DXF built: window=4 1200x1400 bar=40mm → 38610 bytes
[2026-07-03 16:21:11] INFO     v1:131 — DXF export: window=4 bytes=38610
[2026-07-03 16:21:41] INFO     settings:343 — PWQ-3645 profile seeded for tenant=1
[2026-07-03 16:21:56] INFO     dwg_extractor:44 — Extracting profile from: profile-1-125df3e1.dwg
[2026-07-03 16:21:56] INFO     dwg_extractor:53 — ODA not available — using binary scan for profile-1-125df3e1.dwg
[2026-07-03 16:21:56] ERROR    settings:400 — DWG upload/extract error: sequence item 0: expected a bytes-like object, int found
Traceback (most recent call last):
  File "E:\quoting_studio\app\routes\settings.py", line 378, in upload_dwg
    result = extract_profile_from_dwg(filepath)
  File "E:\quoting_studio\app\services\dwg_extractor.py", line 54, in extract_profile_from_dwg
    return _binary_scan(dwg_path)
  File "E:\quoting_studio\app\services\dwg_extractor.py", line 183, in _binary_scan
    layers    = _scan_utf16_layers(data)
  File "E:\quoting_studio\app\services\dwg_extractor.py", line 263, in _scan_utf16_layers
    utf16 = b'\x00'.join(kw) + b'\x00'
            ~~~~~~~~~~~~^^^^
TypeError: sequence item 0: expected a bytes-like object, int found
[2026-07-03 16:47:24] INFO     logging_config:160 — Quoting Studio — logging initialised (debug=True)
[2026-07-03 16:48:04] INFO     __init__:89 — 404 Not Found — GET /favicon.ico
[2026-07-03 16:48:31] INFO     settings:340 — PWQ-3645 profile seeded for tenant=1
[2026-07-03 16:53:10] INFO     v1:67 — save_panes: window=4 cells=1
[2026-07-03 16:53:12] INFO     v1:67 — save_panes: window=4 cells=1
[2026-07-03 16:53:15] INFO     v1:67 — save_panes: window=4 cells=1
[2026-07-03 16:53:17] INFO     v1:67 — save_panes: window=4 cells=1
[2026-07-03 17:04:48] INFO     logging_config:160 — Quoting Studio — logging initialised (debug=True)
[2026-07-03 17:05:19] INFO     logging_config:160 — Quoting Studio — logging initialised (debug=True)
[2026-07-03 17:05:21] INFO     logging_config:160 — Quoting Studio — logging initialised (debug=True)
[2026-07-03 17:05:49] INFO     logging_config:160 — Quoting Studio — logging initialised (debug=True)
[2026-07-03 17:06:06] INFO     logging_config:160 — Quoting Studio — logging initialised (debug=True)
[2026-07-03 17:06:43] INFO     logging_config:160 — Quoting Studio — logging initialised (debug=True)
[2026-07-03 17:09:23] INFO     __init__:93 — 404 Not Found — GET /favicon.ico
[2026-07-03 17:09:28] INFO     auth:130 — Logout: aniket@gmail.com
[2026-07-03 17:09:30] INFO     auth:32 — Login success: aniket@gmail.com (tenant=1)
[2026-07-03 17:12:00] INFO     v1:67 — save_panes: window=4 cells=1
[2026-07-03 17:12:01] INFO     v1:67 — save_panes: window=4 cells=1
[2026-07-03 17:12:02] INFO     v1:67 — save_panes: window=4 cells=1
[2026-07-03 17:12:04] INFO     v1:67 — save_panes: window=4 cells=1
[2026-07-03 17:12:08] INFO     v1:67 — save_panes: window=4 cells=2
[2026-07-03 17:12:12] INFO     v1:67 — save_panes: window=4 cells=3
[2026-07-03 17:14:15] INFO     cad_export:98 — DXF built: window=4 1200x1400 bar=40mm → 37437 bytes
[2026-07-03 17:14:15] INFO     v1:131 — DXF export: window=4 bytes=37437
[2026-07-03 17:14:27] INFO     v1:67 — save_panes: window=4 cells=3
[2026-07-03 17:14:29] INFO     v1:67 — save_panes: window=4 cells=3
[2026-07-03 17:14:30] INFO     v1:67 — save_panes: window=4 cells=3
[2026-07-03 17:14:32] INFO     v1:67 — save_panes: window=4 cells=3
[2026-07-03 17:14:34] INFO     v1:67 — save_panes: window=4 cells=3
[2026-07-03 17:14:40] INFO     v1:67 — save_panes: window=4 cells=4
[2026-07-03 17:14:44] INFO     v1:67 — save_panes: window=4 cells=5
[2026-07-03 17:14:48] INFO     v1:67 — save_panes: window=4 cells=6
[2026-07-03 17:14:51] INFO     v1:67 — save_panes: window=4 cells=7
[2026-07-03 17:14:53] INFO     v1:67 — save_panes: window=4 cells=5
[2026-07-03 17:14:58] INFO     v1:67 — save_panes: window=4 cells=1
[2026-07-03 17:15:01] INFO     v1:67 — save_panes: window=4 cells=2
[2026-07-03 17:15:58] INFO     __init__:93 — 404 Not Found — GET /favicon.ico
[2026-07-03 17:16:02] INFO     v1:67 — save_panes: window=4 cells=1
[2026-07-03 17:16:39] INFO     v1:67 — save_panes: window=4 cells=2
[2026-07-03 17:16:41] INFO     v1:67 — save_panes: window=4 cells=3
[2026-07-03 17:24:09] INFO     v1:67 — save_panes: window=4 cells=5
[2026-07-03 17:24:09] INFO     cad_export:98 — DXF built: window=4 1200x1400 bar=40mm → 43476 bytes
[2026-07-03 17:24:09] INFO     v1:131 — DXF export: window=4 bytes=43476
[2026-07-03 17:30:45] INFO     projects:165 — Window added: id=5 project=3 label=
[2026-07-03 17:30:58] INFO     v1:67 — save_panes: window=5 cells=1
[2026-07-03 17:30:59] INFO     v1:67 — save_panes: window=5 cells=1
[2026-07-03 17:31:01] INFO     v1:67 — save_panes: window=5 cells=2
[2026-07-03 17:31:04] INFO     v1:67 — save_panes: window=5 cells=3
[2026-07-03 17:31:11] INFO     v1:67 — save_panes: window=5 cells=3
[2026-07-03 17:31:14] INFO     v1:67 — save_panes: window=5 cells=3
[2026-07-03 17:31:16] INFO     v1:67 — save_panes: window=5 cells=3
[2026-07-03 17:31:19] INFO     v1:67 — save_panes: window=5 cells=3
[2026-07-03 17:31:20] INFO     v1:67 — save_panes: window=5 cells=3
[2026-07-03 17:31:22] INFO     v1:67 — save_panes: window=5 cells=3
[2026-07-03 17:31:23] INFO     v1:67 — save_panes: window=5 cells=3
[2026-07-03 17:31:25] INFO     v1:67 — save_panes: window=5 cells=3
[2026-07-03 17:31:27] INFO     v1:67 — save_panes: window=5 cells=3
[2026-07-03 17:31:29] INFO     v1:67 — save_panes: window=5 cells=3
[2026-07-03 17:31:30] INFO     v1:67 — save_panes: window=5 cells=3
[2026-07-03 17:47:59] INFO     v1:67 — save_panes: window=5 cells=4
[2026-07-03 17:48:06] INFO     v1:67 — save_panes: window=5 cells=5
[2026-07-03 17:48:07] INFO     v1:67 — save_panes: window=5 cells=6
[2026-07-03 17:48:11] INFO     v1:67 — save_panes: window=5 cells=8
[2026-07-03 17:48:15] INFO     v1:67 — save_panes: window=5 cells=9
[2026-07-03 17:48:18] INFO     v1:67 — save_panes: window=5 cells=11
[2026-07-03 17:48:44] INFO     v1:67 — save_panes: window=5 cells=11
[2026-07-03 17:50:43] ERROR    pdf_quote:322 — PDF generation error for quote QS-202607-001: cannot load library 'gobject-2.0-0': error 0x7e.  Additionally, ctypes.util.find_library() did not manage to locate a library called 'gobject-2.0-0'
Traceback (most recent call last):
  File "E:\quoting_studio\app\services\pdf_quote.py", line 298, in generate_quote_pdf
    from weasyprint import HTML
  File "C:\Users\ADMIN\AppData\Local\Python\pythoncore-3.14-64\Lib\site-packages\weasyprint\__init__.py", line 419, in <module>
    from .css import preprocess_stylesheet  # noqa: I001, E402
    ^^^^^^^^^^^^^^^^^^^^^^^^^^^^^^^^^^^^^^
  File "C:\Users\ADMIN\AppData\Local\Python\pythoncore-3.14-64\Lib\site-packages\weasyprint\css\__init__.py", line 28, in <module>
    from .computed_values import COMPUTER_FUNCTIONS
  File "C:\Users\ADMIN\AppData\Local\Python\pythoncore-3.14-64\Lib\site-packages\weasyprint\css\computed_values.py", line 9, in <module>
    from ..text.ffi import ffi, pango, units_to_double
  File "C:\Users\ADMIN\AppData\Local\Python\pythoncore-3.14-64\Lib\site-packages\weasyprint\text\ffi.py", line 431, in <module>
    gobject = _dlopen(
        ffi, 'gobject-2.0-0', 'gobject-2.0', 'libgobject-2.0-0',
        'libgobject-2.0.so.0', 'libgobject-2.0.dylib', 'libgobject-2.0-0.dll')
  File "C:\Users\ADMIN\AppData\Local\Python\pythoncore-3.14-64\Lib\site-packages\weasyprint\text\ffi.py", line 420, in _dlopen
    return ffi.dlopen(names[0])  # pragma: no cover
           ~~~~~~~~~~^^^^^^^^^^
  File "C:\Users\ADMIN\AppData\Local\Python\pythoncore-3.14-64\Lib\site-packages\cffi\api.py", line 150, in dlopen
    lib, function_cache = _make_ffi_library(self, name, flags)
                          ~~~~~~~~~~~~~~~~~^^^^^^^^^^^^^^^^^^^
  File "C:\Users\ADMIN\AppData\Local\Python\pythoncore-3.14-64\Lib\site-packages\cffi\api.py", line 834, in _make_ffi_library
    backendlib = _load_backend_lib(backend, libname, flags)
  File "C:\Users\ADMIN\AppData\Local\Python\pythoncore-3.14-64\Lib\site-packages\cffi\api.py", line 829, in _load_backend_lib
    raise OSError(msg)
OSError: cannot load library 'gobject-2.0-0': error 0x7e.  Additionally, ctypes.util.find_library() did not manage to locate a library called 'gobject-2.0-0'
[2026-07-03 17:50:43] ERROR    quote:79 — PDF generation failed for quote QS-202607-001: cannot load library 'gobject-2.0-0': error 0x7e.  Additionally, ctypes.util.find_library() did not manage to locate a library called 'gobject-2.0-0'
Traceback (most recent call last):
  File "E:\quoting_studio\app\routes\quote.py", line 63, in generate
    pdf_bytes = generate_quote_pdf(
        quote       = quote,
    ...<3 lines>...
        vat_amt     = vat_amt,
    )
  File "E:\quoting_studio\app\services\pdf_quote.py", line 298, in generate_quote_pdf
    from weasyprint import HTML
  File "C:\Users\ADMIN\AppData\Local\Python\pythoncore-3.14-64\Lib\site-packages\weasyprint\__init__.py", line 419, in <module>
    from .css import preprocess_stylesheet  # noqa: I001, E402
    ^^^^^^^^^^^^^^^^^^^^^^^^^^^^^^^^^^^^^^
  File "C:\Users\ADMIN\AppData\Local\Python\pythoncore-3.14-64\Lib\site-packages\weasyprint\css\__init__.py", line 28, in <module>
    from .computed_values import COMPUTER_FUNCTIONS
  File "C:\Users\ADMIN\AppData\Local\Python\pythoncore-3.14-64\Lib\site-packages\weasyprint\css\computed_values.py", line 9, in <module>
    from ..text.ffi import ffi, pango, units_to_double
  File "C:\Users\ADMIN\AppData\Local\Python\pythoncore-3.14-64\Lib\site-packages\weasyprint\text\ffi.py", line 431, in <module>
    gobject = _dlopen(
        ffi, 'gobject-2.0-0', 'gobject-2.0', 'libgobject-2.0-0',
        'libgobject-2.0.so.0', 'libgobject-2.0.dylib', 'libgobject-2.0-0.dll')
  File "C:\Users\ADMIN\AppData\Local\Python\pythoncore-3.14-64\Lib\site-packages\weasyprint\text\ffi.py", line 420, in _dlopen
    return ffi.dlopen(names[0])  # pragma: no cover
           ~~~~~~~~~~^^^^^^^^^^
  File "C:\Users\ADMIN\AppData\Local\Python\pythoncore-3.14-64\Lib\site-packages\cffi\api.py", line 150, in dlopen
    lib, function_cache = _make_ffi_library(self, name, flags)
                          ~~~~~~~~~~~~~~~~~^^^^^^^^^^^^^^^^^^^
  File "C:\Users\ADMIN\AppData\Local\Python\pythoncore-3.14-64\Lib\site-packages\cffi\api.py", line 834, in _make_ffi_library
    backendlib = _load_backend_lib(backend, libname, flags)
  File "C:\Users\ADMIN\AppData\Local\Python\pythoncore-3.14-64\Lib\site-packages\cffi\api.py", line 829, in _load_backend_lib
    raise OSError(msg)
OSError: cannot load library 'gobject-2.0-0': error 0x7e.  Additionally, ctypes.util.find_library() did not manage to locate a library called 'gobject-2.0-0'
[2026-07-03 17:50:43] INFO     quote:91 — Quote generated: QS-202607-001 project=3 total=1672.51
[2026-07-03 17:50:43] INFO     __init__:93 — 404 Not Found — GET /uploads/renders/window-5.png
[2026-07-03 17:51:04] ERROR    pdf_quote:322 — PDF generation error for quote QS-202607-001: cannot load library 'gobject-2.0-0': error 0x7e.  Additionally, ctypes.util.find_library() did not manage to locate a library called 'gobject-2.0-0'
Traceback (most recent call last):
  File "E:\quoting_studio\app\services\pdf_quote.py", line 298, in generate_quote_pdf
    from weasyprint import HTML
  File "C:\Users\ADMIN\AppData\Local\Python\pythoncore-3.14-64\Lib\site-packages\weasyprint\__init__.py", line 419, in <module>
    from .css import preprocess_stylesheet  # noqa: I001, E402
    ^^^^^^^^^^^^^^^^^^^^^^^^^^^^^^^^^^^^^^
  File "C:\Users\ADMIN\AppData\Local\Python\pythoncore-3.14-64\Lib\site-packages\weasyprint\css\__init__.py", line 28, in <module>
    from .computed_values import COMPUTER_FUNCTIONS
  File "C:\Users\ADMIN\AppData\Local\Python\pythoncore-3.14-64\Lib\site-packages\weasyprint\css\computed_values.py", line 9, in <module>
    from ..text.ffi import ffi, pango, units_to_double
  File "C:\Users\ADMIN\AppData\Local\Python\pythoncore-3.14-64\Lib\site-packages\weasyprint\text\ffi.py", line 431, in <module>
    gobject = _dlopen(
        ffi, 'gobject-2.0-0', 'gobject-2.0', 'libgobject-2.0-0',
        'libgobject-2.0.so.0', 'libgobject-2.0.dylib', 'libgobject-2.0-0.dll')
  File "C:\Users\ADMIN\AppData\Local\Python\pythoncore-3.14-64\Lib\site-packages\weasyprint\text\ffi.py", line 420, in _dlopen
    return ffi.dlopen(names[0])  # pragma: no cover
           ~~~~~~~~~~^^^^^^^^^^
  File "C:\Users\ADMIN\AppData\Local\Python\pythoncore-3.14-64\Lib\site-packages\cffi\api.py", line 150, in dlopen
    lib, function_cache = _make_ffi_library(self, name, flags)
                          ~~~~~~~~~~~~~~~~~^^^^^^^^^^^^^^^^^^^
  File "C:\Users\ADMIN\AppData\Local\Python\pythoncore-3.14-64\Lib\site-packages\cffi\api.py", line 834, in _make_ffi_library
    backendlib = _load_backend_lib(backend, libname, flags)
  File "C:\Users\ADMIN\AppData\Local\Python\pythoncore-3.14-64\Lib\site-packages\cffi\api.py", line 829, in _load_backend_lib
    raise OSError(msg)
OSError: cannot load library 'gobject-2.0-0': error 0x7e.  Additionally, ctypes.util.find_library() did not manage to locate a library called 'gobject-2.0-0'
[2026-07-03 17:51:04] ERROR    quote:79 — PDF generation failed for quote QS-202607-001: cannot load library 'gobject-2.0-0': error 0x7e.  Additionally, ctypes.util.find_library() did not manage to locate a library called 'gobject-2.0-0'
Traceback (most recent call last):
  File "E:\quoting_studio\app\routes\quote.py", line 63, in generate
    pdf_bytes = generate_quote_pdf(
        quote       = quote,
    ...<3 lines>...
        vat_amt     = vat_amt,
    )
  File "E:\quoting_studio\app\services\pdf_quote.py", line 298, in generate_quote_pdf
    from weasyprint import HTML
  File "C:\Users\ADMIN\AppData\Local\Python\pythoncore-3.14-64\Lib\site-packages\weasyprint\__init__.py", line 419, in <module>
    from .css import preprocess_stylesheet  # noqa: I001, E402
    ^^^^^^^^^^^^^^^^^^^^^^^^^^^^^^^^^^^^^^
  File "C:\Users\ADMIN\AppData\Local\Python\pythoncore-3.14-64\Lib\site-packages\weasyprint\css\__init__.py", line 28, in <module>
    from .computed_values import COMPUTER_FUNCTIONS
  File "C:\Users\ADMIN\AppData\Local\Python\pythoncore-3.14-64\Lib\site-packages\weasyprint\css\computed_values.py", line 9, in <module>
    from ..text.ffi import ffi, pango, units_to_double
  File "C:\Users\ADMIN\AppData\Local\Python\pythoncore-3.14-64\Lib\site-packages\weasyprint\text\ffi.py", line 431, in <module>
    gobject = _dlopen(
        ffi, 'gobject-2.0-0', 'gobject-2.0', 'libgobject-2.0-0',
        'libgobject-2.0.so.0', 'libgobject-2.0.dylib', 'libgobject-2.0-0.dll')
  File "C:\Users\ADMIN\AppData\Local\Python\pythoncore-3.14-64\Lib\site-packages\weasyprint\text\ffi.py", line 420, in _dlopen
    return ffi.dlopen(names[0])  # pragma: no cover
           ~~~~~~~~~~^^^^^^^^^^
  File "C:\Users\ADMIN\AppData\Local\Python\pythoncore-3.14-64\Lib\site-packages\cffi\api.py", line 150, in dlopen
    lib, function_cache = _make_ffi_library(self, name, flags)
                          ~~~~~~~~~~~~~~~~~^^^^^^^^^^^^^^^^^^^
  File "C:\Users\ADMIN\AppData\Local\Python\pythoncore-3.14-64\Lib\site-packages\cffi\api.py", line 834, in _make_ffi_library
    backendlib = _load_backend_lib(backend, libname, flags)
  File "C:\Users\ADMIN\AppData\Local\Python\pythoncore-3.14-64\Lib\site-packages\cffi\api.py", line 829, in _load_backend_lib
    raise OSError(msg)
OSError: cannot load library 'gobject-2.0-0': error 0x7e.  Additionally, ctypes.util.find_library() did not manage to locate a library called 'gobject-2.0-0'
[2026-07-03 17:51:04] INFO     quote:91 — Quote generated: QS-202607-001 project=3 total=1672.51
[2026-07-03 17:51:05] INFO     __init__:93 — 404 Not Found — GET /uploads/renders/window-5.png
[2026-07-03 17:51:27] INFO     __init__:93 — 404 Not Found — GET /uploads/renders/window-5.png
[2026-07-03 17:54:13] ERROR    pdf_quote:322 — PDF generation error for quote QS-202607-001: cannot load library 'gobject-2.0-0': error 0x7e.  Additionally, ctypes.util.find_library() did not manage to locate a library called 'gobject-2.0-0'
Traceback (most recent call last):
  File "E:\quoting_studio\app\services\pdf_quote.py", line 298, in generate_quote_pdf
    from weasyprint import HTML
  File "C:\Users\ADMIN\AppData\Local\Python\pythoncore-3.14-64\Lib\site-packages\weasyprint\__init__.py", line 419, in <module>
    from .css import preprocess_stylesheet  # noqa: I001, E402
    ^^^^^^^^^^^^^^^^^^^^^^^^^^^^^^^^^^^^^^
  File "C:\Users\ADMIN\AppData\Local\Python\pythoncore-3.14-64\Lib\site-packages\weasyprint\css\__init__.py", line 28, in <module>
    from .computed_values import COMPUTER_FUNCTIONS
  File "C:\Users\ADMIN\AppData\Local\Python\pythoncore-3.14-64\Lib\site-packages\weasyprint\css\computed_values.py", line 9, in <module>
    from ..text.ffi import ffi, pango, units_to_double
  File "C:\Users\ADMIN\AppData\Local\Python\pythoncore-3.14-64\Lib\site-packages\weasyprint\text\ffi.py", line 431, in <module>
    gobject = _dlopen(
        ffi, 'gobject-2.0-0', 'gobject-2.0', 'libgobject-2.0-0',
        'libgobject-2.0.so.0', 'libgobject-2.0.dylib', 'libgobject-2.0-0.dll')
  File "C:\Users\ADMIN\AppData\Local\Python\pythoncore-3.14-64\Lib\site-packages\weasyprint\text\ffi.py", line 420, in _dlopen
    return ffi.dlopen(names[0])  # pragma: no cover
           ~~~~~~~~~~^^^^^^^^^^
  File "C:\Users\ADMIN\AppData\Local\Python\pythoncore-3.14-64\Lib\site-packages\cffi\api.py", line 150, in dlopen
    lib, function_cache = _make_ffi_library(self, name, flags)
                          ~~~~~~~~~~~~~~~~~^^^^^^^^^^^^^^^^^^^
  File "C:\Users\ADMIN\AppData\Local\Python\pythoncore-3.14-64\Lib\site-packages\cffi\api.py", line 834, in _make_ffi_library
    backendlib = _load_backend_lib(backend, libname, flags)
  File "C:\Users\ADMIN\AppData\Local\Python\pythoncore-3.14-64\Lib\site-packages\cffi\api.py", line 829, in _load_backend_lib
    raise OSError(msg)
OSError: cannot load library 'gobject-2.0-0': error 0x7e.  Additionally, ctypes.util.find_library() did not manage to locate a library called 'gobject-2.0-0'
[2026-07-03 17:54:13] ERROR    quote:186 — download_pdf error quote=4: cannot load library 'gobject-2.0-0': error 0x7e.  Additionally, ctypes.util.find_library() did not manage to locate a library called 'gobject-2.0-0'
Traceback (most recent call last):
  File "E:\quoting_studio\app\routes\quote.py", line 172, in download_pdf
    pdf_bytes = generate_quote_pdf(
        quote=quote, project=project, tenant=current_user.tenant,
        window_lines=window_lines, vat_amt=quote.vat_amount,
    )
  File "E:\quoting_studio\app\services\pdf_quote.py", line 298, in generate_quote_pdf
    from weasyprint import HTML
  File "C:\Users\ADMIN\AppData\Local\Python\pythoncore-3.14-64\Lib\site-packages\weasyprint\__init__.py", line 419, in <module>
    from .css import preprocess_stylesheet  # noqa: I001, E402
    ^^^^^^^^^^^^^^^^^^^^^^^^^^^^^^^^^^^^^^
  File "C:\Users\ADMIN\AppData\Local\Python\pythoncore-3.14-64\Lib\site-packages\weasyprint\css\__init__.py", line 28, in <module>
    from .computed_values import COMPUTER_FUNCTIONS
  File "C:\Users\ADMIN\AppData\Local\Python\pythoncore-3.14-64\Lib\site-packages\weasyprint\css\computed_values.py", line 9, in <module>
    from ..text.ffi import ffi, pango, units_to_double
  File "C:\Users\ADMIN\AppData\Local\Python\pythoncore-3.14-64\Lib\site-packages\weasyprint\text\ffi.py", line 431, in <module>
    gobject = _dlopen(
        ffi, 'gobject-2.0-0', 'gobject-2.0', 'libgobject-2.0-0',
        'libgobject-2.0.so.0', 'libgobject-2.0.dylib', 'libgobject-2.0-0.dll')
  File "C:\Users\ADMIN\AppData\Local\Python\pythoncore-3.14-64\Lib\site-packages\weasyprint\text\ffi.py", line 420, in _dlopen
    return ffi.dlopen(names[0])  # pragma: no cover
           ~~~~~~~~~~^^^^^^^^^^
  File "C:\Users\ADMIN\AppData\Local\Python\pythoncore-3.14-64\Lib\site-packages\cffi\api.py", line 150, in dlopen
    lib, function_cache = _make_ffi_library(self, name, flags)
                          ~~~~~~~~~~~~~~~~~^^^^^^^^^^^^^^^^^^^
  File "C:\Users\ADMIN\AppData\Local\Python\pythoncore-3.14-64\Lib\site-packages\cffi\api.py", line 834, in _make_ffi_library
    backendlib = _load_backend_lib(backend, libname, flags)
  File "C:\Users\ADMIN\AppData\Local\Python\pythoncore-3.14-64\Lib\site-packages\cffi\api.py", line 829, in _load_backend_lib
    raise OSError(msg)
OSError: cannot load library 'gobject-2.0-0': error 0x7e.  Additionally, ctypes.util.find_library() did not manage to locate a library called 'gobject-2.0-0'
[2026-07-03 17:54:13] INFO     __init__:93 — 404 Not Found — GET /uploads/renders/window-5.png
[2026-07-03 18:16:10] INFO     auth:130 — Logout: aniket@gmail.com
[2026-07-03 18:16:12] INFO     auth:32 — Login success: aniket@gmail.com (tenant=1)
[2026-07-03 18:16:36] INFO     v1:67 — save_panes: window=4 cells=1
[2026-07-04 10:00:27] INFO     logging_config:160 — Quoting Studio — logging initialised (debug=True)
[2026-07-04 10:00:28] INFO     logging_config:160 — Quoting Studio — logging initialised (debug=True)
[2026-07-04 10:00:41] INFO     __init__:93 — 404 Not Found — GET /favicon.ico
[2026-07-04 10:00:53] INFO     auth:32 — Login success: aniket@gmail.com (tenant=1)
[2026-07-04 10:01:08] INFO     v1:67 — save_panes: window=4 cells=2
[2026-07-04 10:01:15] INFO     v1:67 — save_panes: window=4 cells=3
[2026-07-04 10:01:21] INFO     v1:67 — save_panes: window=4 cells=4
[2026-07-04 10:01:26] INFO     v1:67 — save_panes: window=4 cells=4
[2026-07-04 10:01:30] INFO     v1:67 — save_panes: window=4 cells=4
[2026-07-04 10:01:32] INFO     v1:67 — save_panes: window=4 cells=4
[2026-07-04 10:01:35] INFO     v1:67 — save_panes: window=4 cells=5
[2026-07-04 10:01:38] INFO     v1:67 — save_panes: window=4 cells=6
[2026-07-04 10:01:39] INFO     v1:67 — save_panes: window=4 cells=7
[2026-07-04 10:01:42] INFO     v1:67 — save_panes: window=4 cells=7
[2026-07-04 10:03:59] INFO     cad_export:98 — DXF built: window=4 1200x1400 bar=40mm → 44889 bytes
[2026-07-04 10:03:59] INFO     v1:131 — DXF export: window=4 bytes=44889
[2026-07-04 10:05:27] INFO     v1:67 — save_panes: window=4 cells=7
[2026-07-04 10:05:27] INFO     v1:197 — save_render: window=4 saved 14044 bytes → E:\quoting_studio\uploads\renders\window-4.png
[2026-07-04 10:22:49] INFO     logging_config:160 — Quoting Studio — logging initialised (debug=True)
[2026-07-04 10:22:50] INFO     logging_config:160 — Quoting Studio — logging initialised (debug=True)
[2026-07-04 10:23:31] INFO     logging_config:160 — Quoting Studio — logging initialised (debug=True)
[2026-07-04 10:24:06] INFO     __init__:93 — 404 Not Found — GET /favicon.ico
[2026-07-04 10:24:19] INFO     cad_export:122 — Advanced DXF built: window=4 1200x1400 → 86973 bytes
[2026-07-04 10:24:19] INFO     v1:129 — DXF export: window=4 bytes=86973
[2026-07-04 10:42:47] INFO     logging_config:160 — Quoting Studio — logging initialised (debug=True)
[2026-07-04 10:42:48] INFO     logging_config:160 — Quoting Studio — logging initialised (debug=True)
[2026-07-04 10:43:03] INFO     __init__:95 — 404 Not Found — GET /favicon.ico
[2026-07-04 10:43:12] INFO     v1:198 — 3D export: window=4 fmt=glb method=extrude bytes=6528
[2026-07-04 10:43:27] INFO     v1:198 — 3D export: window=4 fmt=glb method=sweep bytes=7488
[2026-07-04 10:51:06] INFO     v1:198 — 3D export: window=4 fmt=glb method=extrude bytes=6528
[2026-07-04 10:51:10] INFO     v1:198 — 3D export: window=4 fmt=glb method=sweep bytes=7488
[2026-07-04 10:58:02] INFO     v1:67 — save_panes: window=4 cells=1
[2026-07-04 10:59:46] INFO     v1:67 — save_panes: window=4 cells=1
[2026-07-04 10:59:46] INFO     v1:263 — save_render: window=4 saved 13165 bytes → E:\quoting_studio\06-07-2026\quoting_studio\uploads\renders\window-4.png
[2026-07-04 11:06:55] INFO     v1:67 — save_panes: window=4 cells=2
[2026-07-04 12:28:53] INFO     v1:67 — save_panes: window=4 cells=2
[2026-07-04 12:28:54] INFO     v1:67 — save_panes: window=4 cells=2
[2026-07-04 12:28:55] INFO     v1:67 — save_panes: window=4 cells=2
[2026-07-04 14:27:28] WARNING  __init__:81 — 400 Bad Request: 400 Bad Request: The CSRF token has expired. — POST /api/v1/windows/4/panes
[2026-07-04 14:27:28] WARNING  __init__:81 — 400 Bad Request: 400 Bad Request: The CSRF token has expired. — POST /api/v1/windows/4/render
[2026-07-04 14:27:29] INFO     auth:130 — Logout: aniket@gmail.com
[2026-07-04 14:27:31] INFO     auth:32 — Login success: aniket@gmail.com (tenant=1)
[2026-07-04 15:06:56] INFO     logging_config:160 — Quoting Studio — logging initialised (debug=True)
[2026-07-04 15:06:58] INFO     logging_config:160 — Quoting Studio — logging initialised (debug=True)
[2026-07-04 15:09:46] INFO     logging_config:160 — Quoting Studio — logging initialised (debug=True)
[2026-07-04 15:09:48] INFO     logging_config:160 — Quoting Studio — logging initialised (debug=True)
[2026-07-04 15:09:56] INFO     __init__:96 — 404 Not Found — GET /favicon.ico
[2026-07-04 15:10:01] INFO     auth:32 — Login success: aniket@gmail.com (tenant=1)
[2026-07-04 15:10:06] ERROR    __init__:121 — Unhandled exception — GET /projects/3/windows/4/edit: 'Window' object has no attribute 'design_json'
Traceback (most recent call last):
  File "C:\Users\ADMIN\AppData\Local\Python\pythoncore-3.14-64\Lib\site-packages\flask\app.py", line 880, in full_dispatch_request
    rv = self.dispatch_request()
  File "C:\Users\ADMIN\AppData\Local\Python\pythoncore-3.14-64\Lib\site-packages\flask\app.py", line 865, in dispatch_request
    return self.ensure_sync(self.view_functions[rule.endpoint])(**view_args)  # type: ignore[no-any-return]
           ~~~~~~~~~~~~~~~~~~~~~~~~~~~~~~~~~~~~~~~~~~~~~~~~~~~~^^^^^^^^^^^^^
  File "C:\Users\ADMIN\AppData\Local\Python\pythoncore-3.14-64\Lib\site-packages\flask_login\utils.py", line 290, in decorated_view
    return current_app.ensure_sync(func)(*args, **kwargs)
           ~~~~~~~~~~~~~~~~~~~~~~~~~~~~~^^^^^^^^^^^^^^^^^
  File "E:\quoting_studio\06-07-2026\quoting_studio\app\routes\editor.py", line 30, in edit
    design_json=window.design_json)
                ^^^^^^^^^^^^^^^^^^
AttributeError: 'Window' object has no attribute 'design_json'
[2026-07-04 15:10:10] ERROR    __init__:121 — Unhandled exception — GET /projects/3/windows/5/edit: 'Window' object has no attribute 'design_json'
Traceback (most recent call last):
  File "C:\Users\ADMIN\AppData\Local\Python\pythoncore-3.14-64\Lib\site-packages\flask\app.py", line 880, in full_dispatch_request
    rv = self.dispatch_request()
  File "C:\Users\ADMIN\AppData\Local\Python\pythoncore-3.14-64\Lib\site-packages\flask\app.py", line 865, in dispatch_request
    return self.ensure_sync(self.view_functions[rule.endpoint])(**view_args)  # type: ignore[no-any-return]
           ~~~~~~~~~~~~~~~~~~~~~~~~~~~~~~~~~~~~~~~~~~~~~~~~~~~~^^^^^^^^^^^^^
  File "C:\Users\ADMIN\AppData\Local\Python\pythoncore-3.14-64\Lib\site-packages\flask_login\utils.py", line 290, in decorated_view
    return current_app.ensure_sync(func)(*args, **kwargs)
           ~~~~~~~~~~~~~~~~~~~~~~~~~~~~~^^^^^^^^^^^^^^^^^
  File "E:\quoting_studio\06-07-2026\quoting_studio\app\routes\editor.py", line 30, in edit
    design_json=window.design_json)
                ^^^^^^^^^^^^^^^^^^
AttributeError: 'Window' object has no attribute 'design_json'
[2026-07-04 15:10:16] INFO     projects:50 — Project created: id=4 customer=AG tenant=1
[2026-07-04 15:10:16] ERROR    __init__:121 — Unhandled exception — GET /projects/4/windows/6/edit: 'Window' object has no attribute 'design_json'
Traceback (most recent call last):
  File "C:\Users\ADMIN\AppData\Local\Python\pythoncore-3.14-64\Lib\site-packages\flask\app.py", line 880, in full_dispatch_request
    rv = self.dispatch_request()
  File "C:\Users\ADMIN\AppData\Local\Python\pythoncore-3.14-64\Lib\site-packages\flask\app.py", line 865, in dispatch_request
    return self.ensure_sync(self.view_functions[rule.endpoint])(**view_args)  # type: ignore[no-any-return]
           ~~~~~~~~~~~~~~~~~~~~~~~~~~~~~~~~~~~~~~~~~~~~~~~~~~~~^^^^^^^^^^^^^
  File "C:\Users\ADMIN\AppData\Local\Python\pythoncore-3.14-64\Lib\site-packages\flask_login\utils.py", line 290, in decorated_view
    return current_app.ensure_sync(func)(*args, **kwargs)
           ~~~~~~~~~~~~~~~~~~~~~~~~~~~~~^^^^^^^^^^^^^^^^^
  File "E:\quoting_studio\06-07-2026\quoting_studio\app\routes\editor.py", line 30, in edit
    design_json=window.design_json)
                ^^^^^^^^^^^^^^^^^^
AttributeError: 'Window' object has no attribute 'design_json'
[2026-07-04 15:12:33] INFO     logging_config:160 — Quoting Studio — logging initialised (debug=True)
[2026-07-04 15:12:35] INFO     __init__:96 — 404 Not Found — GET /favicon.ico
[2026-07-04 15:12:58] INFO     v1:254 — Design saved: window=6 panes=1
[2026-07-04 15:13:01] INFO     v1:254 — Design saved: window=6 panes=1
[2026-07-04 15:13:03] INFO     v1:254 — Design saved: window=6 panes=1
[2026-07-04 15:13:04] INFO     v1:254 — Design saved: window=6 panes=1
[2026-07-04 15:13:07] INFO     v1:254 — Design saved: window=6 panes=1
[2026-07-04 15:13:10] INFO     v1:254 — Design saved: window=6 panes=1
[2026-07-04 15:13:12] INFO     v1:254 — Design saved: window=6 panes=1
[2026-07-04 15:13:19] INFO     v1:254 — Design saved: window=6 panes=1
[2026-07-04 15:13:50] INFO     v1:254 — Design saved: window=6 panes=1
[2026-07-04 15:13:51] INFO     v1:254 — Design saved: window=6 panes=1
[2026-07-04 15:13:54] INFO     v1:254 — Design saved: window=6 panes=1
[2026-07-04 15:13:56] INFO     v1:254 — Design saved: window=6 panes=1
[2026-07-04 15:13:57] INFO     v1:254 — Design saved: window=6 panes=1
[2026-07-04 15:14:03] INFO     v1:254 — Design saved: window=6 panes=1
[2026-07-04 15:14:07] INFO     v1:254 — Design saved: window=6 panes=1
[2026-07-04 15:14:08] INFO     v1:254 — Design saved: window=6 panes=1
[2026-07-04 15:14:09] INFO     v1:254 — Design saved: window=6 panes=1
[2026-07-04 15:14:20] INFO     v1:254 — Design saved: window=6 panes=1
[2026-07-04 15:14:47] INFO     v1:198 — 3D export: window=6 fmt=glb method=extrude bytes=1724
[2026-07-04 15:14:51] INFO     v1:254 — Design saved: window=6 panes=2
[2026-07-04 15:14:54] INFO     v1:254 — Design saved: window=6 panes=3
[2026-07-04 15:14:57] INFO     v1:254 — Design saved: window=6 panes=2
[2026-07-04 15:14:59] INFO     v1:254 — Design saved: window=6 panes=4
[2026-07-04 15:15:01] INFO     v1:254 — Design saved: window=6 panes=1
[2026-07-04 15:15:31] INFO     v1:254 — Design saved: window=6 panes=2
[2026-07-04 15:15:32] INFO     v1:254 — Design saved: window=6 panes=4
[2026-07-04 15:15:48] INFO     v1:254 — Design saved: window=6 panes=5
[2026-07-04 15:15:49] INFO     v1:254 — Design saved: window=6 panes=6
[2026-07-04 15:15:51] INFO     v1:254 — Design saved: window=6 panes=10
[2026-07-04 15:15:55] INFO     v1:254 — Design saved: window=6 panes=10
[2026-07-04 15:15:55] INFO     v1:319 — save_render: window=6 saved 47086 bytes → E:\quoting_studio\06-07-2026\quoting_studio\uploads\renders\window-6.png
[2026-07-04 15:16:06] INFO     v1:254 — Design saved: window=6 panes=2
[2026-07-04 15:16:24] INFO     v1:254 — Design saved: window=5 panes=2
[2026-07-04 15:16:26] INFO     v1:254 — Design saved: window=5 panes=5
[2026-07-04 15:18:50] INFO     projects:50 — Project created: id=5 customer=AG tenant=1
[2026-07-04 15:19:09] INFO     v1:254 — Design saved: window=7 panes=1
[2026-07-04 15:19:11] INFO     v1:254 — Design saved: window=7 panes=1
[2026-07-04 15:19:24] INFO     v1:254 — Design saved: window=7 panes=1
[2026-07-04 15:19:25] INFO     v1:254 — Design saved: window=7 panes=1
[2026-07-04 15:19:27] INFO     v1:254 — Design saved: window=7 panes=1
[2026-07-04 15:19:33] INFO     v1:254 — Design saved: window=7 panes=1
[2026-07-04 15:26:58] INFO     __init__:96 — 404 Not Found — GET /favicon.ico
[2026-07-04 15:27:07] INFO     v1:254 — Design saved: window=7 panes=1
[2026-07-04 15:27:33] INFO     v1:254 — Design saved: window=7 panes=1
[2026-07-04 15:27:33] INFO     v1:319 — save_render: window=7 saved 49580 bytes → E:\quoting_studio\06-07-2026\quoting_studio\uploads\renders\window-7.png
[2026-07-04 15:28:12] INFO     v1:254 — Design saved: window=7 panes=1
[2026-07-04 15:28:14] INFO     v1:254 — Design saved: window=7 panes=1
[2026-07-04 15:28:16] INFO     v1:254 — Design saved: window=7 panes=1
[2026-07-04 15:28:17] INFO     v1:254 — Design saved: window=7 panes=1
[2026-07-04 15:28:19] INFO     v1:254 — Design saved: window=7 panes=1
[2026-07-04 15:28:21] INFO     v1:254 — Design saved: window=7 panes=1
[2026-07-04 15:28:21] INFO     v1:254 — Design saved: window=7 panes=1
[2026-07-04 15:28:32] INFO     v1:254 — Design saved: window=7 panes=1
[2026-07-04 15:28:35] INFO     v1:254 — Design saved: window=7 panes=1
[2026-07-04 15:28:45] INFO     v1:254 — Design saved: window=7 panes=1
[2026-07-04 15:28:46] INFO     v1:254 — Design saved: window=7 panes=2
[2026-07-04 15:28:48] INFO     v1:254 — Design saved: window=7 panes=1
[2026-07-04 15:29:00] INFO     v1:254 — Design saved: window=7 panes=1
[2026-07-04 15:29:02] INFO     v1:254 — Design saved: window=7 panes=1
[2026-07-04 15:29:44] INFO     v1:254 — Design saved: window=7 panes=1
[2026-07-04 15:29:46] INFO     v1:254 — Design saved: window=7 panes=1
[2026-07-04 15:29:52] INFO     v1:254 — Design saved: window=7 panes=1
[2026-07-04 15:29:54] INFO     v1:254 — Design saved: window=7 panes=1
[2026-07-04 15:29:55] INFO     v1:254 — Design saved: window=7 panes=1
[2026-07-04 15:35:51] INFO     __init__:96 — 404 Not Found — GET /favicon.ico
[2026-07-04 15:35:56] INFO     v1:254 — Design saved: window=7 panes=1
[2026-07-04 15:35:57] INFO     v1:254 — Design saved: window=7 panes=1
[2026-07-04 15:35:59] INFO     v1:254 — Design saved: window=7 panes=1
[2026-07-04 15:36:01] INFO     v1:254 — Design saved: window=7 panes=1
[2026-07-04 15:36:03] INFO     v1:254 — Design saved: window=7 panes=1
[2026-07-04 15:36:13] INFO     v1:254 — Design saved: window=7 panes=1
[2026-07-04 15:36:15] INFO     v1:254 — Design saved: window=7 panes=1
[2026-07-04 15:36:17] INFO     v1:254 — Design saved: window=7 panes=1
[2026-07-04 15:36:20] INFO     v1:254 — Design saved: window=7 panes=1
[2026-07-04 15:36:32] INFO     v1:254 — Design saved: window=7 panes=1
[2026-07-04 15:36:43] INFO     v1:254 — Design saved: window=7 panes=1
[2026-07-04 15:37:04] INFO     __init__:96 — 404 Not Found — GET /favicon.ico
[2026-07-04 15:37:12] INFO     v1:254 — Design saved: window=7 panes=1
[2026-07-04 15:37:17] INFO     v1:254 — Design saved: window=7 panes=1
[2026-07-04 15:37:45] INFO     v1:254 — Design saved: window=7 panes=1
[2026-07-04 15:37:50] INFO     v1:254 — Design saved: window=7 panes=1
[2026-07-04 15:37:56] INFO     v1:254 — Design saved: window=7 panes=1
[2026-07-04 15:39:27] INFO     v1:198 — 3D export: window=7 fmt=glb method=extrude bytes=1724
[2026-07-04 15:39:49] INFO     v1:254 — Design saved: window=7 panes=1
[2026-07-04 15:39:58] INFO     v1:254 — Design saved: window=7 panes=2
[2026-07-04 15:40:12] INFO     v1:254 — Design saved: window=7 panes=2
[2026-07-04 15:40:13] INFO     v1:254 — Design saved: window=7 panes=2
[2026-07-04 15:40:15] INFO     v1:254 — Design saved: window=7 panes=2
[2026-07-04 15:40:20] INFO     v1:254 — Design saved: window=7 panes=3
[2026-07-04 15:40:22] INFO     v1:254 — Design saved: window=7 panes=4
[2026-07-04 15:40:24] INFO     v1:254 — Design saved: window=7 panes=5
[2026-07-04 15:40:27] INFO     v1:254 — Design saved: window=7 panes=4
[2026-07-04 15:40:29] INFO     v1:254 — Design saved: window=7 panes=2
[2026-07-04 15:40:31] INFO     v1:254 — Design saved: window=7 panes=1
[2026-07-04 15:40:32] INFO     v1:254 — Design saved: window=7 panes=1
[2026-07-04 15:40:46] INFO     v1:254 — Design saved: window=7 panes=1
[2026-07-04 15:41:12] INFO     projects:165 — Window added: id=8 project=5 label=
[2026-07-04 15:41:46] INFO     v1:254 — Design saved: window=8 panes=1
[2026-07-04 15:41:48] INFO     v1:254 — Design saved: window=8 panes=1
[2026-07-04 15:41:49] INFO     v1:254 — Design saved: window=8 panes=1
[2026-07-04 15:43:20] INFO     logging_config:160 — Quoting Studio — logging initialised (debug=True)
[2026-07-04 15:43:30] INFO     logging_config:160 — Quoting Studio — logging initialised (debug=True)
[2026-07-04 15:43:43] INFO     logging_config:160 — Quoting Studio — logging initialised (debug=True)
[2026-07-04 15:44:20] INFO     logging_config:160 — Quoting Studio — logging initialised (debug=True)
[2026-07-04 15:44:51] INFO     __init__:96 — 404 Not Found — GET /favicon.ico
[2026-07-04 15:45:19] INFO     v1:262 — Design saved: window=8 panes=1
[2026-07-04 15:50:35] INFO     v1:262 — Design saved: window=8 panes=1
[2026-07-04 15:50:35] INFO     v1:327 — save_render: window=8 saved 47661 bytes → E:\quoting_studio\06-07-2026\quoting_studio\uploads\renders\window-8.png
[2026-07-04 16:18:51] INFO     __init__:96 — 404 Not Found — GET /favicon.ico
[2026-07-04 16:19:11] INFO     settings:340 — PWQ-3645 profile seeded for tenant=1
[2026-07-04 16:19:46] INFO     v1:262 — Design saved: window=7 panes=1
[2026-07-04 16:19:58] INFO     v1:262 — Design saved: window=7 panes=1
[2026-07-04 16:20:01] INFO     v1:262 — Design saved: window=7 panes=1
[2026-07-04 16:20:11] INFO     v1:262 — Design saved: window=7 panes=1
[2026-07-04 16:20:28] INFO     v1:262 — Design saved: window=7 panes=1
[2026-07-04 16:20:30] INFO     v1:262 — Design saved: window=7 panes=1
[2026-07-04 16:20:39] INFO     v1:262 — Design saved: window=7 panes=1
[2026-07-04 16:20:44] INFO     v1:262 — Design saved: window=7 panes=1
[2026-07-04 16:20:48] INFO     v1:262 — Design saved: window=7 panes=1
[2026-07-04 16:20:49] INFO     v1:262 — Design saved: window=7 panes=1
[2026-07-04 16:20:57] INFO     v1:262 — Design saved: window=7 panes=1
[2026-07-04 16:21:06] INFO     v1:262 — Design saved: window=7 panes=1
[2026-07-04 16:21:13] INFO     v1:262 — Design saved: window=7 panes=1
[2026-07-04 16:21:15] INFO     v1:262 — Design saved: window=7 panes=1
[2026-07-04 16:21:18] INFO     v1:262 — Design saved: window=7 panes=1
[2026-07-04 16:21:47] INFO     v1:262 — Design saved: window=7 panes=1
[2026-07-04 16:22:02] INFO     v1:262 — Design saved: window=7 panes=1
[2026-07-04 16:22:04] INFO     v1:262 — Design saved: window=7 panes=1
[2026-07-04 16:22:07] INFO     v1:262 — Design saved: window=7 panes=1
[2026-07-04 16:22:08] INFO     v1:262 — Design saved: window=7 panes=1
[2026-07-04 16:22:09] INFO     v1:262 — Design saved: window=7 panes=1
[2026-07-04 16:22:12] INFO     v1:262 — Design saved: window=7 panes=1
[2026-07-04 16:22:30] INFO     v1:262 — Design saved: window=7 panes=1
[2026-07-04 16:22:32] INFO     v1:262 — Design saved: window=7 panes=1
[2026-07-04 16:23:00] INFO     v1:262 — Design saved: window=7 panes=1
[2026-07-04 16:23:04] INFO     cad_export:122 — Advanced DXF built: window=7 1200x1400 → 62181 bytes
[2026-07-04 16:23:04] INFO     v1:137 — DXF export: window=7 bytes=62181
[2026-07-04 16:23:11] INFO     cad_export:122 — Advanced DXF built: window=7 1200x1400 → 62181 bytes
[2026-07-04 16:23:11] INFO     dwg_writer:38 — ODA File Converter not installed — DWG conversion skipped
[2026-07-04 16:23:11] INFO     v1:169 — DWG unavailable, serving DXF fallback window=7
[2026-07-04 16:23:16] INFO     v1:206 — 3D export: window=7 fmt=glb method=extrude bytes=1724
[2026-07-04 16:23:19] INFO     v1:206 — 3D export: window=7 fmt=glb method=sweep bytes=2684
[2026-07-04 16:23:33] INFO     v1:262 — Design saved: window=7 panes=3
[2026-07-04 16:23:36] INFO     v1:262 — Design saved: window=7 panes=4
[2026-07-04 16:23:37] INFO     v1:262 — Design saved: window=7 panes=5
[2026-07-04 16:23:38] INFO     v1:262 — Design saved: window=7 panes=6
[2026-07-04 16:23:44] INFO     cad_export:122 — Advanced DXF built: window=7 1200x1400 → 87575 bytes
[2026-07-04 16:23:44] INFO     dwg_writer:38 — ODA File Converter not installed — DWG conversion skipped
[2026-07-04 16:23:44] INFO     v1:169 — DWG unavailable, serving DXF fallback window=7
[2026-07-04 16:24:18] INFO     v1:262 — Design saved: window=7 panes=6
[2026-07-04 16:24:19] INFO     v1:262 — Design saved: window=7 panes=7
[2026-07-04 16:24:25] INFO     v1:262 — Design saved: window=7 panes=7
[2026-07-04 16:24:27] INFO     v1:262 — Design saved: window=7 panes=7
[2026-07-04 16:25:58] ERROR    pdf_quote:322 — PDF generation error for quote QS-202607-002: cannot load library 'gobject-2.0-0': error 0x7e.  Additionally, ctypes.util.find_library() did not manage to locate a library called 'gobject-2.0-0'
Traceback (most recent call last):
  File "E:\quoting_studio\06-07-2026\quoting_studio\app\services\pdf_quote.py", line 298, in generate_quote_pdf
    from weasyprint import HTML
  File "C:\Users\ADMIN\AppData\Local\Python\pythoncore-3.14-64\Lib\site-packages\weasyprint\__init__.py", line 419, in <module>
    from .css import preprocess_stylesheet  # noqa: I001, E402
    ^^^^^^^^^^^^^^^^^^^^^^^^^^^^^^^^^^^^^^
  File "C:\Users\ADMIN\AppData\Local\Python\pythoncore-3.14-64\Lib\site-packages\weasyprint\css\__init__.py", line 28, in <module>
    from .computed_values import COMPUTER_FUNCTIONS
  File "C:\Users\ADMIN\AppData\Local\Python\pythoncore-3.14-64\Lib\site-packages\weasyprint\css\computed_values.py", line 9, in <module>
    from ..text.ffi import ffi, pango, units_to_double
  File "C:\Users\ADMIN\AppData\Local\Python\pythoncore-3.14-64\Lib\site-packages\weasyprint\text\ffi.py", line 431, in <module>
    gobject = _dlopen(
        ffi, 'gobject-2.0-0', 'gobject-2.0', 'libgobject-2.0-0',
        'libgobject-2.0.so.0', 'libgobject-2.0.dylib', 'libgobject-2.0-0.dll')
  File "C:\Users\ADMIN\AppData\Local\Python\pythoncore-3.14-64\Lib\site-packages\weasyprint\text\ffi.py", line 420, in _dlopen
    return ffi.dlopen(names[0])  # pragma: no cover
           ~~~~~~~~~~^^^^^^^^^^
  File "C:\Users\ADMIN\AppData\Local\Python\pythoncore-3.14-64\Lib\site-packages\cffi\api.py", line 150, in dlopen
    lib, function_cache = _make_ffi_library(self, name, flags)
                          ~~~~~~~~~~~~~~~~~^^^^^^^^^^^^^^^^^^^
  File "C:\Users\ADMIN\AppData\Local\Python\pythoncore-3.14-64\Lib\site-packages\cffi\api.py", line 834, in _make_ffi_library
    backendlib = _load_backend_lib(backend, libname, flags)
  File "C:\Users\ADMIN\AppData\Local\Python\pythoncore-3.14-64\Lib\site-packages\cffi\api.py", line 829, in _load_backend_lib
    raise OSError(msg)
OSError: cannot load library 'gobject-2.0-0': error 0x7e.  Additionally, ctypes.util.find_library() did not manage to locate a library called 'gobject-2.0-0'
[2026-07-04 16:25:58] ERROR    quote:81 — PDF generation failed for quote QS-202607-002: cannot load library 'gobject-2.0-0': error 0x7e.  Additionally, ctypes.util.find_library() did not manage to locate a library called 'gobject-2.0-0'
Traceback (most recent call last):
  File "E:\quoting_studio\06-07-2026\quoting_studio\app\routes\quote.py", line 65, in generate
    pdf_bytes = generate_quote_pdf(
        quote       = quote,
    ...<3 lines>...
        vat_amt     = vat_amt,
    )
  File "E:\quoting_studio\06-07-2026\quoting_studio\app\services\pdf_quote.py", line 298, in generate_quote_pdf
    from weasyprint import HTML
  File "C:\Users\ADMIN\AppData\Local\Python\pythoncore-3.14-64\Lib\site-packages\weasyprint\__init__.py", line 419, in <module>
    from .css import preprocess_stylesheet  # noqa: I001, E402
    ^^^^^^^^^^^^^^^^^^^^^^^^^^^^^^^^^^^^^^
  File "C:\Users\ADMIN\AppData\Local\Python\pythoncore-3.14-64\Lib\site-packages\weasyprint\css\__init__.py", line 28, in <module>
    from .computed_values import COMPUTER_FUNCTIONS
  File "C:\Users\ADMIN\AppData\Local\Python\pythoncore-3.14-64\Lib\site-packages\weasyprint\css\computed_values.py", line 9, in <module>
    from ..text.ffi import ffi, pango, units_to_double
  File "C:\Users\ADMIN\AppData\Local\Python\pythoncore-3.14-64\Lib\site-packages\weasyprint\text\ffi.py", line 431, in <module>
    gobject = _dlopen(
        ffi, 'gobject-2.0-0', 'gobject-2.0', 'libgobject-2.0-0',
        'libgobject-2.0.so.0', 'libgobject-2.0.dylib', 'libgobject-2.0-0.dll')
  File "C:\Users\ADMIN\AppData\Local\Python\pythoncore-3.14-64\Lib\site-packages\weasyprint\text\ffi.py", line 420, in _dlopen
    return ffi.dlopen(names[0])  # pragma: no cover
           ~~~~~~~~~~^^^^^^^^^^
  File "C:\Users\ADMIN\AppData\Local\Python\pythoncore-3.14-64\Lib\site-packages\cffi\api.py", line 150, in dlopen
    lib, function_cache = _make_ffi_library(self, name, flags)
                          ~~~~~~~~~~~~~~~~~^^^^^^^^^^^^^^^^^^^
  File "C:\Users\ADMIN\AppData\Local\Python\pythoncore-3.14-64\Lib\site-packages\cffi\api.py", line 834, in _make_ffi_library
    backendlib = _load_backend_lib(backend, libname, flags)
  File "C:\Users\ADMIN\AppData\Local\Python\pythoncore-3.14-64\Lib\site-packages\cffi\api.py", line 829, in _load_backend_lib
    raise OSError(msg)
OSError: cannot load library 'gobject-2.0-0': error 0x7e.  Additionally, ctypes.util.find_library() did not manage to locate a library called 'gobject-2.0-0'
[2026-07-04 16:25:58] INFO     quote:93 — Quote generated: QS-202607-002 project=5 total=758.98
[2026-07-04 16:46:57] INFO     v1:262 — Design saved: window=8 panes=1
[2026-07-04 16:46:58] INFO     v1:262 — Design saved: window=8 panes=1
[2026-07-04 16:46:59] INFO     v1:262 — Design saved: window=8 panes=1
[2026-07-04 16:47:05] INFO     v1:262 — Design saved: window=8 panes=1
[2026-07-04 16:47:07] INFO     v1:262 — Design saved: window=8 panes=1
[2026-07-04 16:47:09] INFO     v1:262 — Design saved: window=8 panes=1
[2026-07-04 16:47:10] INFO     v1:262 — Design saved: window=8 panes=1
[2026-07-04 16:47:12] INFO     v1:262 — Design saved: window=8 panes=1
[2026-07-04 16:47:15] INFO     v1:262 — Design saved: window=8 panes=1
[2026-07-04 16:47:16] INFO     v1:262 — Design saved: window=8 panes=1
[2026-07-04 16:47:16] INFO     v1:262 — Design saved: window=8 panes=1
[2026-07-04 16:47:18] INFO     v1:262 — Design saved: window=8 panes=1
[2026-07-04 16:47:25] INFO     v1:262 — Design saved: window=8 panes=1
[2026-07-04 16:47:35] INFO     v1:262 — Design saved: window=8 panes=1
[2026-07-04 16:47:39] INFO     v1:262 — Design saved: window=8 panes=2
[2026-07-04 16:47:42] INFO     v1:262 — Design saved: window=8 panes=3
[2026-07-04 16:48:14] INFO     v1:262 — Design saved: window=8 panes=3
[2026-07-04 16:48:15] INFO     v1:262 — Design saved: window=8 panes=3
[2026-07-04 16:48:17] INFO     v1:262 — Design saved: window=8 panes=3
[2026-07-04 16:48:19] INFO     v1:262 — Design saved: window=8 panes=3
[2026-07-04 16:48:21] INFO     v1:262 — Design saved: window=8 panes=3
[2026-07-04 16:48:27] INFO     v1:262 — Design saved: window=8 panes=3
[2026-07-04 16:48:28] INFO     v1:262 — Design saved: window=8 panes=3
[2026-07-04 16:48:31] INFO     v1:262 — Design saved: window=8 panes=3
[2026-07-04 16:48:55] INFO     v1:262 — Design saved: window=8 panes=3
[2026-07-04 16:49:01] INFO     v1:262 — Design saved: window=8 panes=3
[2026-07-04 16:49:05] INFO     v1:262 — Design saved: window=8 panes=3
[2026-07-04 16:49:07] INFO     v1:262 — Design saved: window=8 panes=3
[2026-07-04 16:49:15] INFO     v1:262 — Design saved: window=8 panes=3
[2026-07-04 16:49:17] INFO     v1:262 — Design saved: window=8 panes=3
[2026-07-04 16:49:20] INFO     v1:262 — Design saved: window=8 panes=3
[2026-07-04 16:49:28] INFO     v1:262 — Design saved: window=8 panes=3
[2026-07-04 16:49:37] INFO     v1:262 — Design saved: window=8 panes=3
[2026-07-04 16:49:37] INFO     v1:327 — save_render: window=8 saved 715097 bytes → E:\quoting_studio\06-07-2026\quoting_studio\uploads\renders\window-8.png
[2026-07-04 16:55:29] INFO     v1:262 — Design saved: window=8 panes=2
[2026-07-04 16:55:32] INFO     v1:262 — Design saved: window=8 panes=4
[2026-07-04 16:55:34] INFO     v1:262 — Design saved: window=8 panes=5
[2026-07-04 17:05:27] INFO     logging_config:160 — Quoting Studio — logging initialised (debug=True)
[2026-07-04 17:05:31] INFO     logging_config:160 — Quoting Studio — logging initialised (debug=True)
[2026-07-04 17:06:17] INFO     logging_config:160 — Quoting Studio — logging initialised (debug=True)
[2026-07-04 17:06:21] INFO     logging_config:160 — Quoting Studio — logging initialised (debug=True)
[2026-07-04 17:06:45] INFO     projects:132 — Project deleted: id=5 tenant=1
[2026-07-04 17:06:49] INFO     projects:132 — Project deleted: id=4 tenant=1
[2026-07-04 17:06:53] INFO     projects:132 — Project deleted: id=3 tenant=1
[2026-07-04 17:07:54] INFO     projects:50 — Project created: id=6 customer=AG tenant=1
[2026-07-04 17:07:59] INFO     v1:262 — Design saved: window=9 panes=1
[2026-07-04 17:07:59] INFO     v1:327 — save_render: window=9 saved 734405 bytes → E:\quoting_studio\06-07-2026\quoting_studio\uploads\renders\window-9.png
[2026-07-04 17:08:27] INFO     v1:262 — Design saved: window=9 panes=1
[2026-07-04 17:08:33] INFO     v1:262 — Design saved: window=9 panes=1
[2026-07-04 17:08:38] INFO     v1:262 — Design saved: window=9 panes=1
[2026-07-04 17:08:48] INFO     v1:262 — Design saved: window=9 panes=2
[2026-07-04 17:08:54] INFO     v1:262 — Design saved: window=9 panes=2
[2026-07-04 17:08:56] INFO     v1:262 — Design saved: window=9 panes=2
[2026-07-04 17:08:57] INFO     v1:262 — Design saved: window=9 panes=2
[2026-07-04 17:09:22] INFO     v1:262 — Design saved: window=9 panes=2
[2026-07-04 17:09:23] INFO     v1:262 — Design saved: window=9 panes=2
[2026-07-04 17:09:35] INFO     v1:262 — Design saved: window=9 panes=2
[2026-07-04 17:09:41] INFO     v1:262 — Design saved: window=9 panes=2
[2026-07-04 17:09:48] INFO     v1:262 — Design saved: window=9 panes=2
[2026-07-04 17:10:04] INFO     v1:262 — Design saved: window=9 panes=2
[2026-07-04 17:10:05] INFO     v1:262 — Design saved: window=9 panes=2
[2026-07-04 17:10:08] INFO     v1:262 — Design saved: window=9 panes=2
[2026-07-04 17:10:09] INFO     v1:262 — Design saved: window=9 panes=2
[2026-07-04 17:10:12] INFO     v1:262 — Design saved: window=9 panes=2
[2026-07-04 17:10:15] INFO     v1:262 — Design saved: window=9 panes=2
[2026-07-04 17:10:16] INFO     v1:262 — Design saved: window=9 panes=2
[2026-07-04 17:10:19] INFO     v1:262 — Design saved: window=9 panes=2
[2026-07-04 17:10:21] INFO     v1:262 — Design saved: window=9 panes=2
[2026-07-04 17:10:37] INFO     cad_export:122 — Advanced DXF built: window=9 1200x1400 → 68455 bytes
[2026-07-04 17:10:37] INFO     v1:137 — DXF export: window=9 bytes=68455
[2026-07-04 17:18:28] INFO     __init__:96 — 404 Not Found — GET /favicon.ico
[2026-07-04 17:18:54] INFO     v1:262 — Design saved: window=9 panes=3
[2026-07-04 17:18:58] INFO     v1:262 — Design saved: window=9 panes=4
[2026-07-04 17:19:02] INFO     v1:262 — Design saved: window=9 panes=4
[2026-07-04 17:19:04] INFO     v1:262 — Design saved: window=9 panes=4
[2026-07-04 17:19:06] INFO     v1:262 — Design saved: window=9 panes=4
[2026-07-04 17:19:09] INFO     v1:262 — Design saved: window=9 panes=4
[2026-07-04 17:19:11] INFO     v1:262 — Design saved: window=9 panes=4
[2026-07-04 17:19:12] INFO     v1:262 — Design saved: window=9 panes=4
[2026-07-04 17:19:26] INFO     v1:206 — 3D export: window=9 fmt=glb method=extrude bytes=4800
[2026-07-04 17:19:38] INFO     v1:206 — 3D export: window=9 fmt=glb method=sweep bytes=5760
[2026-07-04 17:21:46] INFO     v1:262 — Design saved: window=9 panes=1
[2026-07-04 17:21:52] INFO     v1:262 — Design saved: window=9 panes=1
[2026-07-04 17:22:06] INFO     v1:262 — Design saved: window=9 panes=1
[2026-07-04 17:22:16] INFO     v1:262 — Design saved: window=9 panes=1
[2026-07-04 17:22:20] INFO     v1:262 — Design saved: window=9 panes=1
[2026-07-04 17:22:24] INFO     v1:262 — Design saved: window=9 panes=1
[2026-07-04 17:22:27] INFO     v1:262 — Design saved: window=9 panes=1
[2026-07-04 17:22:33] INFO     v1:262 — Design saved: window=9 panes=1
[2026-07-04 17:22:36] INFO     v1:262 — Design saved: window=9 panes=1
[2026-07-04 17:22:39] INFO     v1:262 — Design saved: window=9 panes=1
[2026-07-04 17:22:42] INFO     v1:262 — Design saved: window=9 panes=1
[2026-07-04 17:22:45] INFO     v1:262 — Design saved: window=9 panes=1
[2026-07-04 17:22:50] INFO     v1:262 — Design saved: window=9 panes=1
[2026-07-04 17:23:03] INFO     v1:262 — Design saved: window=9 panes=1
[2026-07-04 17:23:09] INFO     v1:262 — Design saved: window=9 panes=1
[2026-07-04 17:23:13] INFO     v1:262 — Design saved: window=9 panes=1
[2026-07-04 17:23:23] INFO     v1:262 — Design saved: window=9 panes=1
[2026-07-04 17:24:12] INFO     v1:262 — Design saved: window=9 panes=1
[2026-07-04 17:24:15] INFO     v1:262 — Design saved: window=9 panes=1
[2026-07-04 17:24:17] INFO     v1:262 — Design saved: window=9 panes=1
[2026-07-04 17:24:19] INFO     v1:262 — Design saved: window=9 panes=1
[2026-07-04 17:42:44] INFO     logging_config:160 — Quoting Studio — logging initialised (debug=True)
[2026-07-04 17:42:49] INFO     logging_config:160 — Quoting Studio — logging initialised (debug=True)
[2026-07-04 17:43:39] WARNING  auth:36 — Login failed for email: aniket@gmail.com
[2026-07-04 17:44:13] WARNING  auth:36 — Login failed for email: aniket@gmail.com
[2026-07-04 17:50:54] INFO     v1:262 — Design saved: window=9 panes=1
[2026-07-04 17:51:26] INFO     v1:262 — Design saved: window=9 panes=1
[2026-07-04 17:55:16] INFO     v1:262 — Design saved: window=9 panes=2
[2026-07-04 17:55:20] INFO     v1:262 — Design saved: window=9 panes=3
[2026-07-04 17:55:23] INFO     v1:262 — Design saved: window=9 panes=3
[2026-07-04 18:11:52] INFO     logging_config:160 — Quoting Studio — logging initialised (debug=True)
[2026-07-04 18:11:58] INFO     logging_config:160 — Quoting Studio — logging initialised (debug=True)
[2026-07-04 18:12:11] INFO     __init__:96 — 404 Not Found — GET /favicon.ico
[2026-07-04 18:13:40] INFO     v1:262 — Design saved: window=9 panes=1
[2026-07-04 18:13:40] INFO     v1:262 — Design saved: window=9 panes=1
[2026-07-06 10:11:04] INFO     logging_config:160 — Quoting Studio — logging initialised (debug=True)
[2026-07-06 10:11:10] INFO     logging_config:160 — Quoting Studio — logging initialised (debug=True)
[2026-07-06 10:11:20] INFO     __init__:96 — 404 Not Found — GET /favicon.ico
[2026-07-06 10:11:22] INFO     auth:32 — Login success: aniket@gmail.com (tenant=1)
[2026-07-06 10:11:41] INFO     v1:262 — Design saved: window=9 panes=1
[2026-07-06 10:11:42] INFO     v1:262 — Design saved: window=9 panes=1
[2026-07-06 10:11:43] INFO     v1:262 — Design saved: window=9 panes=1
[2026-07-06 10:11:45] INFO     v1:262 — Design saved: window=9 panes=1
[2026-07-06 10:11:47] INFO     v1:262 — Design saved: window=9 panes=1
[2026-07-06 10:11:54] INFO     v1:262 — Design saved: window=9 panes=1
[2026-07-06 10:12:00] INFO     v1:262 — Design saved: window=9 panes=1
[2026-07-06 10:12:11] INFO     v1:262 — Design saved: window=9 panes=1
[2026-07-06 10:12:17] INFO     v1:262 — Design saved: window=9 panes=1
[2026-07-06 10:12:20] INFO     v1:262 — Design saved: window=9 panes=1
[2026-07-06 10:12:48] INFO     v1:262 — Design saved: window=9 panes=1
[2026-07-06 10:12:52] INFO     v1:262 — Design saved: window=9 panes=1
[2026-07-06 10:12:53] INFO     v1:262 — Design saved: window=9 panes=1
[2026-07-06 10:12:55] INFO     v1:262 — Design saved: window=9 panes=1
[2026-07-06 10:12:56] INFO     v1:262 — Design saved: window=9 panes=1
[2026-07-06 10:13:01] INFO     v1:262 — Design saved: window=9 panes=1
[2026-07-06 10:13:04] INFO     v1:262 — Design saved: window=9 panes=1
[2026-07-06 10:13:08] INFO     v1:262 — Design saved: window=9 panes=1
[2026-07-06 10:13:16] INFO     v1:262 — Design saved: window=9 panes=1
[2026-07-06 10:13:21] INFO     v1:262 — Design saved: window=9 panes=1
[2026-07-06 10:13:31] INFO     v1:262 — Design saved: window=9 panes=1
[2026-07-06 10:13:35] INFO     v1:262 — Design saved: window=9 panes=1
[2026-07-06 10:13:47] INFO     v1:262 — Design saved: window=9 panes=1
[2026-07-06 10:13:49] INFO     v1:262 — Design saved: window=9 panes=1
[2026-07-06 10:13:52] INFO     v1:262 — Design saved: window=9 panes=1
[2026-07-06 10:14:00] INFO     v1:262 — Design saved: window=9 panes=1
[2026-07-06 10:14:08] INFO     v1:262 — Design saved: window=9 panes=1
[2026-07-06 10:15:03] INFO     v1:262 — Design saved: window=9 panes=1
[2026-07-06 10:15:03] INFO     v1:206 — 3D export: window=9 fmt=glb method=extrude bytes=1724
[2026-07-06 10:15:06] INFO     v1:262 — Design saved: window=9 panes=1
[2026-07-06 10:15:08] INFO     v1:262 — Design saved: window=9 panes=1
[2026-07-06 10:15:10] INFO     v1:262 — Design saved: window=9 panes=2
[2026-07-06 10:15:27] INFO     v1:262 — Design saved: window=9 panes=3
[2026-07-06 10:15:28] INFO     v1:262 — Design saved: window=9 panes=4
[2026-07-06 10:15:32] INFO     v1:262 — Design saved: window=9 panes=5
[2026-07-06 10:15:36] INFO     v1:262 — Design saved: window=9 panes=6
[2026-07-06 10:15:38] INFO     v1:262 — Design saved: window=9 panes=7
[2026-07-06 10:15:39] INFO     v1:262 — Design saved: window=9 panes=8
[2026-07-06 10:15:41] INFO     v1:262 — Design saved: window=9 panes=9
[2026-07-06 10:15:43] INFO     v1:262 — Design saved: window=9 panes=10
[2026-07-06 10:15:49] INFO     v1:262 — Design saved: window=9 panes=10
[2026-07-06 10:25:41] INFO     logging_config:160 — Quoting Studio — logging initialised (debug=True)
[2026-07-06 10:25:42] INFO     __init__:96 — 404 Not Found — GET /favicon.ico
[2026-07-06 10:26:34] INFO     logging_config:160 — Quoting Studio — logging initialised (debug=True)
[2026-07-06 10:26:35] INFO     logging_config:160 — Quoting Studio — logging initialised (debug=True)
[2026-07-06 10:26:39] INFO     __init__:96 — 404 Not Found — GET /favicon.ico
[2026-07-06 10:27:13] INFO     v1:262 — Design saved: window=9 panes=2
[2026-07-06 10:27:19] INFO     v1:262 — Design saved: window=9 panes=3
[2026-07-06 10:27:22] INFO     v1:262 — Design saved: window=9 panes=4
[2026-07-06 10:27:24] INFO     v1:262 — Design saved: window=9 panes=5
[2026-07-06 10:27:25] INFO     v1:262 — Design saved: window=9 panes=6
[2026-07-06 10:27:29] INFO     v1:262 — Design saved: window=9 panes=7
[2026-07-06 10:27:31] INFO     v1:262 — Design saved: window=9 panes=9
[2026-07-06 10:27:33] INFO     v1:262 — Design saved: window=9 panes=10
[2026-07-06 10:27:38] INFO     v1:262 — Design saved: window=9 panes=10
[2026-07-06 10:27:53] INFO     v1:262 — Design saved: window=9 panes=10
[2026-07-06 10:27:54] INFO     v1:262 — Design saved: window=9 panes=10
[2026-07-06 10:27:58] INFO     v1:262 — Design saved: window=9 panes=10
[2026-07-06 10:28:05] INFO     v1:262 — Design saved: window=9 panes=10
[2026-07-06 10:28:10] INFO     v1:262 — Design saved: window=9 panes=10
[2026-07-06 10:28:11] INFO     v1:262 — Design saved: window=9 panes=10
[2026-07-06 10:28:16] INFO     v1:262 — Design saved: window=9 panes=10
[2026-07-06 10:28:27] INFO     v1:262 — Design saved: window=9 panes=10
[2026-07-06 10:28:33] INFO     v1:262 — Design saved: window=9 panes=10
[2026-07-06 10:28:40] INFO     v1:262 — Design saved: window=9 panes=10
[2026-07-06 10:28:41] INFO     v1:262 — Design saved: window=9 panes=10
[2026-07-06 10:28:41] INFO     v1:327 — save_render: window=9 saved 535220 bytes → E:\quoting_studio\06-07-2026\quoting_studio\uploads\renders\window-9.png
[2026-07-06 10:29:55] INFO     v1:262 — Design saved: window=9 panes=1
[2026-07-06 10:29:58] INFO     v1:262 — Design saved: window=9 panes=1
[2026-07-06 10:30:06] INFO     v1:262 — Design saved: window=9 panes=1
[2026-07-06 10:30:08] INFO     v1:262 — Design saved: window=9 panes=1
[2026-07-06 10:30:09] INFO     v1:262 — Design saved: window=9 panes=1
[2026-07-06 10:30:22] INFO     v1:262 — Design saved: window=9 panes=1
[2026-07-06 10:30:39] INFO     v1:262 — Design saved: window=9 panes=1
[2026-07-06 10:30:58] INFO     v1:262 — Design saved: window=9 panes=1
[2026-07-06 10:31:06] INFO     v1:262 — Design saved: window=9 panes=1
[2026-07-06 10:32:01] INFO     projects:165 — Window added: id=10 project=6 label=
[2026-07-06 10:32:03] INFO     v1:262 — Design saved: window=10 panes=1
[2026-07-06 10:32:04] INFO     v1:327 — save_render: window=10 saved 734405 bytes → E:\quoting_studio\06-07-2026\quoting_studio\uploads\renders\window-10.png
[2026-07-06 10:40:54] INFO     v1:262 — Design saved: window=9 panes=1
[2026-07-06 10:41:04] INFO     v1:262 — Design saved: window=9 panes=1
[2026-07-06 10:41:05] INFO     v1:262 — Design saved: window=9 panes=1
[2026-07-06 10:52:05] INFO     __init__:96 — 404 Not Found — GET /favicon.ico
[2026-07-06 10:54:25] INFO     logging_config:160 — Quoting Studio — logging initialised (debug=True)
[2026-07-06 10:54:35] INFO     __init__:96 — 404 Not Found — GET /favicon.ico
[2026-07-06 11:00:02] INFO     logging_config:160 — Quoting Studio — logging initialised (debug=True)
[2026-07-06 11:00:06] INFO     logging_config:160 — Quoting Studio — logging initialised (debug=True)
[2026-07-06 11:00:23] INFO     __init__:96 — 404 Not Found — GET /favicon.ico
[2026-07-06 11:00:25] INFO     auth:130 — Logout: aniket@gmail.com
[2026-07-06 11:00:42] WARNING  auth:36 — Login failed for email: aniket@gmail.com
[2026-07-06 11:01:01] WARNING  auth:36 — Login failed for email: aniket@gmail.com
[2026-07-06 11:01:08] WARNING  auth:36 — Login failed for email: aniket@gmail.com
[2026-07-06 11:01:20] WARNING  auth:36 — Login failed for email: aniket@gmail.com
[2026-07-06 11:03:04] WARNING  auth:36 — Login failed for email: aniket@gmail.com
[2026-07-06 11:04:16] INFO     auth:32 — Login success: aniket@gmail.com (tenant=1)
[2026-07-06 11:07:16] INFO     __init__:96 — 404 Not Found — GET /favicon.ico
[2026-07-06 11:07:28] INFO     v1:262 — Design saved: window=9 panes=1
[2026-07-06 11:07:29] INFO     v1:262 — Design saved: window=9 panes=1
[2026-07-06 11:07:30] INFO     v1:262 — Design saved: window=9 panes=1
[2026-07-06 11:07:36] INFO     v1:262 — Design saved: window=9 panes=1
[2026-07-06 11:07:40] INFO     v1:262 — Design saved: window=9 panes=1
[2026-07-06 11:07:51] INFO     v1:262 — Design saved: window=9 panes=1
[2026-07-06 11:07:52] INFO     v1:262 — Design saved: window=9 panes=1
[2026-07-06 11:07:55] INFO     v1:262 — Design saved: window=9 panes=1
[2026-07-06 11:07:55] INFO     v1:262 — Design saved: window=9 panes=1
[2026-07-06 11:07:59] INFO     v1:262 — Design saved: window=9 panes=1
[2026-07-06 11:08:00] INFO     v1:262 — Design saved: window=9 panes=1
[2026-07-06 11:08:01] INFO     v1:262 — Design saved: window=9 panes=2
[2026-07-06 11:08:04] INFO     v1:262 — Design saved: window=9 panes=3
[2026-07-06 11:08:05] INFO     v1:262 — Design saved: window=9 panes=5
[2026-07-06 11:08:08] INFO     v1:262 — Design saved: window=9 panes=5
[2026-07-06 11:08:13] INFO     v1:262 — Design saved: window=9 panes=5
[2026-07-06 11:08:15] INFO     v1:262 — Design saved: window=9 panes=5
[2026-07-06 11:08:16] INFO     v1:262 — Design saved: window=9 panes=5
[2026-07-06 11:08:17] INFO     v1:262 — Design saved: window=9 panes=5
[2026-07-06 11:08:19] INFO     v1:262 — Design saved: window=9 panes=5
[2026-07-06 11:19:45] INFO     __init__:96 — 404 Not Found — GET /favicon.ico
[2026-07-06 11:19:48] INFO     v1:262 — Design saved: window=9 panes=1
[2026-07-06 11:19:53] INFO     v1:262 — Design saved: window=9 panes=1
[2026-07-06 11:21:03] INFO     v1:262 — Design saved: window=9 panes=1
[2026-07-06 11:39:38] INFO     logging_config:160 — Quoting Studio — logging initialised (debug=True)
[2026-07-06 11:39:40] INFO     __init__:96 — 404 Not Found — GET /favicon.ico
[2026-07-06 11:39:45] INFO     __init__:96 — 404 Not Found — GET /favicon.ico
[2026-07-06 11:40:00] INFO     v1:262 — Design saved: window=9 panes=1
[2026-07-06 11:40:03] INFO     v1:262 — Design saved: window=9 panes=1
[2026-07-06 11:40:09] INFO     v1:262 — Design saved: window=9 panes=1
[2026-07-06 11:40:10] INFO     auth:130 — Logout: aniket@gmail.com
[2026-07-06 11:40:11] INFO     auth:32 — Login success: aniket@gmail.com (tenant=1)
[2026-07-06 11:40:19] INFO     v1:262 — Design saved: window=9 panes=1
[2026-07-06 11:40:21] INFO     v1:262 — Design saved: window=9 panes=1
[2026-07-06 11:40:23] INFO     v1:262 — Design saved: window=9 panes=1
[2026-07-06 11:40:25] INFO     v1:262 — Design saved: window=9 panes=1
[2026-07-06 11:40:26] INFO     v1:262 — Design saved: window=9 panes=1
[2026-07-06 11:41:03] INFO     v1:262 — Design saved: window=9 panes=1
[2026-07-06 11:41:07] INFO     v1:262 — Design saved: window=9 panes=1
[2026-07-06 11:41:07] INFO     v1:327 — save_render: window=9 saved 45239 bytes → E:\quoting_studio\06-07-2026\quoting_studio\uploads\renders\window-9.png
[2026-07-06 11:41:44] INFO     v1:262 — Design saved: window=9 panes=1
[2026-07-06 11:41:45] INFO     v1:262 — Design saved: window=9 panes=1
[2026-07-06 11:41:46] INFO     v1:262 — Design saved: window=9 panes=1
[2026-07-06 11:41:47] INFO     v1:262 — Design saved: window=9 panes=1
[2026-07-06 11:42:43] INFO     v1:262 — Design saved: window=9 panes=2
[2026-07-06 11:42:44] INFO     v1:262 — Design saved: window=9 panes=3
[2026-07-06 11:44:45] INFO     __init__:96 — 404 Not Found — GET /favicon.ico
[2026-07-06 11:44:46] INFO     __init__:96 — 404 Not Found — GET /favicon.ico
[2026-07-06 11:44:47] INFO     __init__:96 — 404 Not Found — GET /favicon.ico
[2026-07-06 11:45:36] INFO     v1:262 — Design saved: window=9 panes=1
[2026-07-06 11:46:01] INFO     v1:262 — Design saved: window=9 panes=1
[2026-07-06 11:46:03] INFO     v1:262 — Design saved: window=9 panes=1
[2026-07-06 11:46:29] INFO     v1:262 — Design saved: window=9 panes=1
[2026-07-06 11:46:38] INFO     v1:262 — Design saved: window=9 panes=1
[2026-07-06 11:46:49] INFO     __init__:96 — 404 Not Found — GET /favicon.ico
[2026-07-06 11:46:57] INFO     v1:262 — Design saved: window=9 panes=1
[2026-07-06 11:46:58] INFO     v1:262 — Design saved: window=9 panes=1
[2026-07-06 11:46:59] INFO     v1:262 — Design saved: window=9 panes=1
[2026-07-06 11:52:02] INFO     v1:262 — Design saved: window=9 panes=1
[2026-07-06 11:52:04] INFO     v1:262 — Design saved: window=9 panes=1
[2026-07-06 11:52:05] INFO     v1:262 — Design saved: window=9 panes=1
[2026-07-06 11:52:07] INFO     v1:262 — Design saved: window=9 panes=1
[2026-07-06 11:52:09] INFO     v1:262 — Design saved: window=9 panes=1
[2026-07-06 11:52:10] INFO     v1:262 — Design saved: window=9 panes=1
[2026-07-06 11:52:11] INFO     v1:262 — Design saved: window=9 panes=1
[2026-07-06 11:52:12] INFO     v1:262 — Design saved: window=9 panes=1
[2026-07-06 11:52:17] INFO     v1:262 — Design saved: window=9 panes=1
[2026-07-06 11:52:20] INFO     v1:262 — Design saved: window=9 panes=1
[2026-07-06 11:52:21] INFO     v1:262 — Design saved: window=9 panes=1
[2026-07-06 11:52:35] INFO     v1:262 — Design saved: window=9 panes=2
[2026-07-06 11:52:51] INFO     v1:262 — Design saved: window=9 panes=3
[2026-07-06 12:00:56] INFO     logging_config:160 — Quoting Studio — logging initialised (debug=True)
[2026-07-06 12:00:57] INFO     __init__:96 — 404 Not Found — GET /favicon.ico
[2026-07-06 12:01:25] INFO     v1:262 — Design saved: window=9 panes=1
[2026-07-06 12:01:25] INFO     v1:327 — save_render: window=9 saved 687199 bytes → E:\quoting_studio\06-07-2026\quoting_studio\uploads\renders\window-9.png
[2026-07-06 12:54:02] INFO     logging_config:160 — Quoting Studio — logging initialised (debug=True)
[2026-07-06 12:54:06] INFO     logging_config:160 — Quoting Studio — logging initialised (debug=True)
[2026-07-06 12:54:15] INFO     __init__:96 — 404 Not Found — GET /favicon.ico
[2026-07-06 12:55:04] INFO     __init__:96 — 404 Not Found — GET /favicon.ico
[2026-07-06 12:55:39] INFO     v1:262 — Design saved: window=9 panes=1
[2026-07-06 12:55:42] INFO     v1:262 — Design saved: window=9 panes=1
[2026-07-06 12:55:42] INFO     v1:262 — Design saved: window=9 panes=1
[2026-07-06 12:57:12] INFO     v1:262 — Design saved: window=9 panes=1
[2026-07-06 12:57:27] INFO     v1:262 — Design saved: window=9 panes=2
[2026-07-06 12:57:28] INFO     v1:262 — Design saved: window=9 panes=2
[2026-07-06 12:57:36] INFO     v1:262 — Design saved: window=9 panes=1
[2026-07-06 12:57:37] INFO     v1:262 — Design saved: window=9 panes=1
[2026-07-06 12:57:37] INFO     v1:262 — Design saved: window=9 panes=1
[2026-07-06 12:57:37] INFO     v1:262 — Design saved: window=9 panes=1
[2026-07-06 12:57:37] INFO     v1:262 — Design saved: window=9 panes=1
[2026-07-06 13:00:11] INFO     v1:262 — Design saved: window=10 panes=1
[2026-07-06 13:00:12] INFO     v1:262 — Design saved: window=10 panes=1
[2026-07-06 13:00:12] INFO     v1:262 — Design saved: window=10 panes=1
[2026-07-06 13:00:12] INFO     v1:262 — Design saved: window=10 panes=1
[2026-07-06 13:00:12] INFO     v1:262 — Design saved: window=10 panes=1
[2026-07-06 13:00:35] INFO     v1:206 — 3D export: window=10 fmt=glb method=extrude bytes=1724
[2026-07-06 13:01:12] INFO     v1:206 — 3D export: window=10 fmt=glb method=sweep bytes=2684
[2026-07-06 13:01:41] INFO     v1:262 — Design saved: window=9 panes=1
[2026-07-06 13:01:41] INFO     v1:206 — 3D export: window=9 fmt=glb method=extrude bytes=1724
[2026-07-06 13:02:33] INFO     v1:262 — Design saved: window=9 panes=1
[2026-07-06 13:02:42] INFO     v1:262 — Design saved: window=9 panes=1
[2026-07-06 13:02:50] INFO     v1:262 — Design saved: window=9 panes=1
[2026-07-06 13:02:54] INFO     v1:262 — Design saved: window=9 panes=1
[2026-07-06 13:03:02] INFO     v1:262 — Design saved: window=9 panes=1
[2026-07-06 13:03:14] INFO     v1:262 — Design saved: window=9 panes=1
[2026-07-06 13:03:17] INFO     v1:262 — Design saved: window=9 panes=1
[2026-07-06 13:03:42] INFO     v1:262 — Design saved: window=9 panes=1
[2026-07-06 13:03:45] INFO     v1:262 — Design saved: window=9 panes=1
[2026-07-06 13:03:50] INFO     v1:262 — Design saved: window=9 panes=1
[2026-07-06 14:13:37] INFO     logging_config:160 — Quoting Studio — logging initialised (debug=True)
[2026-07-06 14:23:26] INFO     logging_config:160 — Quoting Studio — logging initialised (debug=True)
[2026-07-06 14:23:30] INFO     logging_config:160 — Quoting Studio — logging initialised (debug=True)
[2026-07-06 14:23:34] INFO     __init__:96 — 404 Not Found — GET /favicon.ico
[2026-07-06 14:29:48] INFO     v1:262 — Design saved: window=9 panes=2
[2026-07-06 14:29:58] INFO     v1:262 — Design saved: window=9 panes=3
[2026-07-06 14:30:14] INFO     v1:262 — Design saved: window=9 panes=4
[2026-07-06 14:30:25] INFO     v1:262 — Design saved: window=9 panes=4
[2026-07-06 14:30:25] INFO     v1:262 — Design saved: window=9 panes=4
[2026-07-06 14:30:25] INFO     v1:262 — Design saved: window=9 panes=4
[2026-07-06 14:30:26] INFO     v1:262 — Design saved: window=9 panes=4
[2026-07-06 14:30:26] INFO     v1:262 — Design saved: window=9 panes=4
[2026-07-06 14:55:21] INFO     v1:206 — 3D export: window=9 fmt=glb method=extrude bytes=4804
[2026-07-06 14:55:41] INFO     v1:262 — Design saved: window=9 panes=1
[2026-07-06 14:55:43] INFO     v1:262 — Design saved: window=9 panes=1
[2026-07-06 14:55:45] INFO     v1:262 — Design saved: window=9 panes=1
[2026-07-06 14:55:46] INFO     v1:262 — Design saved: window=9 panes=1
[2026-07-06 14:55:48] INFO     v1:262 — Design saved: window=9 panes=1
[2026-07-06 14:55:51] INFO     v1:262 — Design saved: window=9 panes=1
[2026-07-06 14:55:53] INFO     v1:262 — Design saved: window=9 panes=1
[2026-07-06 14:55:56] INFO     v1:262 — Design saved: window=9 panes=2
[2026-07-06 14:55:57] INFO     v1:262 — Design saved: window=9 panes=3
[2026-07-06 14:56:06] INFO     v1:262 — Design saved: window=9 panes=4
[2026-07-06 14:56:22] INFO     v1:262 — Design saved: window=9 panes=4
[2026-07-06 14:56:31] INFO     v1:262 — Design saved: window=9 panes=4
[2026-07-06 14:56:40] INFO     v1:262 — Design saved: window=9 panes=4
[2026-07-06 14:56:45] INFO     v1:262 — Design saved: window=9 panes=4
[2026-07-06 14:56:50] INFO     v1:262 — Design saved: window=9 panes=4
[2026-07-06 14:56:57] INFO     v1:262 — Design saved: window=9 panes=4
[2026-07-06 14:57:03] INFO     v1:262 — Design saved: window=9 panes=4
[2026-07-06 14:57:19] INFO     v1:262 — Design saved: window=9 panes=4
[2026-07-06 14:57:19] INFO     v1:327 — save_render: window=9 saved 48875 bytes → E:\quoting_studio\06-07-2026\quoting_studio\uploads\renders\window-9.png
[2026-07-06 14:58:03] INFO     v1:262 — Design saved: window=9 panes=1
[2026-07-06 14:58:03] INFO     v1:327 — save_render: window=9 saved 658892 bytes → E:\quoting_studio\06-07-2026\quoting_studio\uploads\renders\window-9.png
[2026-07-06 15:14:25] INFO     logging_config:160 — Quoting Studio — logging initialised (debug=True)
[2026-07-06 15:14:30] INFO     logging_config:160 — Quoting Studio — logging initialised (debug=True)
[2026-07-06 15:14:54] INFO     __init__:96 — 404 Not Found — GET /favicon.ico
[2026-07-06 15:15:08] INFO     v1:262 — Design saved: window=9 panes=2
[2026-07-06 15:15:13] INFO     v1:262 — Design saved: window=9 panes=3
[2026-07-06 15:15:24] INFO     v1:262 — Design saved: window=9 panes=3
[2026-07-06 15:15:26] INFO     v1:262 — Design saved: window=9 panes=3
[2026-07-06 15:15:27] INFO     v1:262 — Design saved: window=9 panes=3
[2026-07-06 15:15:37] INFO     v1:262 — Design saved: window=9 panes=3
[2026-07-06 15:15:45] INFO     v1:262 — Design saved: window=9 panes=3
[2026-07-06 15:15:45] INFO     v1:327 — save_render: window=9 saved 47110 bytes → E:\quoting_studio\06-07-2026\quoting_studio\uploads\renders\window-9.png
[2026-07-06 15:16:16] INFO     v1:262 — Design saved: window=9 panes=2
[2026-07-06 15:16:19] INFO     v1:262 — Design saved: window=9 panes=2
[2026-07-06 15:21:36] INFO     v1:262 — Design saved: window=9 panes=2
[2026-07-06 15:21:41] INFO     v1:262 — Design saved: window=10 panes=1
[2026-07-06 15:21:41] INFO     v1:262 — Design saved: window=10 panes=1
[2026-07-06 15:22:04] INFO     v1:262 — Design saved: window=9 panes=1
[2026-07-06 15:22:04] INFO     v1:327 — save_render: window=9 saved 658892 bytes → E:\quoting_studio\06-07-2026\quoting_studio\uploads\renders\window-9.png
[2026-07-06 15:22:10] INFO     v1:262 — Design saved: window=9 panes=1
[2026-07-06 15:22:11] INFO     v1:262 — Design saved: window=9 panes=1
[2026-07-06 15:22:14] INFO     v1:262 — Design saved: window=10 panes=1
[2026-07-06 15:22:14] INFO     v1:262 — Design saved: window=10 panes=1
[2026-07-06 15:22:19] INFO     v1:262 — Design saved: window=10 panes=1
[2026-07-06 15:22:21] INFO     v1:262 — Design saved: window=10 panes=1
[2026-07-06 15:32:17] INFO     logging_config:160 — Quoting Studio — logging initialised (debug=True)
[2026-07-06 15:32:22] INFO     logging_config:160 — Quoting Studio — logging initialised (debug=True)
[2026-07-06 15:32:24] WARNING  pricing:134 — Glazing pricing error for type=Double, Low-E: '_P' object has no attribute 'w_norm'
[2026-07-06 15:32:24] ERROR    pricing:159 — Unexpected pricing error: '_P' object has no attribute 'w_norm'
Traceback (most recent call last):
  File "E:\quoting_studio\06-07-2026\quoting_studio\app\services\pricing.py", line 125, in calculate_price
    pane_area = glass_area_m2 * Decimal(str(pane.w_norm * pane.h_norm))
                                            ^^^^^^^^^^^
AttributeError: '_P' object has no attribute 'w_norm'

During handling of the above exception, another exception occurred:

Traceback (most recent call last):
  File "E:\quoting_studio\06-07-2026\quoting_studio\app\services\pricing.py", line 135, in calculate_price
    glass_cost += glass_base * Decimal(str(pane.w_norm * pane.h_norm))
                                           ^^^^^^^^^^^
AttributeError: '_P' object has no attribute 'w_norm'
[2026-07-06 15:32:24] INFO     __init__:96 — 404 Not Found — GET /favicon.ico
[2026-07-06 15:32:36] WARNING  pricing:134 — Glazing pricing error for type=Double, Low-E: '_P' object has no attribute 'w_norm'
[2026-07-06 15:32:36] ERROR    pricing:159 — Unexpected pricing error: '_P' object has no attribute 'w_norm'
Traceback (most recent call last):
  File "E:\quoting_studio\06-07-2026\quoting_studio\app\services\pricing.py", line 125, in calculate_price
    pane_area = glass_area_m2 * Decimal(str(pane.w_norm * pane.h_norm))
                                            ^^^^^^^^^^^
AttributeError: '_P' object has no attribute 'w_norm'

During handling of the above exception, another exception occurred:

Traceback (most recent call last):
  File "E:\quoting_studio\06-07-2026\quoting_studio\app\services\pricing.py", line 135, in calculate_price
    glass_cost += glass_base * Decimal(str(pane.w_norm * pane.h_norm))
                                           ^^^^^^^^^^^
AttributeError: '_P' object has no attribute 'w_norm'
[2026-07-06 15:32:41] WARNING  pricing:134 — Glazing pricing error for type=Double, Low-E: '_P' object has no attribute 'w_norm'
[2026-07-06 15:32:41] ERROR    pricing:159 — Unexpected pricing error: '_P' object has no attribute 'w_norm'
Traceback (most recent call last):
  File "E:\quoting_studio\06-07-2026\quoting_studio\app\services\pricing.py", line 125, in calculate_price
    pane_area = glass_area_m2 * Decimal(str(pane.w_norm * pane.h_norm))
                                            ^^^^^^^^^^^
AttributeError: '_P' object has no attribute 'w_norm'

During handling of the above exception, another exception occurred:

Traceback (most recent call last):
  File "E:\quoting_studio\06-07-2026\quoting_studio\app\services\pricing.py", line 135, in calculate_price
    glass_cost += glass_base * Decimal(str(pane.w_norm * pane.h_norm))
                                           ^^^^^^^^^^^
AttributeError: '_P' object has no attribute 'w_norm'
[2026-07-06 15:32:42] INFO     v1:272 — Design saved: window=9 panes=1
[2026-07-06 15:32:42] WARNING  pricing:134 — Glazing pricing error for type=Double, Low-E: '_P' object has no attribute 'w_norm'
[2026-07-06 15:32:42] ERROR    pricing:159 — Unexpected pricing error: '_P' object has no attribute 'w_norm'
Traceback (most recent call last):
  File "E:\quoting_studio\06-07-2026\quoting_studio\app\services\pricing.py", line 125, in calculate_price
    pane_area = glass_area_m2 * Decimal(str(pane.w_norm * pane.h_norm))
                                            ^^^^^^^^^^^
AttributeError: '_P' object has no attribute 'w_norm'

During handling of the above exception, another exception occurred:

Traceback (most recent call last):
  File "E:\quoting_studio\06-07-2026\quoting_studio\app\services\pricing.py", line 135, in calculate_price
    glass_cost += glass_base * Decimal(str(pane.w_norm * pane.h_norm))
                                           ^^^^^^^^^^^
AttributeError: '_P' object has no attribute 'w_norm'
[2026-07-06 15:32:43] INFO     v1:272 — Design saved: window=9 panes=1
[2026-07-06 15:32:43] WARNING  pricing:134 — Glazing pricing error for type=Double, Low-E: '_P' object has no attribute 'w_norm'
[2026-07-06 15:32:43] ERROR    pricing:159 — Unexpected pricing error: '_P' object has no attribute 'w_norm'
Traceback (most recent call last):
  File "E:\quoting_studio\06-07-2026\quoting_studio\app\services\pricing.py", line 125, in calculate_price
    pane_area = glass_area_m2 * Decimal(str(pane.w_norm * pane.h_norm))
                                            ^^^^^^^^^^^
AttributeError: '_P' object has no attribute 'w_norm'

During handling of the above exception, another exception occurred:

Traceback (most recent call last):
  File "E:\quoting_studio\06-07-2026\quoting_studio\app\services\pricing.py", line 135, in calculate_price
    glass_cost += glass_base * Decimal(str(pane.w_norm * pane.h_norm))
                                           ^^^^^^^^^^^
AttributeError: '_P' object has no attribute 'w_norm'
[2026-07-06 15:32:44] INFO     v1:272 — Design saved: window=9 panes=1
[2026-07-06 15:32:44] WARNING  pricing:134 — Glazing pricing error for type=Double, Low-E: '_P' object has no attribute 'w_norm'
[2026-07-06 15:32:44] ERROR    pricing:159 — Unexpected pricing error: '_P' object has no attribute 'w_norm'
Traceback (most recent call last):
  File "E:\quoting_studio\06-07-2026\quoting_studio\app\services\pricing.py", line 125, in calculate_price
    pane_area = glass_area_m2 * Decimal(str(pane.w_norm * pane.h_norm))
                                            ^^^^^^^^^^^
AttributeError: '_P' object has no attribute 'w_norm'

During handling of the above exception, another exception occurred:

Traceback (most recent call last):
  File "E:\quoting_studio\06-07-2026\quoting_studio\app\services\pricing.py", line 135, in calculate_price
    glass_cost += glass_base * Decimal(str(pane.w_norm * pane.h_norm))
                                           ^^^^^^^^^^^
AttributeError: '_P' object has no attribute 'w_norm'
[2026-07-06 15:32:45] INFO     v1:272 — Design saved: window=9 panes=1
[2026-07-06 15:32:45] WARNING  pricing:134 — Glazing pricing error for type=Double, Low-E: '_P' object has no attribute 'w_norm'
[2026-07-06 15:32:45] ERROR    pricing:159 — Unexpected pricing error: '_P' object has no attribute 'w_norm'
Traceback (most recent call last):
  File "E:\quoting_studio\06-07-2026\quoting_studio\app\services\pricing.py", line 125, in calculate_price
    pane_area = glass_area_m2 * Decimal(str(pane.w_norm * pane.h_norm))
                                            ^^^^^^^^^^^
AttributeError: '_P' object has no attribute 'w_norm'

During handling of the above exception, another exception occurred:

Traceback (most recent call last):
  File "E:\quoting_studio\06-07-2026\quoting_studio\app\services\pricing.py", line 135, in calculate_price
    glass_cost += glass_base * Decimal(str(pane.w_norm * pane.h_norm))
                                           ^^^^^^^^^^^
AttributeError: '_P' object has no attribute 'w_norm'
[2026-07-06 15:32:46] WARNING  pricing:134 — Glazing pricing error for type=Double, Low-E: '_P' object has no attribute 'w_norm'
[2026-07-06 15:32:46] ERROR    pricing:159 — Unexpected pricing error: '_P' object has no attribute 'w_norm'
Traceback (most recent call last):
  File "E:\quoting_studio\06-07-2026\quoting_studio\app\services\pricing.py", line 125, in calculate_price
    pane_area = glass_area_m2 * Decimal(str(pane.w_norm * pane.h_norm))
                                            ^^^^^^^^^^^
AttributeError: '_P' object has no attribute 'w_norm'

During handling of the above exception, another exception occurred:

Traceback (most recent call last):
  File "E:\quoting_studio\06-07-2026\quoting_studio\app\services\pricing.py", line 135, in calculate_price
    glass_cost += glass_base * Decimal(str(pane.w_norm * pane.h_norm))
                                           ^^^^^^^^^^^
AttributeError: '_P' object has no attribute 'w_norm'
[2026-07-06 15:32:47] INFO     v1:272 — Design saved: window=9 panes=1
[2026-07-06 15:32:51] WARNING  pricing:134 — Glazing pricing error for type=Double, Low-E: '_P' object has no attribute 'w_norm'
[2026-07-06 15:32:51] WARNING  pricing:134 — Glazing pricing error for type=Double, Low-E: '_P' object has no attribute 'w_norm'
[2026-07-06 15:32:51] ERROR    pricing:159 — Unexpected pricing error: '_P' object has no attribute 'w_norm'
Traceback (most recent call last):
  File "E:\quoting_studio\06-07-2026\quoting_studio\app\services\pricing.py", line 125, in calculate_price
    pane_area = glass_area_m2 * Decimal(str(pane.w_norm * pane.h_norm))
                                            ^^^^^^^^^^^
AttributeError: '_P' object has no attribute 'w_norm'

During handling of the above exception, another exception occurred:

Traceback (most recent call last):
  File "E:\quoting_studio\06-07-2026\quoting_studio\app\services\pricing.py", line 135, in calculate_price
    glass_cost += glass_base * Decimal(str(pane.w_norm * pane.h_norm))
                                           ^^^^^^^^^^^
AttributeError: '_P' object has no attribute 'w_norm'
[2026-07-06 15:32:51] ERROR    pricing:159 — Unexpected pricing error: '_P' object has no attribute 'w_norm'
Traceback (most recent call last):
  File "E:\quoting_studio\06-07-2026\quoting_studio\app\services\pricing.py", line 125, in calculate_price
    pane_area = glass_area_m2 * Decimal(str(pane.w_norm * pane.h_norm))
                                            ^^^^^^^^^^^
AttributeError: '_P' object has no attribute 'w_norm'

During handling of the above exception, another exception occurred:

Traceback (most recent call last):
  File "E:\quoting_studio\06-07-2026\quoting_studio\app\services\pricing.py", line 135, in calculate_price
    glass_cost += glass_base * Decimal(str(pane.w_norm * pane.h_norm))
                                           ^^^^^^^^^^^
AttributeError: '_P' object has no attribute 'w_norm'
[2026-07-06 15:32:52] INFO     v1:272 — Design saved: window=9 panes=2
[2026-07-06 15:32:57] WARNING  pricing:134 — Glazing pricing error for type=Double, Low-E: '_P' object has no attribute 'w_norm'
[2026-07-06 15:32:57] WARNING  pricing:134 — Glazing pricing error for type=Double, Low-E: '_P' object has no attribute 'w_norm'
[2026-07-06 15:32:57] ERROR    pricing:159 — Unexpected pricing error: '_P' object has no attribute 'w_norm'
Traceback (most recent call last):
  File "E:\quoting_studio\06-07-2026\quoting_studio\app\services\pricing.py", line 125, in calculate_price
    pane_area = glass_area_m2 * Decimal(str(pane.w_norm * pane.h_norm))
                                            ^^^^^^^^^^^
AttributeError: '_P' object has no attribute 'w_norm'

During handling of the above exception, another exception occurred:

Traceback (most recent call last):
  File "E:\quoting_studio\06-07-2026\quoting_studio\app\services\pricing.py", line 135, in calculate_price
    glass_cost += glass_base * Decimal(str(pane.w_norm * pane.h_norm))
                                           ^^^^^^^^^^^
AttributeError: '_P' object has no attribute 'w_norm'
[2026-07-06 15:32:57] ERROR    pricing:159 — Unexpected pricing error: '_P' object has no attribute 'w_norm'
Traceback (most recent call last):
  File "E:\quoting_studio\06-07-2026\quoting_studio\app\services\pricing.py", line 125, in calculate_price
    pane_area = glass_area_m2 * Decimal(str(pane.w_norm * pane.h_norm))
                                            ^^^^^^^^^^^
AttributeError: '_P' object has no attribute 'w_norm'

During handling of the above exception, another exception occurred:

Traceback (most recent call last):
  File "E:\quoting_studio\06-07-2026\quoting_studio\app\services\pricing.py", line 135, in calculate_price
    glass_cost += glass_base * Decimal(str(pane.w_norm * pane.h_norm))
                                           ^^^^^^^^^^^
AttributeError: '_P' object has no attribute 'w_norm'
[2026-07-06 15:32:57] INFO     v1:272 — Design saved: window=9 panes=3
[2026-07-06 15:33:13] WARNING  pricing:134 — Glazing pricing error for type=Double, Low-E: '_P' object has no attribute 'w_norm'
[2026-07-06 15:33:13] ERROR    pricing:159 — Unexpected pricing error: '_P' object has no attribute 'w_norm'
Traceback (most recent call last):
  File "E:\quoting_studio\06-07-2026\quoting_studio\app\services\pricing.py", line 125, in calculate_price
    pane_area = glass_area_m2 * Decimal(str(pane.w_norm * pane.h_norm))
                                            ^^^^^^^^^^^
AttributeError: '_P' object has no attribute 'w_norm'

During handling of the above exception, another exception occurred:

Traceback (most recent call last):
  File "E:\quoting_studio\06-07-2026\quoting_studio\app\services\pricing.py", line 135, in calculate_price
    glass_cost += glass_base * Decimal(str(pane.w_norm * pane.h_norm))
                                           ^^^^^^^^^^^
AttributeError: '_P' object has no attribute 'w_norm'
[2026-07-06 15:33:14] INFO     v1:272 — Design saved: window=9 panes=3
[2026-07-06 15:33:17] WARNING  pricing:134 — Glazing pricing error for type=Double, Low-E: '_P' object has no attribute 'w_norm'
[2026-07-06 15:33:17] ERROR    pricing:159 — Unexpected pricing error: '_P' object has no attribute 'w_norm'
Traceback (most recent call last):
  File "E:\quoting_studio\06-07-2026\quoting_studio\app\services\pricing.py", line 125, in calculate_price
    pane_area = glass_area_m2 * Decimal(str(pane.w_norm * pane.h_norm))
                                            ^^^^^^^^^^^
AttributeError: '_P' object has no attribute 'w_norm'

During handling of the above exception, another exception occurred:

Traceback (most recent call last):
  File "E:\quoting_studio\06-07-2026\quoting_studio\app\services\pricing.py", line 135, in calculate_price
    glass_cost += glass_base * Decimal(str(pane.w_norm * pane.h_norm))
                                           ^^^^^^^^^^^
AttributeError: '_P' object has no attribute 'w_norm'
[2026-07-06 15:33:18] INFO     v1:272 — Design saved: window=9 panes=4
[2026-07-06 15:33:22] WARNING  pricing:134 — Glazing pricing error for type=Double, Low-E: '_P' object has no attribute 'w_norm'
[2026-07-06 15:33:22] ERROR    pricing:159 — Unexpected pricing error: '_P' object has no attribute 'w_norm'
Traceback (most recent call last):
  File "E:\quoting_studio\06-07-2026\quoting_studio\app\services\pricing.py", line 125, in calculate_price
    pane_area = glass_area_m2 * Decimal(str(pane.w_norm * pane.h_norm))
                                            ^^^^^^^^^^^
AttributeError: '_P' object has no attribute 'w_norm'

During handling of the above exception, another exception occurred:

Traceback (most recent call last):
  File "E:\quoting_studio\06-07-2026\quoting_studio\app\services\pricing.py", line 135, in calculate_price
    glass_cost += glass_base * Decimal(str(pane.w_norm * pane.h_norm))
                                           ^^^^^^^^^^^
AttributeError: '_P' object has no attribute 'w_norm'
[2026-07-06 15:33:23] INFO     v1:272 — Design saved: window=9 panes=4
[2026-07-06 15:33:36] INFO     v1:216 — 3D export: window=9 fmt=glb method=extrude bytes=4804
[2026-07-06 15:33:44] WARNING  pricing:134 — Glazing pricing error for type=Double, Low-E: '_P' object has no attribute 'w_norm'
[2026-07-06 15:33:44] ERROR    pricing:159 — Unexpected pricing error: '_P' object has no attribute 'w_norm'
Traceback (most recent call last):
  File "E:\quoting_studio\06-07-2026\quoting_studio\app\services\pricing.py", line 125, in calculate_price
    pane_area = glass_area_m2 * Decimal(str(pane.w_norm * pane.h_norm))
                                            ^^^^^^^^^^^
AttributeError: '_P' object has no attribute 'w_norm'

During handling of the above exception, another exception occurred:

Traceback (most recent call last):
  File "E:\quoting_studio\06-07-2026\quoting_studio\app\services\pricing.py", line 135, in calculate_price
    glass_cost += glass_base * Decimal(str(pane.w_norm * pane.h_norm))
                                           ^^^^^^^^^^^
AttributeError: '_P' object has no attribute 'w_norm'
[2026-07-06 15:33:47] INFO     v1:216 — 3D export: window=9 fmt=step method=extrude bytes=172121
[2026-07-06 15:37:55] WARNING  pricing:134 — Glazing pricing error for type=Double, Low-E: '_P' object has no attribute 'w_norm'
[2026-07-06 15:37:55] WARNING  pricing:134 — Glazing pricing error for type=Double, Low-E: '_P' object has no attribute 'w_norm'
[2026-07-06 15:37:55] ERROR    pricing:159 — Unexpected pricing error: '_P' object has no attribute 'w_norm'
Traceback (most recent call last):
  File "E:\quoting_studio\06-07-2026\quoting_studio\app\services\pricing.py", line 125, in calculate_price
    pane_area = glass_area_m2 * Decimal(str(pane.w_norm * pane.h_norm))
                                            ^^^^^^^^^^^
AttributeError: '_P' object has no attribute 'w_norm'

During handling of the above exception, another exception occurred:

Traceback (most recent call last):
  File "E:\quoting_studio\06-07-2026\quoting_studio\app\services\pricing.py", line 135, in calculate_price
    glass_cost += glass_base * Decimal(str(pane.w_norm * pane.h_norm))
                                           ^^^^^^^^^^^
AttributeError: '_P' object has no attribute 'w_norm'
[2026-07-06 15:37:55] ERROR    pricing:159 — Unexpected pricing error: '_P' object has no attribute 'w_norm'
Traceback (most recent call last):
  File "E:\quoting_studio\06-07-2026\quoting_studio\app\services\pricing.py", line 125, in calculate_price
    pane_area = glass_area_m2 * Decimal(str(pane.w_norm * pane.h_norm))
                                            ^^^^^^^^^^^
AttributeError: '_P' object has no attribute 'w_norm'

During handling of the above exception, another exception occurred:

Traceback (most recent call last):
  File "E:\quoting_studio\06-07-2026\quoting_studio\app\services\pricing.py", line 135, in calculate_price
    glass_cost += glass_base * Decimal(str(pane.w_norm * pane.h_norm))
                                           ^^^^^^^^^^^
AttributeError: '_P' object has no attribute 'w_norm'
[2026-07-06 15:37:56] INFO     v1:272 — Design saved: window=9 panes=2
[2026-07-06 15:38:00] WARNING  pricing:134 — Glazing pricing error for type=Double, Low-E: '_P' object has no attribute 'w_norm'
[2026-07-06 15:38:00] WARNING  pricing:134 — Glazing pricing error for type=Double, Low-E: '_P' object has no attribute 'w_norm'
[2026-07-06 15:38:00] ERROR    pricing:159 — Unexpected pricing error: '_P' object has no attribute 'w_norm'
Traceback (most recent call last):
  File "E:\quoting_studio\06-07-2026\quoting_studio\app\services\pricing.py", line 125, in calculate_price
    pane_area = glass_area_m2 * Decimal(str(pane.w_norm * pane.h_norm))
                                            ^^^^^^^^^^^
AttributeError: '_P' object has no attribute 'w_norm'

During handling of the above exception, another exception occurred:

Traceback (most recent call last):
  File "E:\quoting_studio\06-07-2026\quoting_studio\app\services\pricing.py", line 135, in calculate_price
    glass_cost += glass_base * Decimal(str(pane.w_norm * pane.h_norm))
                                           ^^^^^^^^^^^
AttributeError: '_P' object has no attribute 'w_norm'
[2026-07-06 15:38:00] ERROR    pricing:159 — Unexpected pricing error: '_P' object has no attribute 'w_norm'
Traceback (most recent call last):
  File "E:\quoting_studio\06-07-2026\quoting_studio\app\services\pricing.py", line 125, in calculate_price
    pane_area = glass_area_m2 * Decimal(str(pane.w_norm * pane.h_norm))
                                            ^^^^^^^^^^^
AttributeError: '_P' object has no attribute 'w_norm'

During handling of the above exception, another exception occurred:

Traceback (most recent call last):
  File "E:\quoting_studio\06-07-2026\quoting_studio\app\services\pricing.py", line 135, in calculate_price
    glass_cost += glass_base * Decimal(str(pane.w_norm * pane.h_norm))
                                           ^^^^^^^^^^^
AttributeError: '_P' object has no attribute 'w_norm'
[2026-07-06 15:38:00] INFO     v1:272 — Design saved: window=9 panes=3
[2026-07-06 15:38:12] WARNING  pricing:134 — Glazing pricing error for type=Double, Low-E: '_P' object has no attribute 'w_norm'
[2026-07-06 15:38:12] ERROR    pricing:159 — Unexpected pricing error: '_P' object has no attribute 'w_norm'
Traceback (most recent call last):
  File "E:\quoting_studio\06-07-2026\quoting_studio\app\services\pricing.py", line 125, in calculate_price
    pane_area = glass_area_m2 * Decimal(str(pane.w_norm * pane.h_norm))
                                            ^^^^^^^^^^^
AttributeError: '_P' object has no attribute 'w_norm'

During handling of the above exception, another exception occurred:

Traceback (most recent call last):
  File "E:\quoting_studio\06-07-2026\quoting_studio\app\services\pricing.py", line 135, in calculate_price
    glass_cost += glass_base * Decimal(str(pane.w_norm * pane.h_norm))
                                           ^^^^^^^^^^^
AttributeError: '_P' object has no attribute 'w_norm'
[2026-07-06 15:38:14] WARNING  pricing:134 — Glazing pricing error for type=Double, Low-E: '_P' object has no attribute 'w_norm'
[2026-07-06 15:38:14] ERROR    pricing:159 — Unexpected pricing error: '_P' object has no attribute 'w_norm'
Traceback (most recent call last):
  File "E:\quoting_studio\06-07-2026\quoting_studio\app\services\pricing.py", line 125, in calculate_price
    pane_area = glass_area_m2 * Decimal(str(pane.w_norm * pane.h_norm))
                                            ^^^^^^^^^^^
AttributeError: '_P' object has no attribute 'w_norm'

During handling of the above exception, another exception occurred:

Traceback (most recent call last):
  File "E:\quoting_studio\06-07-2026\quoting_studio\app\services\pricing.py", line 135, in calculate_price
    glass_cost += glass_base * Decimal(str(pane.w_norm * pane.h_norm))
                                           ^^^^^^^^^^^
AttributeError: '_P' object has no attribute 'w_norm'
[2026-07-06 15:38:15] INFO     v1:272 — Design saved: window=9 panes=1
[2026-07-06 15:38:16] WARNING  pricing:134 — Glazing pricing error for type=Double, Low-E: '_P' object has no attribute 'w_norm'
[2026-07-06 15:38:16] ERROR    pricing:159 — Unexpected pricing error: '_P' object has no attribute 'w_norm'
Traceback (most recent call last):
  File "E:\quoting_studio\06-07-2026\quoting_studio\app\services\pricing.py", line 125, in calculate_price
    pane_area = glass_area_m2 * Decimal(str(pane.w_norm * pane.h_norm))
                                            ^^^^^^^^^^^
AttributeError: '_P' object has no attribute 'w_norm'

During handling of the above exception, another exception occurred:

Traceback (most recent call last):
  File "E:\quoting_studio\06-07-2026\quoting_studio\app\services\pricing.py", line 135, in calculate_price
    glass_cost += glass_base * Decimal(str(pane.w_norm * pane.h_norm))
                                           ^^^^^^^^^^^
AttributeError: '_P' object has no attribute 'w_norm'
[2026-07-06 15:38:17] INFO     v1:272 — Design saved: window=9 panes=1
[2026-07-06 15:38:17] WARNING  pricing:134 — Glazing pricing error for type=Double, Low-E: '_P' object has no attribute 'w_norm'
[2026-07-06 15:38:17] ERROR    pricing:159 — Unexpected pricing error: '_P' object has no attribute 'w_norm'
Traceback (most recent call last):
  File "E:\quoting_studio\06-07-2026\quoting_studio\app\services\pricing.py", line 125, in calculate_price
    pane_area = glass_area_m2 * Decimal(str(pane.w_norm * pane.h_norm))
                                            ^^^^^^^^^^^
AttributeError: '_P' object has no attribute 'w_norm'

During handling of the above exception, another exception occurred:

Traceback (most recent call last):
  File "E:\quoting_studio\06-07-2026\quoting_studio\app\services\pricing.py", line 135, in calculate_price
    glass_cost += glass_base * Decimal(str(pane.w_norm * pane.h_norm))
                                           ^^^^^^^^^^^
AttributeError: '_P' object has no attribute 'w_norm'
[2026-07-06 15:38:18] WARNING  pricing:134 — Glazing pricing error for type=Double, Low-E: '_P' object has no attribute 'w_norm'
[2026-07-06 15:38:18] ERROR    pricing:159 — Unexpected pricing error: '_P' object has no attribute 'w_norm'
Traceback (most recent call last):
  File "E:\quoting_studio\06-07-2026\quoting_studio\app\services\pricing.py", line 125, in calculate_price
    pane_area = glass_area_m2 * Decimal(str(pane.w_norm * pane.h_norm))
                                            ^^^^^^^^^^^
AttributeError: '_P' object has no attribute 'w_norm'

During handling of the above exception, another exception occurred:

Traceback (most recent call last):
  File "E:\quoting_studio\06-07-2026\quoting_studio\app\services\pricing.py", line 135, in calculate_price
    glass_cost += glass_base * Decimal(str(pane.w_norm * pane.h_norm))
                                           ^^^^^^^^^^^
AttributeError: '_P' object has no attribute 'w_norm'
[2026-07-06 15:38:19] INFO     v1:272 — Design saved: window=9 panes=1
[2026-07-06 15:38:20] WARNING  pricing:134 — Glazing pricing error for type=Double, Low-E: '_P' object has no attribute 'w_norm'
[2026-07-06 15:38:20] ERROR    pricing:159 — Unexpected pricing error: '_P' object has no attribute 'w_norm'
Traceback (most recent call last):
  File "E:\quoting_studio\06-07-2026\quoting_studio\app\services\pricing.py", line 125, in calculate_price
    pane_area = glass_area_m2 * Decimal(str(pane.w_norm * pane.h_norm))
                                            ^^^^^^^^^^^
AttributeError: '_P' object has no attribute 'w_norm'

During handling of the above exception, another exception occurred:

Traceback (most recent call last):
  File "E:\quoting_studio\06-07-2026\quoting_studio\app\services\pricing.py", line 135, in calculate_price
    glass_cost += glass_base * Decimal(str(pane.w_norm * pane.h_norm))
                                           ^^^^^^^^^^^
AttributeError: '_P' object has no attribute 'w_norm'
[2026-07-06 15:38:21] WARNING  pricing:134 — Glazing pricing error for type=Double, Low-E: '_P' object has no attribute 'w_norm'
[2026-07-06 15:38:21] ERROR    pricing:159 — Unexpected pricing error: '_P' object has no attribute 'w_norm'
Traceback (most recent call last):
  File "E:\quoting_studio\06-07-2026\quoting_studio\app\services\pricing.py", line 125, in calculate_price
    pane_area = glass_area_m2 * Decimal(str(pane.w_norm * pane.h_norm))
                                            ^^^^^^^^^^^
AttributeError: '_P' object has no attribute 'w_norm'

During handling of the above exception, another exception occurred:

Traceback (most recent call last):
  File "E:\quoting_studio\06-07-2026\quoting_studio\app\services\pricing.py", line 135, in calculate_price
    glass_cost += glass_base * Decimal(str(pane.w_norm * pane.h_norm))
                                           ^^^^^^^^^^^
AttributeError: '_P' object has no attribute 'w_norm'
[2026-07-06 15:38:21] WARNING  pricing:134 — Glazing pricing error for type=Double, Low-E: '_P' object has no attribute 'w_norm'
[2026-07-06 15:38:21] ERROR    pricing:159 — Unexpected pricing error: '_P' object has no attribute 'w_norm'
Traceback (most recent call last):
  File "E:\quoting_studio\06-07-2026\quoting_studio\app\services\pricing.py", line 125, in calculate_price
    pane_area = glass_area_m2 * Decimal(str(pane.w_norm * pane.h_norm))
                                            ^^^^^^^^^^^
AttributeError: '_P' object has no attribute 'w_norm'

During handling of the above exception, another exception occurred:

Traceback (most recent call last):
  File "E:\quoting_studio\06-07-2026\quoting_studio\app\services\pricing.py", line 135, in calculate_price
    glass_cost += glass_base * Decimal(str(pane.w_norm * pane.h_norm))
                                           ^^^^^^^^^^^
AttributeError: '_P' object has no attribute 'w_norm'
[2026-07-06 15:38:22] INFO     v1:272 — Design saved: window=9 panes=1
[2026-07-06 15:38:35] WARNING  pricing:134 — Glazing pricing error for type=Triple glazed: '_P' object has no attribute 'w_norm'
[2026-07-06 15:38:35] ERROR    pricing:159 — Unexpected pricing error: '_P' object has no attribute 'w_norm'
Traceback (most recent call last):
  File "E:\quoting_studio\06-07-2026\quoting_studio\app\services\pricing.py", line 125, in calculate_price
    pane_area = glass_area_m2 * Decimal(str(pane.w_norm * pane.h_norm))
                                            ^^^^^^^^^^^
AttributeError: '_P' object has no attribute 'w_norm'

During handling of the above exception, another exception occurred:

Traceback (most recent call last):
  File "E:\quoting_studio\06-07-2026\quoting_studio\app\services\pricing.py", line 135, in calculate_price
    glass_cost += glass_base * Decimal(str(pane.w_norm * pane.h_norm))
                                           ^^^^^^^^^^^
AttributeError: '_P' object has no attribute 'w_norm'
[2026-07-06 15:38:36] INFO     v1:272 — Design saved: window=9 panes=1
[2026-07-06 15:38:37] WARNING  pricing:134 — Glazing pricing error for type=Acoustic: '_P' object has no attribute 'w_norm'
[2026-07-06 15:38:37] ERROR    pricing:159 — Unexpected pricing error: '_P' object has no attribute 'w_norm'
Traceback (most recent call last):
  File "E:\quoting_studio\06-07-2026\quoting_studio\app\services\pricing.py", line 125, in calculate_price
    pane_area = glass_area_m2 * Decimal(str(pane.w_norm * pane.h_norm))
                                            ^^^^^^^^^^^
AttributeError: '_P' object has no attribute 'w_norm'

During handling of the above exception, another exception occurred:

Traceback (most recent call last):
  File "E:\quoting_studio\06-07-2026\quoting_studio\app\services\pricing.py", line 135, in calculate_price
    glass_cost += glass_base * Decimal(str(pane.w_norm * pane.h_norm))
                                           ^^^^^^^^^^^
AttributeError: '_P' object has no attribute 'w_norm'
[2026-07-06 15:38:37] INFO     v1:272 — Design saved: window=9 panes=1
[2026-07-06 15:48:20] INFO     logging_config:160 — Quoting Studio — logging initialised (debug=True)
[2026-07-06 15:48:25] INFO     logging_config:160 — Quoting Studio — logging initialised (debug=True)
[2026-07-06 15:48:59] INFO     v1:275 — Design saved: window=9 panes=1
[2026-07-06 15:49:00] INFO     v1:275 — Design saved: window=9 panes=1
[2026-07-06 15:49:11] INFO     v1:275 — Design saved: window=9 panes=1
[2026-07-06 15:49:17] INFO     v1:275 — Design saved: window=9 panes=1
[2026-07-06 16:01:13] INFO     v1:275 — Design saved: window=9 panes=1
[2026-07-06 16:01:13] INFO     v1:275 — Design saved: window=9 panes=1
[2026-07-06 16:01:16] INFO     v1:275 — Design saved: window=10 panes=1
[2026-07-06 16:01:16] INFO     v1:275 — Design saved: window=10 panes=1
[2026-07-06 16:01:20] INFO     v1:275 — Design saved: window=10 panes=1
[2026-07-06 16:01:20] INFO     v1:275 — Design saved: window=10 panes=1
[2026-07-06 16:01:21] INFO     v1:275 — Design saved: window=10 panes=1
[2026-07-06 16:01:21] INFO     v1:346 — save_render: window=10 saved 43906 bytes → E:\quoting_studio\06-07-2026\quoting_studio\uploads\renders\window-10-4fc738d8.png
[2026-07-06 16:01:43] INFO     v1:275 — Design saved: window=10 panes=1
[2026-07-06 16:01:43] INFO     v1:346 — save_render: window=10 saved 734405 bytes → E:\quoting_studio\06-07-2026\quoting_studio\uploads\renders\window-10-0107432a.png
[2026-07-06 16:01:51] INFO     v1:275 — Design saved: window=9 panes=1
[2026-07-06 16:01:51] INFO     v1:275 — Design saved: window=9 panes=1
[2026-07-06 16:01:53] INFO     v1:275 — Design saved: window=10 panes=1
[2026-07-06 16:02:12] INFO     v1:275 — Design saved: window=9 panes=1
[2026-07-06 16:02:17] INFO     v1:275 — Design saved: window=10 panes=1
[2026-07-06 16:03:38] INFO     logging_config:160 — Quoting Studio — logging initialised (debug=True)
[2026-07-06 16:03:43] INFO     logging_config:160 — Quoting Studio — logging initialised (debug=True)
[2026-07-06 16:03:45] INFO     __init__:96 — 404 Not Found — GET /favicon.ico
[2026-07-06 16:04:17] INFO     v1:275 — Design saved: window=10 panes=1
[2026-07-06 16:04:18] INFO     v1:275 — Design saved: window=10 panes=1
[2026-07-06 16:04:32] INFO     v1:275 — Design saved: window=10 panes=2
[2026-07-06 16:12:45] INFO     logging_config:160 — Quoting Studio — logging initialised (debug=True)
[2026-07-06 16:12:50] INFO     logging_config:160 — Quoting Studio — logging initialised (debug=True)
[2026-07-06 16:12:52] INFO     __init__:96 — 404 Not Found — GET /favicon.ico
[2026-07-06 16:13:00] INFO     v1:275 — Design saved: window=9 panes=2
[2026-07-06 16:13:04] INFO     v1:275 — Design saved: window=9 panes=3
[2026-07-06 16:13:06] INFO     v1:275 — Design saved: window=9 panes=3
[2026-07-06 16:13:06] INFO     v1:275 — Design saved: window=9 panes=3
[2026-07-06 16:13:06] INFO     v1:275 — Design saved: window=9 panes=3
[2026-07-06 16:13:13] INFO     v1:275 — Design saved: window=10 panes=2
[2026-07-06 16:13:14] INFO     v1:275 — Design saved: window=10 panes=2
[2026-07-06 16:13:15] INFO     v1:275 — Design saved: window=10 panes=2
[2026-07-06 16:13:15] INFO     v1:275 — Design saved: window=10 panes=2
[2026-07-06 16:13:15] INFO     v1:275 — Design saved: window=10 panes=2
[2026-07-06 16:13:17] INFO     v1:275 — Design saved: window=10 panes=2
[2026-07-06 16:13:17] INFO     v1:346 — save_render: window=10 saved 775220 bytes → E:\quoting_studio\06-07-2026\quoting_studio\uploads\renders\window-10-39afce3c.png
[2026-07-06 16:13:17] INFO     v1:275 — Design saved: window=10 panes=2
[2026-07-06 16:13:17] INFO     v1:275 — Design saved: window=10 panes=2
[2026-07-06 16:13:32] INFO     v1:275 — Design saved: window=9 panes=1
[2026-07-06 16:13:57] INFO     v1:275 — Design saved: window=10 panes=1
[2026-07-06 16:14:04] INFO     v1:275 — Design saved: window=9 panes=1
[2026-07-06 16:14:04] INFO     v1:346 — save_render: window=9 saved 658892 bytes → E:\quoting_studio\06-07-2026\quoting_studio\uploads\renders\window-9-d294ad6d.png
[2026-07-06 16:14:26] INFO     __init__:96 — 404 Not Found — GET /favicon.ico
[2026-07-06 16:19:11] INFO     __init__:96 — 404 Not Found — GET /favicon.ico
[2026-07-06 16:23:56] INFO     __init__:96 — 404 Not Found — GET /favicon.ico
[2026-07-06 16:24:04] INFO     v1:275 — Design saved: window=9 panes=2
[2026-07-06 16:24:07] INFO     v1:275 — Design saved: window=9 panes=3
[2026-07-06 16:24:07] INFO     v1:275 — Design saved: window=9 panes=3
[2026-07-06 16:24:18] INFO     v1:275 — Design saved: window=9 panes=2
[2026-07-06 16:24:21] INFO     v1:275 — Design saved: window=9 panes=3
[2026-07-06 16:24:21] INFO     v1:275 — Design saved: window=9 panes=3
[2026-07-06 16:24:25] INFO     v1:275 — Design saved: window=10 panes=2
[2026-07-06 16:24:25] INFO     v1:275 — Design saved: window=10 panes=2
[2026-07-06 16:24:26] INFO     v1:275 — Design saved: window=10 panes=2
[2026-07-06 16:24:26] INFO     v1:275 — Design saved: window=10 panes=2
[2026-07-06 16:24:26] INFO     v1:275 — Design saved: window=10 panes=2
[2026-07-06 16:24:26] INFO     v1:346 — save_render: window=10 saved 775945 bytes → E:\quoting_studio\06-07-2026\quoting_studio\uploads\renders\window-10-426a81dd.png
[2026-07-06 16:24:36] ERROR    pdf_quote:322 — PDF generation error for quote QS-202607-001: cannot load library 'gobject-2.0-0': error 0x7e.  Additionally, ctypes.util.find_library() did not manage to locate a library called 'gobject-2.0-0'
Traceback (most recent call last):
  File "E:\quoting_studio\06-07-2026\quoting_studio\app\services\pdf_quote.py", line 298, in generate_quote_pdf
    from weasyprint import HTML
  File "C:\Users\ADMIN\AppData\Local\Python\pythoncore-3.14-64\Lib\site-packages\weasyprint\__init__.py", line 419, in <module>
    from .css import preprocess_stylesheet  # noqa: I001, E402
    ^^^^^^^^^^^^^^^^^^^^^^^^^^^^^^^^^^^^^^
  File "C:\Users\ADMIN\AppData\Local\Python\pythoncore-3.14-64\Lib\site-packages\weasyprint\css\__init__.py", line 28, in <module>
    from .computed_values import COMPUTER_FUNCTIONS
  File "C:\Users\ADMIN\AppData\Local\Python\pythoncore-3.14-64\Lib\site-packages\weasyprint\css\computed_values.py", line 9, in <module>
    from ..text.ffi import ffi, pango, units_to_double
  File "C:\Users\ADMIN\AppData\Local\Python\pythoncore-3.14-64\Lib\site-packages\weasyprint\text\ffi.py", line 431, in <module>
    gobject = _dlopen(
        ffi, 'gobject-2.0-0', 'gobject-2.0', 'libgobject-2.0-0',
        'libgobject-2.0.so.0', 'libgobject-2.0.dylib', 'libgobject-2.0-0.dll')
  File "C:\Users\ADMIN\AppData\Local\Python\pythoncore-3.14-64\Lib\site-packages\weasyprint\text\ffi.py", line 420, in _dlopen
    return ffi.dlopen(names[0])  # pragma: no cover
           ~~~~~~~~~~^^^^^^^^^^
  File "C:\Users\ADMIN\AppData\Local\Python\pythoncore-3.14-64\Lib\site-packages\cffi\api.py", line 150, in dlopen
    lib, function_cache = _make_ffi_library(self, name, flags)
                          ~~~~~~~~~~~~~~~~~^^^^^^^^^^^^^^^^^^^
  File "C:\Users\ADMIN\AppData\Local\Python\pythoncore-3.14-64\Lib\site-packages\cffi\api.py", line 834, in _make_ffi_library
    backendlib = _load_backend_lib(backend, libname, flags)
  File "C:\Users\ADMIN\AppData\Local\Python\pythoncore-3.14-64\Lib\site-packages\cffi\api.py", line 829, in _load_backend_lib
    raise OSError(msg)
OSError: cannot load library 'gobject-2.0-0': error 0x7e.  Additionally, ctypes.util.find_library() did not manage to locate a library called 'gobject-2.0-0'
[2026-07-06 16:24:36] ERROR    quote:91 — PDF generation failed for quote QS-202607-001: cannot load library 'gobject-2.0-0': error 0x7e.  Additionally, ctypes.util.find_library() did not manage to locate a library called 'gobject-2.0-0'
Traceback (most recent call last):
  File "E:\quoting_studio\06-07-2026\quoting_studio\app\routes\quote.py", line 75, in generate
    pdf_bytes = generate_quote_pdf(
        quote       = quote,
    ...<3 lines>...
        vat_amt     = vat_amt,
    )
  File "E:\quoting_studio\06-07-2026\quoting_studio\app\services\pdf_quote.py", line 298, in generate_quote_pdf
    from weasyprint import HTML
  File "C:\Users\ADMIN\AppData\Local\Python\pythoncore-3.14-64\Lib\site-packages\weasyprint\__init__.py", line 419, in <module>
    from .css import preprocess_stylesheet  # noqa: I001, E402
    ^^^^^^^^^^^^^^^^^^^^^^^^^^^^^^^^^^^^^^
  File "C:\Users\ADMIN\AppData\Local\Python\pythoncore-3.14-64\Lib\site-packages\weasyprint\css\__init__.py", line 28, in <module>
    from .computed_values import COMPUTER_FUNCTIONS
  File "C:\Users\ADMIN\AppData\Local\Python\pythoncore-3.14-64\Lib\site-packages\weasyprint\css\computed_values.py", line 9, in <module>
    from ..text.ffi import ffi, pango, units_to_double
  File "C:\Users\ADMIN\AppData\Local\Python\pythoncore-3.14-64\Lib\site-packages\weasyprint\text\ffi.py", line 431, in <module>
    gobject = _dlopen(
        ffi, 'gobject-2.0-0', 'gobject-2.0', 'libgobject-2.0-0',
        'libgobject-2.0.so.0', 'libgobject-2.0.dylib', 'libgobject-2.0-0.dll')
  File "C:\Users\ADMIN\AppData\Local\Python\pythoncore-3.14-64\Lib\site-packages\weasyprint\text\ffi.py", line 420, in _dlopen
    return ffi.dlopen(names[0])  # pragma: no cover
           ~~~~~~~~~~^^^^^^^^^^
  File "C:\Users\ADMIN\AppData\Local\Python\pythoncore-3.14-64\Lib\site-packages\cffi\api.py", line 150, in dlopen
    lib, function_cache = _make_ffi_library(self, name, flags)
                          ~~~~~~~~~~~~~~~~~^^^^^^^^^^^^^^^^^^^
  File "C:\Users\ADMIN\AppData\Local\Python\pythoncore-3.14-64\Lib\site-packages\cffi\api.py", line 834, in _make_ffi_library
    backendlib = _load_backend_lib(backend, libname, flags)
  File "C:\Users\ADMIN\AppData\Local\Python\pythoncore-3.14-64\Lib\site-packages\cffi\api.py", line 829, in _load_backend_lib
    raise OSError(msg)
OSError: cannot load library 'gobject-2.0-0': error 0x7e.  Additionally, ctypes.util.find_library() did not manage to locate a library called 'gobject-2.0-0'
[2026-07-06 16:24:36] INFO     quote:98 — Quote generated: QS-202607-001 project=6 total=932.60
[2026-07-06 16:24:46] INFO     quote:236 — Quote marked sent: QS-202607-001
[2026-07-06 16:25:09] INFO     v1:219 — 3D export: window=9 fmt=step method=extrude bytes=125753
[2026-07-06 16:25:42] INFO     cad_export:122 — Advanced DXF built: window=9 1536x2500 → 74949 bytes
[2026-07-06 16:25:42] INFO     v1:150 — DXF export: window=9 bytes=74949
[2026-07-06 16:26:23] INFO     v1:219 — 3D export: window=10 fmt=step method=extrude bytes=78822
[2026-07-06 16:40:38] INFO     logging_config:160 — Quoting Studio — logging initialised (debug=True)
[2026-07-06 16:40:42] INFO     logging_config:160 — Quoting Studio — logging initialised (debug=True)
[2026-07-06 16:40:47] INFO     __init__:96 — 404 Not Found — GET /favicon.ico
[2026-07-06 16:40:55] INFO     v1:219 — 3D export: window=10 fmt=glb method=extrude bytes=2300
[2026-07-06 16:42:21] INFO     v1:219 — 3D export: window=10 fmt=glb method=extrude bytes=2300
[2026-07-06 16:42:24] INFO     v1:219 — 3D export: window=10 fmt=glb method=sweep bytes=3260
[2026-07-06 16:42:41] INFO     v1:219 — 3D export: window=10 fmt=stl method=extrude bytes=3884
[2026-07-06 16:58:43] INFO     v1:275 — Design saved: window=10 panes=1
[2026-07-06 17:14:50] INFO     logging_config:160 — Quoting Studio — logging initialised (debug=True)
[2026-07-06 17:14:55] INFO     logging_config:160 — Quoting Studio — logging initialised (debug=True)
[2026-07-06 17:14:58] WARNING  pricing:134 — Glazing pricing error for type=Double, Low-E: '_P' object has no attribute 'w_norm'
[2026-07-06 17:14:58] ERROR    pricing:159 — Unexpected pricing error: '_P' object has no attribute 'w_norm'
Traceback (most recent call last):
  File "E:\quoting_studio\06-07-2026\quoting_studio\app\services\pricing.py", line 125, in calculate_price
    pane_area = glass_area_m2 * Decimal(str(pane.w_norm * pane.h_norm))
                                            ^^^^^^^^^^^
AttributeError: '_P' object has no attribute 'w_norm'

During handling of the above exception, another exception occurred:

Traceback (most recent call last):
  File "E:\quoting_studio\06-07-2026\quoting_studio\app\services\pricing.py", line 135, in calculate_price
    glass_cost += glass_base * Decimal(str(pane.w_norm * pane.h_norm))
                                           ^^^^^^^^^^^
AttributeError: '_P' object has no attribute 'w_norm'
[2026-07-06 17:14:58] INFO     __init__:96 — 404 Not Found — GET /favicon.ico
[2026-07-06 17:15:04] INFO     v1:217 — 3D export: window=10 fmt=glb method=extrude bytes=1724
[2026-07-06 17:15:14] WARNING  pricing:134 — Glazing pricing error for type=Double, Low-E: '_P' object has no attribute 'w_norm'
[2026-07-06 17:15:14] ERROR    pricing:159 — Unexpected pricing error: '_P' object has no attribute 'w_norm'
Traceback (most recent call last):
  File "E:\quoting_studio\06-07-2026\quoting_studio\app\services\pricing.py", line 125, in calculate_price
    pane_area = glass_area_m2 * Decimal(str(pane.w_norm * pane.h_norm))
                                            ^^^^^^^^^^^
AttributeError: '_P' object has no attribute 'w_norm'

During handling of the above exception, another exception occurred:

Traceback (most recent call last):
  File "E:\quoting_studio\06-07-2026\quoting_studio\app\services\pricing.py", line 135, in calculate_price
    glass_cost += glass_base * Decimal(str(pane.w_norm * pane.h_norm))
                                           ^^^^^^^^^^^
AttributeError: '_P' object has no attribute 'w_norm'
[2026-07-06 17:15:19] INFO     v1:217 — 3D export: window=10 fmt=step method=extrude bytes=47487
[2026-07-06 17:16:31] WARNING  pricing:134 — Glazing pricing error for type=Double, Low-E: '_P' object has no attribute 'w_norm'
[2026-07-06 17:16:31] ERROR    pricing:159 — Unexpected pricing error: '_P' object has no attribute 'w_norm'
Traceback (most recent call last):
  File "E:\quoting_studio\06-07-2026\quoting_studio\app\services\pricing.py", line 125, in calculate_price
    pane_area = glass_area_m2 * Decimal(str(pane.w_norm * pane.h_norm))
                                            ^^^^^^^^^^^
AttributeError: '_P' object has no attribute 'w_norm'

During handling of the above exception, another exception occurred:

Traceback (most recent call last):
  File "E:\quoting_studio\06-07-2026\quoting_studio\app\services\pricing.py", line 135, in calculate_price
    glass_cost += glass_base * Decimal(str(pane.w_norm * pane.h_norm))
                                           ^^^^^^^^^^^
AttributeError: '_P' object has no attribute 'w_norm'
[2026-07-06 17:16:31] INFO     __init__:96 — 404 Not Found — GET /favicon.ico
[2026-07-06 17:16:47] WARNING  pricing:134 — Glazing pricing error for type=Double, Low-E: '_P' object has no attribute 'w_norm'
[2026-07-06 17:16:47] WARNING  pricing:134 — Glazing pricing error for type=Double, Low-E: '_P' object has no attribute 'w_norm'
[2026-07-06 17:16:47] ERROR    pricing:159 — Unexpected pricing error: '_P' object has no attribute 'w_norm'
Traceback (most recent call last):
  File "E:\quoting_studio\06-07-2026\quoting_studio\app\services\pricing.py", line 125, in calculate_price
    pane_area = glass_area_m2 * Decimal(str(pane.w_norm * pane.h_norm))
                                            ^^^^^^^^^^^
AttributeError: '_P' object has no attribute 'w_norm'

During handling of the above exception, another exception occurred:

Traceback (most recent call last):
  File "E:\quoting_studio\06-07-2026\quoting_studio\app\services\pricing.py", line 135, in calculate_price
    glass_cost += glass_base * Decimal(str(pane.w_norm * pane.h_norm))
                                           ^^^^^^^^^^^
AttributeError: '_P' object has no attribute 'w_norm'
[2026-07-06 17:16:47] ERROR    pricing:159 — Unexpected pricing error: '_P' object has no attribute 'w_norm'
Traceback (most recent call last):
  File "E:\quoting_studio\06-07-2026\quoting_studio\app\services\pricing.py", line 125, in calculate_price
    pane_area = glass_area_m2 * Decimal(str(pane.w_norm * pane.h_norm))
                                            ^^^^^^^^^^^
AttributeError: '_P' object has no attribute 'w_norm'

During handling of the above exception, another exception occurred:

Traceback (most recent call last):
  File "E:\quoting_studio\06-07-2026\quoting_studio\app\services\pricing.py", line 135, in calculate_price
    glass_cost += glass_base * Decimal(str(pane.w_norm * pane.h_norm))
                                           ^^^^^^^^^^^
AttributeError: '_P' object has no attribute 'w_norm'
[2026-07-06 17:16:47] INFO     v1:273 — Design saved: window=10 panes=2
[2026-07-06 17:16:49] INFO     v1:217 — 3D export: window=10 fmt=glb method=extrude bytes=2300
[2026-07-06 17:17:26] INFO     v1:217 — 3D export: window=10 fmt=glb method=extrude bytes=2300
[2026-07-06 17:19:07] INFO     v1:217 — 3D export: window=10 fmt=stl method=extrude bytes=3884
[2026-07-06 17:19:32] INFO     v1:273 — Design saved: window=10 panes=1
[2026-07-06 17:19:33] INFO     v1:273 — Design saved: window=10 panes=1
[2026-07-06 17:19:33] INFO     v1:338 — save_render: window=10 saved 734405 bytes → E:\quoting_studio\06-07-2026\quoting_studio\uploads\renders\window-10-d1cb9c38.png
[2026-07-06 17:19:50] WARNING  pricing:134 — Glazing pricing error for type=Double, Low-E: '_P' object has no attribute 'w_norm'
[2026-07-06 17:19:50] ERROR    pricing:159 — Unexpected pricing error: '_P' object has no attribute 'w_norm'
Traceback (most recent call last):
  File "E:\quoting_studio\06-07-2026\quoting_studio\app\services\pricing.py", line 125, in calculate_price
    pane_area = glass_area_m2 * Decimal(str(pane.w_norm * pane.h_norm))
                                            ^^^^^^^^^^^
AttributeError: '_P' object has no attribute 'w_norm'

During handling of the above exception, another exception occurred:

Traceback (most recent call last):
  File "E:\quoting_studio\06-07-2026\quoting_studio\app\services\pricing.py", line 135, in calculate_price
    glass_cost += glass_base * Decimal(str(pane.w_norm * pane.h_norm))
                                           ^^^^^^^^^^^
AttributeError: '_P' object has no attribute 'w_norm'
[2026-07-06 17:19:54] INFO     v1:217 — 3D export: window=9 fmt=glb method=extrude bytes=3552
[2026-07-06 17:21:22] INFO     settings:340 — PWQ-3645 profile seeded for tenant=1
[2026-07-06 17:21:44] WARNING  pricing:134 — Glazing pricing error for type=Double, Low-E: '_P' object has no attribute 'w_norm'
[2026-07-06 17:21:44] ERROR    pricing:159 — Unexpected pricing error: '_P' object has no attribute 'w_norm'
Traceback (most recent call last):
  File "E:\quoting_studio\06-07-2026\quoting_studio\app\services\pricing.py", line 125, in calculate_price
    pane_area = glass_area_m2 * Decimal(str(pane.w_norm * pane.h_norm))
                                            ^^^^^^^^^^^
AttributeError: '_P' object has no attribute 'w_norm'

During handling of the above exception, another exception occurred:

Traceback (most recent call last):
  File "E:\quoting_studio\06-07-2026\quoting_studio\app\services\pricing.py", line 135, in calculate_price
    glass_cost += glass_base * Decimal(str(pane.w_norm * pane.h_norm))
                                           ^^^^^^^^^^^
AttributeError: '_P' object has no attribute 'w_norm'
[2026-07-06 17:21:52] WARNING  pricing:134 — Glazing pricing error for type=Double, Low-E: '_P' object has no attribute 'w_norm'
[2026-07-06 17:21:52] WARNING  pricing:134 — Glazing pricing error for type=Double, Low-E: '_P' object has no attribute 'w_norm'
[2026-07-06 17:21:52] ERROR    pricing:159 — Unexpected pricing error: '_P' object has no attribute 'w_norm'
Traceback (most recent call last):
  File "E:\quoting_studio\06-07-2026\quoting_studio\app\services\pricing.py", line 125, in calculate_price
    pane_area = glass_area_m2 * Decimal(str(pane.w_norm * pane.h_norm))
                                            ^^^^^^^^^^^
AttributeError: '_P' object has no attribute 'w_norm'

During handling of the above exception, another exception occurred:

Traceback (most recent call last):
  File "E:\quoting_studio\06-07-2026\quoting_studio\app\services\pricing.py", line 135, in calculate_price
    glass_cost += glass_base * Decimal(str(pane.w_norm * pane.h_norm))
                                           ^^^^^^^^^^^
AttributeError: '_P' object has no attribute 'w_norm'
[2026-07-06 17:21:52] ERROR    pricing:159 — Unexpected pricing error: '_P' object has no attribute 'w_norm'
Traceback (most recent call last):
  File "E:\quoting_studio\06-07-2026\quoting_studio\app\services\pricing.py", line 125, in calculate_price
    pane_area = glass_area_m2 * Decimal(str(pane.w_norm * pane.h_norm))
                                            ^^^^^^^^^^^
AttributeError: '_P' object has no attribute 'w_norm'

During handling of the above exception, another exception occurred:

Traceback (most recent call last):
  File "E:\quoting_studio\06-07-2026\quoting_studio\app\services\pricing.py", line 135, in calculate_price
    glass_cost += glass_base * Decimal(str(pane.w_norm * pane.h_norm))
                                           ^^^^^^^^^^^
AttributeError: '_P' object has no attribute 'w_norm'
[2026-07-06 17:21:53] INFO     v1:273 — Design saved: window=9 panes=2
[2026-07-06 17:21:56] INFO     v1:217 — 3D export: window=9 fmt=glb method=extrude bytes=2300
[2026-07-06 17:22:00] INFO     v1:217 — 3D export: window=9 fmt=glb method=sweep bytes=3264
[2026-07-06 17:22:40] WARNING  pricing:134 — Glazing pricing error for type=Double, Low-E: '_P' object has no attribute 'w_norm'
[2026-07-06 17:22:40] ERROR    pricing:159 — Unexpected pricing error: '_P' object has no attribute 'w_norm'
Traceback (most recent call last):
  File "E:\quoting_studio\06-07-2026\quoting_studio\app\services\pricing.py", line 125, in calculate_price
    pane_area = glass_area_m2 * Decimal(str(pane.w_norm * pane.h_norm))
                                            ^^^^^^^^^^^
AttributeError: '_P' object has no attribute 'w_norm'

During handling of the above exception, another exception occurred:

Traceback (most recent call last):
  File "E:\quoting_studio\06-07-2026\quoting_studio\app\services\pricing.py", line 135, in calculate_price
    glass_cost += glass_base * Decimal(str(pane.w_norm * pane.h_norm))
                                           ^^^^^^^^^^^
AttributeError: '_P' object has no attribute 'w_norm'
[2026-07-06 17:22:40] INFO     __init__:96 — 404 Not Found — GET /favicon.ico
[2026-07-06 17:22:42] INFO     v1:217 — 3D export: window=9 fmt=glb method=extrude bytes=2300
[2026-07-06 17:22:45] WARNING  profile_extruder:76 — Section DXF missing: E:\quoting_studio\06-07-2026\quoting_studio\app\cad_sections\jamb.dxf
[2026-07-06 17:22:45] WARNING  profile_extruder:76 — Section DXF missing: E:\quoting_studio\06-07-2026\quoting_studio\app\cad_sections\head.dxf
[2026-07-06 17:22:45] WARNING  profile_extruder:76 — Section DXF missing: E:\quoting_studio\06-07-2026\quoting_studio\app\cad_sections\sill.dxf
[2026-07-06 17:22:45] WARNING  model3d:66 — profile extrusion failed (One or more section profiles failed to load — check E:\quoting_studio\06-07-2026\quoting_studio\app\cad_sections) — falling back to box extrude
[2026-07-06 17:22:45] INFO     v1:217 — 3D export: window=9 fmt=glb method=profile bytes=2300
[2026-07-06 17:22:51] WARNING  pricing:134 — Glazing pricing error for type=Double, Low-E: '_P' object has no attribute 'w_norm'
[2026-07-06 17:22:51] ERROR    pricing:159 — Unexpected pricing error: '_P' object has no attribute 'w_norm'
Traceback (most recent call last):
  File "E:\quoting_studio\06-07-2026\quoting_studio\app\services\pricing.py", line 125, in calculate_price
    pane_area = glass_area_m2 * Decimal(str(pane.w_norm * pane.h_norm))
                                            ^^^^^^^^^^^
AttributeError: '_P' object has no attribute 'w_norm'

During handling of the above exception, another exception occurred:

Traceback (most recent call last):
  File "E:\quoting_studio\06-07-2026\quoting_studio\app\services\pricing.py", line 135, in calculate_price
    glass_cost += glass_base * Decimal(str(pane.w_norm * pane.h_norm))
                                           ^^^^^^^^^^^
AttributeError: '_P' object has no attribute 'w_norm'
[2026-07-06 17:22:53] INFO     v1:217 — 3D export: window=9 fmt=glb method=extrude bytes=2300
[2026-07-06 17:22:57] WARNING  profile_extruder:76 — Section DXF missing: E:\quoting_studio\06-07-2026\quoting_studio\app\cad_sections\jamb.dxf
[2026-07-06 17:22:57] WARNING  profile_extruder:76 — Section DXF missing: E:\quoting_studio\06-07-2026\quoting_studio\app\cad_sections\head.dxf
[2026-07-06 17:22:57] WARNING  profile_extruder:76 — Section DXF missing: E:\quoting_studio\06-07-2026\quoting_studio\app\cad_sections\sill.dxf
[2026-07-06 17:22:57] WARNING  model3d:66 — profile extrusion failed (One or more section profiles failed to load — check E:\quoting_studio\06-07-2026\quoting_studio\app\cad_sections) — falling back to box extrude
[2026-07-06 17:22:57] INFO     v1:217 — 3D export: window=9 fmt=glb method=profile bytes=2300
[2026-07-06 17:23:23] INFO     v1:217 — 3D export: window=9 fmt=glb method=sweep bytes=3264
[2026-07-06 17:23:26] WARNING  pricing:134 — Glazing pricing error for type=Double, Low-E: '_P' object has no attribute 'w_norm'
[2026-07-06 17:23:26] ERROR    pricing:159 — Unexpected pricing error: '_P' object has no attribute 'w_norm'
Traceback (most recent call last):
  File "E:\quoting_studio\06-07-2026\quoting_studio\app\services\pricing.py", line 125, in calculate_price
    pane_area = glass_area_m2 * Decimal(str(pane.w_norm * pane.h_norm))
                                            ^^^^^^^^^^^
AttributeError: '_P' object has no attribute 'w_norm'

During handling of the above exception, another exception occurred:

Traceback (most recent call last):
  File "E:\quoting_studio\06-07-2026\quoting_studio\app\services\pricing.py", line 135, in calculate_price
    glass_cost += glass_base * Decimal(str(pane.w_norm * pane.h_norm))
                                           ^^^^^^^^^^^
AttributeError: '_P' object has no attribute 'w_norm'
[2026-07-06 17:23:31] INFO     v1:217 — 3D export: window=9 fmt=glb method=extrude bytes=2300
[2026-07-06 17:23:44] INFO     v1:217 — 3D export: window=9 fmt=step method=extrude bytes=79510
[2026-07-06 17:24:49] INFO     v1:217 — 3D export: window=9 fmt=glb method=extrude bytes=2300
[2026-07-06 17:24:52] WARNING  profile_extruder:76 — Section DXF missing: E:\quoting_studio\06-07-2026\quoting_studio\app\cad_sections\jamb.dxf
[2026-07-06 17:24:52] WARNING  profile_extruder:76 — Section DXF missing: E:\quoting_studio\06-07-2026\quoting_studio\app\cad_sections\head.dxf
[2026-07-06 17:24:52] WARNING  profile_extruder:76 — Section DXF missing: E:\quoting_studio\06-07-2026\quoting_studio\app\cad_sections\sill.dxf
[2026-07-06 17:24:52] WARNING  model3d:66 — profile extrusion failed (One or more section profiles failed to load — check E:\quoting_studio\06-07-2026\quoting_studio\app\cad_sections) — falling back to box extrude
[2026-07-06 17:24:52] INFO     v1:217 — 3D export: window=9 fmt=glb method=profile bytes=2300
[2026-07-06 17:25:00] INFO     __init__:96 — 404 Not Found — GET /.well-known/appspecific/com.chrome.devtools.json
[2026-07-06 17:29:01] INFO     logging_config:160 — Quoting Studio — logging initialised (debug=True)
[2026-07-06 17:29:06] INFO     logging_config:160 — Quoting Studio — logging initialised (debug=True)
[2026-07-06 17:29:09] INFO     __init__:96 — 404 Not Found — GET /favicon.ico
[2026-07-06 17:29:16] INFO     v1:219 — 3D export: window=9 fmt=glb method=extrude bytes=2300
[2026-07-06 17:30:11] INFO     v1:275 — Design saved: window=9 panes=1
[2026-07-06 17:30:11] INFO     v1:346 — save_render: window=9 saved 658892 bytes → E:\quoting_studio\06-07-2026\quoting_studio\uploads\renders\window-9-ef21c16b.png
[2026-07-06 17:30:29] INFO     v1:219 — 3D export: window=9 fmt=step method=extrude bytes=47829
[2026-07-06 17:30:44] INFO     v1:275 — Design saved: window=9 panes=2
[2026-07-06 17:30:50] INFO     v1:275 — Design saved: window=9 panes=3
[2026-07-06 17:30:52] INFO     v1:275 — Design saved: window=9 panes=3
[2026-07-06 17:31:01] INFO     v1:219 — 3D export: window=9 fmt=step method=extrude bytes=125933
[2026-07-06 17:40:11] INFO     logging_config:160 — Quoting Studio — logging initialised (debug=True)
[2026-07-06 17:40:16] INFO     logging_config:160 — Quoting Studio — logging initialised (debug=True)
[2026-07-06 17:40:18] INFO     __init__:96 — 404 Not Found — GET /favicon.ico
[2026-07-06 17:40:20] INFO     __init__:96 — 404 Not Found — GET /favicon.ico
[2026-07-06 17:40:22] INFO     v1:275 — Design saved: window=9 panes=1
[2026-07-06 17:40:27] INFO     auth:130 — Logout: aniket@gmail.com
[2026-07-06 17:40:29] INFO     auth:32 — Login success: aniket@gmail.com (tenant=1)
[2026-07-06 17:40:42] INFO     v1:219 — 3D export: window=9 fmt=glb method=extrude bytes=1724
[2026-07-06 17:40:51] INFO     v1:275 — Design saved: window=9 panes=2
[2026-07-06 17:40:54] INFO     v1:275 — Design saved: window=9 panes=3
[2026-07-06 17:40:54] INFO     v1:275 — Design saved: window=9 panes=3
[2026-07-06 17:41:09] INFO     v1:219 — 3D export: window=9 fmt=glb method=extrude bytes=3552
[2026-07-06 17:41:16] INFO     auth:130 — Logout: aniket@gmail.com
[2026-07-06 17:41:18] INFO     auth:32 — Login success: aniket@gmail.com (tenant=1)
[2026-07-06 17:41:23] INFO     v1:219 — 3D export: window=9 fmt=glb method=extrude bytes=3552
[2026-07-06 17:41:35] INFO     v1:275 — Design saved: window=9 panes=1
[2026-07-06 17:41:36] INFO     v1:346 — save_render: window=9 saved 658892 bytes → E:\quoting_studio\06-07-2026\quoting_studio\uploads\renders\window-9-8253f80e.png
[2026-07-06 17:42:37] INFO     __init__:96 — 404 Not Found — GET /favicon.ico
[2026-07-06 17:48:50] INFO     logging_config:160 — Quoting Studio — logging initialised (debug=True)
[2026-07-06 17:49:11] INFO     __init__:96 — 404 Not Found — GET /favicon.ico
[2026-07-06 17:49:22] INFO     v1:219 — 3D export: window=9 fmt=glb method=extrude bytes=1724
[2026-07-06 17:49:31] INFO     v1:275 — Design saved: window=9 panes=2
[2026-07-06 17:49:38] INFO     v1:275 — Design saved: window=9 panes=3
[2026-07-06 17:49:51] INFO     v1:275 — Design saved: window=9 panes=3
[2026-07-06 17:49:53] INFO     auth:130 — Logout: aniket@gmail.com
[2026-07-06 17:49:55] INFO     auth:32 — Login success: aniket@gmail.com (tenant=1)
[2026-07-06 17:50:04] INFO     auth:130 — Logout: aniket@gmail.com
[2026-07-06 17:50:06] INFO     auth:32 — Login success: aniket@gmail.com (tenant=1)
[2026-07-06 17:50:14] INFO     v1:275 — Design saved: window=9 panes=3
[2026-07-06 17:50:18] INFO     v1:275 — Design saved: window=10 panes=2
[2026-07-06 17:50:22] INFO     v1:275 — Design saved: window=10 panes=3
[2026-07-06 17:50:25] INFO     v1:275 — Design saved: window=10 panes=3
[2026-07-06 17:50:25] INFO     v1:275 — Design saved: window=10 panes=3
[2026-07-06 17:50:34] INFO     v1:219 — 3D export: window=10 fmt=glb method=extrude bytes=3548
[2026-07-06 17:55:31] INFO     logging_config:160 — Quoting Studio — logging initialised (debug=True)
[2026-07-06 17:56:59] INFO     logging_config:160 — Quoting Studio — logging initialised (debug=True)
[2026-07-06 17:57:50] INFO     logging_config:160 — Quoting Studio — logging initialised (debug=True)
[2026-07-06 17:57:55] INFO     logging_config:160 — Quoting Studio — logging initialised (debug=True)
[2026-07-06 18:08:30] INFO     __init__:96 — 404 Not Found — GET /favicon.ico
[2026-07-06 18:08:32] INFO     auth:130 — Logout: aniket@gmail.com
[2026-07-06 18:08:34] INFO     auth:32 — Login success: aniket@gmail.com (tenant=1)
[2026-07-06 18:08:43] INFO     v1:275 — Design saved: window=9 panes=1
[2026-07-06 18:08:46] INFO     v1:275 — Design saved: window=9 panes=1
[2026-07-06 18:08:49] INFO     v1:275 — Design saved: window=9 panes=1
[2026-07-06 18:08:54] INFO     v1:275 — Design saved: window=9 panes=1
[2026-07-06 18:08:57] INFO     v1:275 — Design saved: window=9 panes=1
[2026-07-06 18:09:32] INFO     projects:195 — Project deleted: id=6 tenant=1
[2026-07-06 18:09:39] INFO     projects:50 — Project created: id=7 customer=AG tenant=1
[2026-07-06 18:09:48] INFO     v1:275 — Design saved: window=11 panes=1
[2026-07-06 18:09:53] INFO     v1:275 — Design saved: window=11 panes=1
[2026-07-06 18:09:55] INFO     v1:275 — Design saved: window=11 panes=1
[2026-07-06 18:09:59] INFO     v1:275 — Design saved: window=11 panes=1
[2026-07-06 18:10:05] INFO     v1:275 — Design saved: window=11 panes=1
[2026-07-06 18:10:09] INFO     v1:275 — Design saved: window=11 panes=1
[2026-07-06 18:10:13] INFO     v1:275 — Design saved: window=11 panes=1
[2026-07-06 18:10:19] INFO     v1:275 — Design saved: window=11 panes=2
[2026-07-06 18:10:22] INFO     v1:275 — Design saved: window=11 panes=3
[2026-07-06 18:10:26] INFO     v1:275 — Design saved: window=11 panes=3
[2026-07-06 18:10:28] INFO     auth:130 — Logout: aniket@gmail.com
[2026-07-06 18:10:29] INFO     auth:32 — Login success: aniket@gmail.com (tenant=1)
[2026-07-06 18:10:41] INFO     v1:275 — Design saved: window=11 panes=3
[2026-07-06 18:10:41] INFO     v1:346 — save_render: window=11 saved 50848 bytes → E:\quoting_studio\06-07-2026\quoting_studio\uploads\renders\window-11-83c2c2ef.png
[2026-07-06 18:10:41] INFO     __init__:96 — 404 Not Found — GET /uploads/renders/window-11.png
[2026-07-06 18:11:10] INFO     v1:219 — 3D export: window=11 fmt=glb method=extrude bytes=3548
[2026-07-06 18:11:22] INFO     projects:228 — Window added: id=12 project=7 label=
[2026-07-06 18:11:28] INFO     v1:275 — Design saved: window=12 panes=2
[2026-07-06 18:11:31] INFO     v1:275 — Design saved: window=12 panes=3
[2026-07-06 18:11:33] INFO     v1:275 — Design saved: window=12 panes=2
[2026-07-06 18:11:36] INFO     v1:275 — Design saved: window=12 panes=2
[2026-07-06 18:11:40] INFO     v1:275 — Design saved: window=12 panes=2
[2026-07-06 18:11:41] INFO     v1:275 — Design saved: window=12 panes=2
[2026-07-06 18:11:48] INFO     v1:219 — 3D export: window=12 fmt=glb method=extrude bytes=2972
[2026-07-06 18:11:57] INFO     v1:275 — Design saved: window=12 panes=2
[2026-07-06 18:11:57] INFO     v1:346 — save_render: window=12 saved 331462 bytes → E:\quoting_studio\06-07-2026\quoting_studio\uploads\renders\window-12-e3a49e85.png
[2026-07-06 18:11:57] INFO     __init__:96 — 404 Not Found — GET /uploads/renders/window-12.png
[2026-07-06 18:12:16] INFO     v1:275 — Design saved: window=12 panes=2
[2026-07-06 18:12:22] INFO     v1:275 — Design saved: window=12 panes=2
[2026-07-06 18:12:28] INFO     v1:275 — Design saved: window=12 panes=2
[2026-07-06 18:12:47] INFO     cad_export:122 — Advanced DXF built: window=11 1200x1600 → 74837 bytes
[2026-07-06 18:12:47] INFO     v1:150 — DXF export: window=11 bytes=74837
[2026-07-06 18:12:55] INFO     v1:219 — 3D export: window=11 fmt=glb method=extrude bytes=3548
[2026-07-06 18:13:25] INFO     v1:275 — Design saved: window=11 panes=4
[2026-07-06 18:13:29] INFO     v1:275 — Design saved: window=11 panes=5
[2026-07-06 18:13:30] INFO     v1:275 — Design saved: window=11 panes=5
[2026-07-06 18:13:33] INFO     v1:219 — 3D export: window=12 fmt=glb method=extrude bytes=2972
[2026-07-06 18:13:44] INFO     auth:130 — Logout: aniket@gmail.com
[2026-07-06 18:13:46] INFO     auth:32 — Login success: aniket@gmail.com (tenant=1)
[2026-07-06 18:14:02] INFO     v1:219 — 3D export: window=11 fmt=stl method=extrude bytes=16684
[2026-07-06 18:14:16] INFO     v1:219 — 3D export: window=11 fmt=glb method=extrude bytes=6720
[2026-07-06 18:14:24] INFO     v1:275 — Design saved: window=11 panes=5
[2026-07-06 18:14:24] INFO     v1:346 — save_render: window=11 saved 56916 bytes → E:\quoting_studio\06-07-2026\quoting_studio\uploads\renders\window-11-d9c938ac.png
[2026-07-06 18:14:24] INFO     __init__:96 — 404 Not Found — GET /uploads/renders/window-11.png
[2026-07-06 18:15:56] INFO     v1:275 — Design saved: window=11 panes=5
[2026-07-06 18:15:56] INFO     v1:346 — save_render: window=11 saved 56916 bytes → E:\quoting_studio\06-07-2026\quoting_studio\uploads\renders\window-11-6050a968.png
[2026-07-06 18:15:56] INFO     __init__:96 — 404 Not Found — GET /uploads/renders/window-11.png
[2026-07-06 18:16:00] INFO     v1:275 — Design saved: window=11 panes=5
[2026-07-06 18:16:00] INFO     v1:346 — save_render: window=11 saved 56916 bytes → E:\quoting_studio\06-07-2026\quoting_studio\uploads\renders\window-11-c480a2dc.png
[2026-07-06 18:16:00] INFO     __init__:96 — 404 Not Found — GET /uploads/renders/window-11.png
[2026-07-06 18:16:08] INFO     v1:275 — Design saved: window=11 panes=5
[2026-07-06 18:16:08] INFO     v1:346 — save_render: window=11 saved 56916 bytes → E:\quoting_studio\06-07-2026\quoting_studio\uploads\renders\window-11-60fe9ee8.png
[2026-07-06 18:16:08] INFO     __init__:96 — 404 Not Found — GET /uploads/renders/window-11.png
[2026-07-06 18:16:16] INFO     __init__:96 — 404 Not Found — GET /projects/7/windows/11/edit/visualise
[2026-07-06 18:18:17] INFO     v1:275 — Design saved: window=11 panes=5
[2026-07-06 18:18:20] INFO     v1:275 — Design saved: window=11 panes=5
[2026-07-06 18:18:24] INFO     v1:275 — Design saved: window=11 panes=5
[2026-07-06 18:18:27] INFO     v1:275 — Design saved: window=11 panes=5
[2026-07-06 18:18:31] INFO     v1:275 — Design saved: window=11 panes=5
[2026-07-06 18:19:39] INFO     logging_config:160 — Quoting Studio — logging initialised (debug=True)
[2026-07-06 18:19:46] INFO     __init__:96 — 404 Not Found — GET /favicon.ico
[2026-07-06 18:19:48] INFO     v1:275 — Design saved: window=11 panes=5
[2026-07-06 18:19:48] INFO     v1:346 — save_render: window=11 saved 56916 bytes → E:\quoting_studio\06-07-2026\quoting_studio\uploads\renders\window-11.png
[2026-07-06 18:26:25] INFO     projects:228 — Window added: id=13 project=7 label=
[2026-07-06 18:26:32] INFO     v1:275 — Design saved: window=13 panes=1
[2026-07-06 18:26:36] INFO     v1:275 — Design saved: window=13 panes=2
[2026-07-06 18:26:42] INFO     v1:275 — Design saved: window=13 panes=3
[2026-07-06 18:26:46] INFO     v1:275 — Design saved: window=13 panes=4
[2026-07-06 18:26:48] INFO     v1:275 — Design saved: window=13 panes=4
[2026-07-06 18:26:50] INFO     v1:275 — Design saved: window=13 panes=4
[2026-07-06 18:26:50] INFO     v1:346 — save_render: window=13 saved 61623 bytes → E:\quoting_studio\06-07-2026\quoting_studio\uploads\renders\window-13.png
[2026-07-09 11:28:29] INFO     logging_config:160 — Quoting Studio — logging initialised (debug=True)
[2026-07-09 11:28:36] INFO     logging_config:160 — Quoting Studio — logging initialised (debug=True)
[2026-07-09 11:28:52] INFO     __init__:96 — 404 Not Found — GET /favicon.ico
[2026-07-09 11:28:54] INFO     auth:32 — Login success: aniket@gmail.com (tenant=1)
[2026-07-09 11:29:15] INFO     v1:275 — Design saved: window=11 panes=5
[2026-07-09 11:29:17] INFO     v1:275 — Design saved: window=11 panes=5
[2026-07-09 11:29:18] INFO     v1:275 — Design saved: window=11 panes=5
[2026-07-09 11:29:22] INFO     v1:275 — Design saved: window=11 panes=5
[2026-07-09 11:29:22] INFO     v1:275 — Design saved: window=11 panes=5
[2026-07-09 11:29:43] INFO     projects:50 — Project created: id=8 customer=Aniket tenant=1
[2026-07-09 11:29:54] INFO     v1:275 — Design saved: window=14 panes=2
[2026-07-09 11:29:57] INFO     v1:275 — Design saved: window=14 panes=2
[2026-07-09 11:30:06] INFO     v1:275 — Design saved: window=14 panes=2
[2026-07-09 11:30:11] INFO     v1:275 — Design saved: window=14 panes=2
[2026-07-09 11:30:12] INFO     v1:275 — Design saved: window=14 panes=2
[2026-07-09 11:30:17] INFO     v1:275 — Design saved: window=14 panes=2
[2026-07-09 11:30:17] INFO     v1:275 — Design saved: window=14 panes=2
[2026-07-09 11:30:20] INFO     v1:275 — Design saved: window=14 panes=2
[2026-07-09 11:30:21] INFO     v1:275 — Design saved: window=14 panes=2
[2026-07-09 11:30:22] INFO     v1:275 — Design saved: window=14 panes=2
[2026-07-09 11:30:24] INFO     v1:275 — Design saved: window=14 panes=2
[2026-07-09 11:30:25] INFO     v1:275 — Design saved: window=14 panes=2
[2026-07-09 11:30:27] INFO     v1:275 — Design saved: window=14 panes=2
[2026-07-09 11:30:28] INFO     v1:275 — Design saved: window=14 panes=2
[2026-07-09 11:30:29] INFO     v1:275 — Design saved: window=14 panes=2
[2026-07-09 11:30:39] INFO     v1:275 — Design saved: window=14 panes=2
[2026-07-09 11:30:41] INFO     v1:275 — Design saved: window=14 panes=2
[2026-07-09 11:30:46] INFO     v1:275 — Design saved: window=14 panes=2
[2026-07-09 11:31:05] INFO     v1:275 — Design saved: window=14 panes=2
[2026-07-09 11:31:06] INFO     v1:275 — Design saved: window=14 panes=2
[2026-07-09 11:31:07] INFO     v1:275 — Design saved: window=14 panes=2
[2026-07-09 11:31:07] INFO     v1:275 — Design saved: window=14 panes=2
[2026-07-09 11:31:08] INFO     v1:275 — Design saved: window=14 panes=2
[2026-07-09 11:31:09] INFO     v1:275 — Design saved: window=14 panes=2
[2026-07-09 11:31:19] INFO     v1:275 — Design saved: window=14 panes=2
[2026-07-09 11:31:37] INFO     v1:275 — Design saved: window=14 panes=2
[2026-07-09 11:31:55] INFO     v1:275 — Design saved: window=14 panes=2
[2026-07-09 11:32:04] INFO     v1:275 — Design saved: window=14 panes=2
[2026-07-09 11:32:05] INFO     v1:275 — Design saved: window=14 panes=2
[2026-07-09 11:32:06] INFO     v1:275 — Design saved: window=14 panes=2
[2026-07-09 11:32:13] INFO     v1:275 — Design saved: window=14 panes=2
[2026-07-09 11:32:18] INFO     v1:275 — Design saved: window=14 panes=2
[2026-07-09 11:32:26] INFO     v1:275 — Design saved: window=14 panes=2
[2026-07-09 11:33:39] INFO     v1:275 — Design saved: window=14 panes=2
[2026-07-09 11:34:01] INFO     v1:219 — 3D export: window=14 fmt=glb method=extrude bytes=2300
[2026-07-09 11:34:33] INFO     v1:275 — Design saved: window=14 panes=2
[2026-07-09 11:34:56] INFO     v1:275 — Design saved: window=14 panes=2
[2026-07-09 11:34:56] INFO     v1:346 — save_render: window=14 saved 775342 bytes → E:\quoting_studio\06-07-2026\quoting_studio\uploads\renders\window-14.png
[2026-07-09 11:41:14] INFO     v1:275 — Design saved: window=14 panes=2
[2026-07-09 11:41:20] INFO     v1:275 — Design saved: window=14 panes=2
[2026-07-09 11:46:10] INFO     logging_config:160 — Quoting Studio — logging initialised (debug=True)
[2026-07-09 11:46:14] INFO     logging_config:160 — Quoting Studio — logging initialised (debug=True)
[2026-07-09 11:46:20] INFO     v1:275 — Design saved: window=14 panes=2
[2026-07-09 11:46:20] INFO     v1:275 — Design saved: window=14 panes=2
[2026-07-09 11:46:20] INFO     __init__:96 — 404 Not Found — GET /favicon.ico
[2026-07-09 11:46:39] INFO     v1:219 — 3D export: window=14 fmt=step method=extrude bytes=78840
[2026-07-09 11:52:26] INFO     projects:228 — Window added: id=15 project=8 label=
[2026-07-09 11:52:29] INFO     v1:275 — Design saved: window=15 panes=1
[2026-07-09 11:52:32] INFO     v1:275 — Design saved: window=15 panes=1
[2026-07-09 11:52:33] INFO     v1:275 — Design saved: window=15 panes=1
[2026-07-09 11:52:34] INFO     v1:275 — Design saved: window=15 panes=1
[2026-07-09 11:52:42] INFO     v1:275 — Design saved: window=15 panes=1
[2026-07-09 11:52:44] INFO     v1:275 — Design saved: window=15 panes=1
[2026-07-09 11:52:52] INFO     v1:275 — Design saved: window=15 panes=1
[2026-07-09 11:53:19] INFO     v1:275 — Design saved: window=15 panes=1
[2026-07-09 11:53:21] INFO     v1:275 — Design saved: window=15 panes=1
[2026-07-09 11:53:23] INFO     v1:275 — Design saved: window=15 panes=1
[2026-07-09 11:53:24] INFO     v1:275 — Design saved: window=15 panes=1
[2026-07-09 11:53:25] INFO     v1:275 — Design saved: window=15 panes=1
[2026-07-09 11:53:54] INFO     v1:275 — Design saved: window=15 panes=1
[2026-07-09 11:53:56] INFO     v1:275 — Design saved: window=15 panes=1
[2026-07-09 11:54:06] INFO     v1:275 — Design saved: window=15 panes=1
[2026-07-09 11:54:09] INFO     v1:275 — Design saved: window=15 panes=1
[2026-07-09 11:54:15] INFO     v1:275 — Design saved: window=15 panes=1
[2026-07-09 11:54:38] INFO     v1:219 — 3D export: window=15 fmt=step method=extrude bytes=64232
[2026-07-09 11:54:42] INFO     v1:275 — Design saved: window=15 panes=1
[2026-07-09 11:56:13] INFO     v1:275 — Design saved: window=15 panes=1
[2026-07-09 11:56:37] INFO     v1:275 — Design saved: window=15 panes=1
[2026-07-09 11:57:43] INFO     logging_config:160 — Quoting Studio — logging initialised (debug=True)
[2026-07-09 11:57:47] INFO     logging_config:160 — Quoting Studio — logging initialised (debug=True)
[2026-07-09 11:57:51] INFO     v1:275 — Design saved: window=15 panes=1
[2026-07-09 11:57:51] INFO     v1:275 — Design saved: window=15 panes=1
[2026-07-09 11:57:51] INFO     __init__:96 — 404 Not Found — GET /favicon.ico
[2026-07-09 12:06:04] INFO     __init__:96 — 404 Not Found — GET /favicon.ico
[2026-07-09 12:06:28] INFO     v1:275 — Design saved: window=15 panes=1
[2026-07-09 12:06:33] INFO     v1:275 — Design saved: window=15 panes=2
[2026-07-09 12:06:35] INFO     v1:275 — Design saved: window=15 panes=3
[2026-07-09 12:06:35] INFO     v1:275 — Design saved: window=15 panes=3
[2026-07-09 12:06:36] INFO     v1:275 — Design saved: window=15 panes=3
[2026-07-09 12:06:36] INFO     v1:275 — Design saved: window=15 panes=3
[2026-07-09 12:06:38] INFO     v1:275 — Design saved: window=15 panes=3
[2026-07-09 12:06:38] INFO     v1:352 — save_render: window=15 saved 733792 bytes -> E:\quoting_studio\06-07-2026\quoting_studio\uploads\renders\window-15-614c66b8.png
[2026-07-09 12:06:38] INFO     v1:275 — Design saved: window=15 panes=3
[2026-07-09 12:06:38] INFO     v1:275 — Design saved: window=15 panes=3
[2026-07-09 12:06:49] INFO     __init__:96 — 404 Not Found — GET /favicon.ico
[2026-07-09 12:07:42] INFO     v1:275 — Design saved: window=14 panes=2
[2026-07-09 12:07:42] INFO     v1:352 — save_render: window=14 saved 775342 bytes -> E:\quoting_studio\06-07-2026\quoting_studio\uploads\renders\window-14-14a94764.png
[2026-07-09 12:12:45] INFO     v1:275 — Design saved: window=14 panes=2
[2026-07-09 12:12:46] INFO     v1:275 — Design saved: window=14 panes=2
[2026-07-09 12:12:47] INFO     v1:275 — Design saved: window=14 panes=2
[2026-07-09 12:12:48] INFO     v1:275 — Design saved: window=14 panes=2
[2026-07-09 12:12:49] INFO     v1:275 — Design saved: window=14 panes=2
[2026-07-09 12:12:53] INFO     v1:275 — Design saved: window=14 panes=2
[2026-07-09 12:12:59] INFO     v1:275 — Design saved: window=14 panes=2
[2026-07-09 12:13:19] INFO     v1:275 — Design saved: window=14 panes=2
[2026-07-09 12:14:01] INFO     v1:275 — Design saved: window=14 panes=2
[2026-07-09 12:14:02] INFO     v1:275 — Design saved: window=14 panes=2
[2026-07-09 12:14:11] INFO     v1:275 — Design saved: window=14 panes=2
[2026-07-09 12:14:17] INFO     v1:275 — Design saved: window=14 panes=2
[2026-07-09 12:14:18] INFO     v1:275 — Design saved: window=14 panes=2
[2026-07-09 12:14:18] INFO     v1:275 — Design saved: window=14 panes=2
[2026-07-09 12:14:54] INFO     v1:275 — Design saved: window=14 panes=2
[2026-07-09 12:14:58] INFO     v1:275 — Design saved: window=14 panes=2
[2026-07-09 12:15:11] INFO     v1:275 — Design saved: window=14 panes=2
[2026-07-09 12:15:15] INFO     v1:275 — Design saved: window=14 panes=2
[2026-07-09 12:15:25] INFO     v1:275 — Design saved: window=14 panes=2
[2026-07-09 12:27:31] INFO     logging_config:160 — Quoting Studio — logging initialised (debug=True)
[2026-07-09 12:27:35] INFO     logging_config:160 — Quoting Studio — logging initialised (debug=True)
[2026-07-09 12:27:46] INFO     v1:275 — Design saved: window=14 panes=2
[2026-07-09 12:27:49] INFO     v1:275 — Design saved: window=14 panes=2
[2026-07-09 12:27:49] INFO     v1:275 — Design saved: window=14 panes=2
[2026-07-09 12:27:49] INFO     __init__:96 — 404 Not Found — GET /favicon.ico
[2026-07-09 12:27:58] INFO     v1:275 — Design saved: window=14 panes=2
[2026-07-09 12:28:01] INFO     v1:275 — Design saved: window=14 panes=2
[2026-07-09 12:28:03] INFO     v1:275 — Design saved: window=14 panes=2
[2026-07-09 12:28:03] INFO     v1:275 — Design saved: window=14 panes=2
[2026-07-09 12:28:05] INFO     v1:275 — Design saved: window=14 panes=2
[2026-07-09 12:28:06] INFO     v1:275 — Design saved: window=14 panes=2
[2026-07-09 12:28:08] INFO     v1:275 — Design saved: window=14 panes=2
[2026-07-09 12:28:09] INFO     v1:275 — Design saved: window=14 panes=2
[2026-07-09 12:28:11] INFO     v1:275 — Design saved: window=14 panes=2
[2026-07-09 12:28:14] INFO     v1:275 — Design saved: window=14 panes=2
[2026-07-09 12:28:15] INFO     v1:275 — Design saved: window=14 panes=2
[2026-07-09 12:28:16] INFO     v1:275 — Design saved: window=14 panes=2
[2026-07-09 12:28:17] INFO     v1:275 — Design saved: window=14 panes=2
[2026-07-09 12:28:18] INFO     v1:275 — Design saved: window=14 panes=2
[2026-07-09 12:28:19] INFO     v1:275 — Design saved: window=14 panes=2
[2026-07-09 12:28:27] INFO     v1:275 — Design saved: window=14 panes=2
[2026-07-09 12:28:33] INFO     v1:219 — 3D export: window=14 fmt=step method=extrude bytes=78840
[2026-07-09 12:28:47] INFO     v1:275 — Design saved: window=14 panes=2
[2026-07-09 12:28:49] INFO     v1:275 — Design saved: window=14 panes=2
[2026-07-09 12:28:51] INFO     v1:219 — 3D export: window=14 fmt=step method=extrude bytes=78840
[2026-07-09 12:28:53] INFO     v1:275 — Design saved: window=14 panes=2
[2026-07-09 12:29:13] INFO     v1:275 — Design saved: window=14 panes=2
[2026-07-09 12:29:18] INFO     v1:275 — Design saved: window=14 panes=2
[2026-07-09 12:29:23] INFO     v1:275 — Design saved: window=14 panes=2
[2026-07-09 12:29:26] INFO     v1:275 — Design saved: window=14 panes=2
[2026-07-09 12:31:26] INFO     v1:275 — Design saved: window=14 panes=2
[2026-07-09 12:36:48] INFO     logging_config:160 — Quoting Studio — logging initialised (debug=True)
[2026-07-09 12:36:52] INFO     logging_config:160 — Quoting Studio — logging initialised (debug=True)
[2026-07-09 12:36:54] INFO     v1:275 — Design saved: window=14 panes=2
[2026-07-09 12:36:54] INFO     v1:275 — Design saved: window=14 panes=2
[2026-07-09 12:36:54] INFO     __init__:96 — 404 Not Found — GET /favicon.ico
[2026-07-09 12:36:59] INFO     v1:275 — Design saved: window=14 panes=2
[2026-07-09 12:37:00] INFO     v1:275 — Design saved: window=14 panes=2
[2026-07-09 12:37:01] INFO     v1:275 — Design saved: window=14 panes=2
[2026-07-09 12:37:02] INFO     v1:275 — Design saved: window=14 panes=2
[2026-07-09 12:37:04] INFO     v1:275 — Design saved: window=14 panes=2
[2026-07-09 12:37:05] INFO     v1:275 — Design saved: window=14 panes=2
[2026-07-09 12:37:06] INFO     v1:275 — Design saved: window=14 panes=2
[2026-07-09 12:37:07] INFO     v1:275 — Design saved: window=14 panes=2
[2026-07-09 12:37:07] INFO     v1:352 — save_render: window=14 saved 34863 bytes -> E:\quoting_studio\06-07-2026\quoting_studio\uploads\renders\window-14-f92e1861.png
[2026-07-09 12:37:07] INFO     v1:275 — Design saved: window=14 panes=2
[2026-07-09 12:37:07] INFO     v1:275 — Design saved: window=14 panes=2
[2026-07-09 12:43:43] INFO     logging_config:160 — Quoting Studio — logging initialised (debug=True)
[2026-07-09 12:43:47] INFO     logging_config:160 — Quoting Studio — logging initialised (debug=True)
[2026-07-09 12:43:49] INFO     __init__:96 — 404 Not Found — GET /favicon.ico
[2026-07-09 12:43:55] INFO     v1:275 — Design saved: window=14 panes=1
[2026-07-09 12:43:56] INFO     v1:275 — Design saved: window=14 panes=1
[2026-07-09 12:43:57] INFO     v1:275 — Design saved: window=14 panes=1
[2026-07-09 12:44:00] INFO     v1:275 — Design saved: window=14 panes=1
[2026-07-09 12:44:02] INFO     v1:275 — Design saved: window=14 panes=1
[2026-07-09 12:44:06] INFO     v1:275 — Design saved: window=14 panes=1
[2026-07-09 12:44:07] INFO     v1:275 — Design saved: window=14 panes=1
[2026-07-09 12:44:14] INFO     v1:275 — Design saved: window=14 panes=2
[2026-07-09 12:44:17] INFO     v1:275 — Design saved: window=14 panes=2
[2026-07-09 12:44:18] INFO     v1:275 — Design saved: window=14 panes=2
[2026-07-09 12:44:20] INFO     v1:275 — Design saved: window=14 panes=2
[2026-07-09 12:44:21] INFO     v1:275 — Design saved: window=14 panes=2
[2026-07-09 12:44:28] INFO     v1:275 — Design saved: window=14 panes=3
[2026-07-09 12:44:29] INFO     v1:275 — Design saved: window=14 panes=3
[2026-07-09 12:44:31] INFO     v1:275 — Design saved: window=14 panes=3
[2026-07-09 12:44:32] INFO     v1:275 — Design saved: window=14 panes=3
[2026-07-09 12:44:33] INFO     v1:275 — Design saved: window=14 panes=3
[2026-07-09 12:44:39] INFO     v1:275 — Design saved: window=14 panes=2
[2026-07-09 12:44:41] INFO     v1:275 — Design saved: window=14 panes=3
[2026-07-09 12:44:45] INFO     v1:275 — Design saved: window=14 panes=3
[2026-07-09 12:44:51] INFO     v1:275 — Design saved: window=14 panes=3
[2026-07-09 12:44:54] INFO     v1:275 — Design saved: window=14 panes=3
[2026-07-09 12:44:58] INFO     v1:275 — Design saved: window=14 panes=3
[2026-07-09 12:45:01] INFO     v1:275 — Design saved: window=14 panes=3
[2026-07-09 12:45:02] INFO     v1:275 — Design saved: window=14 panes=3
[2026-07-09 12:45:08] INFO     v1:275 — Design saved: window=14 panes=3
[2026-07-09 12:45:09] INFO     v1:275 — Design saved: window=14 panes=3
[2026-07-09 12:45:10] INFO     v1:275 — Design saved: window=14 panes=3
[2026-07-09 12:45:14] INFO     v1:275 — Design saved: window=14 panes=3
[2026-07-09 12:45:17] INFO     v1:275 — Design saved: window=14 panes=3
[2026-07-09 12:45:22] INFO     v1:275 — Design saved: window=14 panes=3
[2026-07-09 12:45:23] INFO     v1:275 — Design saved: window=14 panes=3
[2026-07-09 12:45:54] INFO     v1:275 — Design saved: window=14 panes=3
[2026-07-09 12:46:25] INFO     v1:275 — Design saved: window=14 panes=3
[2026-07-09 12:46:26] INFO     v1:275 — Design saved: window=14 panes=3
[2026-07-09 12:46:26] INFO     v1:275 — Design saved: window=14 panes=3
[2026-07-09 12:46:26] INFO     __init__:96 — 404 Not Found — GET /favicon.ico
[2026-07-09 12:46:29] INFO     v1:275 — Design saved: window=14 panes=3
[2026-07-09 12:46:30] INFO     v1:275 — Design saved: window=14 panes=3
[2026-07-09 12:46:31] INFO     v1:275 — Design saved: window=14 panes=3
[2026-07-09 12:46:32] INFO     v1:275 — Design saved: window=14 panes=3
[2026-07-09 12:46:33] INFO     v1:275 — Design saved: window=14 panes=3
[2026-07-09 12:46:34] INFO     v1:275 — Design saved: window=14 panes=3
[2026-07-09 12:46:36] INFO     v1:275 — Design saved: window=14 panes=3
[2026-07-09 12:46:40] INFO     v1:275 — Design saved: window=14 panes=3
[2026-07-09 12:46:41] INFO     v1:275 — Design saved: window=14 panes=3
[2026-07-09 12:47:01] INFO     v1:275 — Design saved: window=14 panes=3
[2026-07-09 12:47:02] INFO     v1:275 — Design saved: window=14 panes=3
[2026-07-09 12:47:11] INFO     v1:275 — Design saved: window=14 panes=3
[2026-07-09 12:47:57] INFO     v1:275 — Design saved: window=14 panes=4
[2026-07-09 12:48:05] INFO     v1:275 — Design saved: window=14 panes=4
[2026-07-09 12:48:51] INFO     v1:275 — Design saved: window=14 panes=3
[2026-07-09 12:48:52] INFO     v1:275 — Design saved: window=14 panes=4
[2026-07-09 12:51:02] INFO     v1:275 — Design saved: window=14 panes=4
[2026-07-09 12:51:13] INFO     v1:275 — Design saved: window=14 panes=4
[2026-07-09 12:51:49] INFO     v1:275 — Design saved: window=14 panes=4
[2026-07-09 12:51:49] INFO     v1:275 — Design saved: window=14 panes=4
[2026-07-09 12:51:49] INFO     __init__:96 — 404 Not Found — GET /favicon.ico
[2026-07-09 12:51:52] INFO     v1:275 — Design saved: window=14 panes=4
[2026-07-09 12:51:54] INFO     v1:275 — Design saved: window=14 panes=4
[2026-07-09 12:51:55] INFO     v1:275 — Design saved: window=14 panes=4
[2026-07-09 12:51:57] INFO     v1:275 — Design saved: window=14 panes=4
[2026-07-09 12:51:58] INFO     v1:275 — Design saved: window=14 panes=4
[2026-07-09 12:51:58] INFO     v1:275 — Design saved: window=14 panes=4
[2026-07-09 12:51:59] INFO     v1:275 — Design saved: window=14 panes=4
[2026-07-09 12:52:04] INFO     v1:275 — Design saved: window=14 panes=4
[2026-07-09 12:52:04] INFO     v1:275 — Design saved: window=14 panes=4
[2026-07-09 12:52:04] INFO     __init__:96 — 404 Not Found — GET /favicon.ico
[2026-07-09 12:52:11] INFO     v1:275 — Design saved: window=14 panes=3
[2026-07-09 12:52:14] INFO     v1:275 — Design saved: window=14 panes=4
[2026-07-09 12:52:17] INFO     v1:275 — Design saved: window=14 panes=2
[2026-07-09 12:52:19] INFO     v1:275 — Design saved: window=14 panes=3
[2026-07-09 12:52:32] INFO     v1:275 — Design saved: window=14 panes=3
[2026-07-09 12:52:40] INFO     v1:275 — Design saved: window=14 panes=3
[2026-07-09 12:58:18] INFO     v1:275 — Design saved: window=14 panes=3
[2026-07-09 12:58:19] INFO     v1:275 — Design saved: window=14 panes=3
[2026-07-09 12:58:20] INFO     v1:275 — Design saved: window=14 panes=3
[2026-07-09 12:58:20] INFO     v1:275 — Design saved: window=14 panes=3
[2026-07-09 12:58:21] INFO     v1:275 — Design saved: window=14 panes=3
[2026-07-09 12:59:24] INFO     v1:275 — Design saved: window=14 panes=3
[2026-07-09 12:59:30] INFO     v1:275 — Design saved: window=14 panes=3
[2026-07-09 12:59:37] INFO     v1:275 — Design saved: window=14 panes=3
[2026-07-09 12:59:44] INFO     v1:275 — Design saved: window=14 panes=3
[2026-07-09 12:59:50] INFO     v1:275 — Design saved: window=14 panes=3
[2026-07-09 13:10:39] INFO     v1:275 — Design saved: window=14 panes=3
[2026-07-09 13:56:24] WARNING  __init__:82 — 400 Bad Request: 400 Bad Request: The CSRF token has expired. — POST /api/v1/windows/14/price
[2026-07-09 13:56:24] WARNING  __init__:82 — 400 Bad Request: 400 Bad Request: The CSRF token has expired. — POST /api/v1/windows/14/design
[2026-07-09 13:56:26] WARNING  __init__:82 — 400 Bad Request: 400 Bad Request: The CSRF token has expired. — POST /api/v1/windows/14/design
[2026-07-09 13:56:26] WARNING  __init__:82 — 400 Bad Request: 400 Bad Request: The CSRF token has expired. — POST /api/v1/windows/14/design
[2026-07-09 13:56:27] INFO     __init__:96 — 404 Not Found — GET /favicon.ico
[2026-07-09 14:06:01] INFO     __init__:96 — 404 Not Found — GET /favicon.ico
[2026-07-09 14:06:03] INFO     __init__:96 — 404 Not Found — GET /favicon.ico
[2026-07-09 14:06:04] INFO     v1:275 — Design saved: window=14 panes=3
[2026-07-09 14:06:06] INFO     v1:275 — Design saved: window=14 panes=3
[2026-07-09 14:06:07] INFO     v1:275 — Design saved: window=14 panes=3
[2026-07-09 14:06:08] INFO     v1:275 — Design saved: window=14 panes=3
[2026-07-09 14:06:15] INFO     logging_config:160 — Quoting Studio — logging initialised (debug=True)
[2026-07-09 14:06:19] INFO     logging_config:160 — Quoting Studio — logging initialised (debug=True)
[2026-07-09 14:06:26] INFO     v1:275 — Design saved: window=14 panes=3
[2026-07-09 14:06:27] INFO     v1:275 — Design saved: window=14 panes=3
[2026-07-09 14:06:27] INFO     v1:275 — Design saved: window=14 panes=3
[2026-07-09 14:06:27] INFO     v1:275 — Design saved: window=14 panes=3
[2026-07-09 14:06:28] INFO     __init__:96 — 404 Not Found — GET /favicon.ico
[2026-07-09 14:06:29] INFO     v1:275 — Design saved: window=14 panes=3
[2026-07-09 14:06:30] INFO     v1:275 — Design saved: window=14 panes=3
[2026-07-09 14:06:32] INFO     v1:275 — Design saved: window=14 panes=3
[2026-07-09 14:06:33] INFO     v1:275 — Design saved: window=14 panes=3
[2026-07-09 14:06:37] INFO     v1:275 — Design saved: window=14 panes=3
[2026-07-09 14:06:53] INFO     v1:275 — Design saved: window=14 panes=3
[2026-07-09 14:07:15] INFO     v1:275 — Design saved: window=14 panes=3
[2026-07-09 14:07:15] INFO     v1:275 — Design saved: window=14 panes=3
[2026-07-09 14:07:15] INFO     __init__:96 — 404 Not Found — GET /favicon.ico
[2026-07-09 14:07:18] INFO     v1:275 — Design saved: window=14 panes=3
[2026-07-09 14:07:20] INFO     v1:275 — Design saved: window=14 panes=3
[2026-07-09 14:07:22] INFO     v1:275 — Design saved: window=14 panes=3
[2026-07-09 14:07:23] INFO     v1:275 — Design saved: window=14 panes=3
[2026-07-09 14:07:26] INFO     v1:275 — Design saved: window=14 panes=3
[2026-07-09 14:08:04] INFO     v1:275 — Design saved: window=14 panes=3
[2026-07-09 14:08:04] INFO     v1:275 — Design saved: window=14 panes=3
[2026-07-09 14:08:05] INFO     __init__:96 — 404 Not Found — GET /favicon.ico
[2026-07-09 14:08:10] INFO     v1:275 — Design saved: window=14 panes=2
[2026-07-09 14:08:12] INFO     v1:275 — Design saved: window=14 panes=1
[2026-07-09 14:08:14] INFO     v1:275 — Design saved: window=14 panes=2
[2026-07-09 14:08:17] INFO     v1:275 — Design saved: window=14 panes=2
[2026-07-09 14:08:17] INFO     v1:275 — Design saved: window=14 panes=2
[2026-07-09 14:08:25] INFO     v1:275 — Design saved: window=11 panes=5
[2026-07-09 14:08:26] INFO     v1:275 — Design saved: window=11 panes=5
[2026-07-09 14:08:27] INFO     v1:275 — Design saved: window=11 panes=5
[2026-07-09 14:08:30] INFO     v1:275 — Design saved: window=11 panes=5
[2026-07-09 14:10:12] INFO     v1:275 — Design saved: window=11 panes=5
[2026-07-09 14:10:12] INFO     v1:275 — Design saved: window=11 panes=5
[2026-07-09 14:10:13] INFO     __init__:96 — 404 Not Found — GET /favicon.ico
[2026-07-09 14:10:14] INFO     v1:275 — Design saved: window=11 panes=5
[2026-07-09 14:10:15] INFO     v1:275 — Design saved: window=11 panes=5
[2026-07-09 14:10:17] INFO     v1:275 — Design saved: window=11 panes=5
[2026-07-09 14:10:19] INFO     v1:275 — Design saved: window=11 panes=5
[2026-07-09 14:10:23] INFO     v1:275 — Design saved: window=11 panes=5
[2026-07-09 14:11:20] INFO     v1:275 — Design saved: window=11 panes=5
[2026-07-09 14:11:29] INFO     v1:275 — Design saved: window=11 panes=5
[2026-07-09 14:13:43] INFO     v1:275 — Design saved: window=11 panes=5
[2026-07-09 14:13:44] INFO     v1:275 — Design saved: window=11 panes=5
[2026-07-09 14:30:51] INFO     v1:275 — Design saved: window=11 panes=5
[2026-07-09 14:31:17] INFO     v1:275 — Design saved: window=11 panes=5
[2026-07-09 14:31:19] INFO     v1:275 — Design saved: window=11 panes=5
[2026-07-09 14:31:21] INFO     v1:275 — Design saved: window=11 panes=5
[2026-07-09 14:31:21] INFO     v1:275 — Design saved: window=11 panes=5
[2026-07-09 14:31:21] INFO     v1:275 — Design saved: window=11 panes=5
[2026-07-09 14:31:23] INFO     v1:275 — Design saved: window=12 panes=2
[2026-07-09 14:31:24] INFO     v1:275 — Design saved: window=13 panes=4
[2026-07-09 14:31:36] INFO     v1:275 — Design saved: window=11 panes=5
[2026-07-09 14:31:36] INFO     v1:352 — save_render: window=11 saved 61328 bytes -> E:\quoting_studio\06-07-2026\quoting_studio\uploads\renders\window-11-c1825706.png
[2026-07-09 14:32:49] INFO     __init__:96 — 404 Not Found — GET /favicon.ico
[2026-07-09 14:56:48] INFO     v1:275 — Design saved: window=15 panes=3
[2026-07-09 14:56:49] INFO     v1:275 — Design saved: window=15 panes=3
[2026-07-09 14:56:49] INFO     v1:352 — save_render: window=15 saved 733792 bytes -> E:\quoting_studio\06-07-2026\quoting_studio\uploads\renders\window-15-0890fa9b.png
[2026-07-09 14:58:45] INFO     v1:275 — Design saved: window=15 panes=3
[2026-07-09 14:58:45] INFO     v1:275 — Design saved: window=15 panes=3
[2026-07-09 14:59:01] INFO     v1:275 — Design saved: window=11 panes=5
[2026-07-09 14:59:01] INFO     v1:352 — save_render: window=11 saved 64236 bytes -> E:\quoting_studio\06-07-2026\quoting_studio\uploads\renders\window-11-4115a4e7.png
[2026-07-09 15:10:37] ERROR    pdf_quote:322 — PDF generation error for quote QS-202607-001: cannot load library 'gobject-2.0-0': error 0x7e.  Additionally, ctypes.util.find_library() did not manage to locate a library called 'gobject-2.0-0'
Traceback (most recent call last):
  File "E:\quoting_studio\06-07-2026\quoting_studio\app\services\pdf_quote.py", line 298, in generate_quote_pdf
    from weasyprint import HTML
  File "C:\Users\ADMIN\AppData\Local\Python\pythoncore-3.14-64\Lib\site-packages\weasyprint\__init__.py", line 419, in <module>
    from .css import preprocess_stylesheet  # noqa: I001, E402
    ^^^^^^^^^^^^^^^^^^^^^^^^^^^^^^^^^^^^^^
  File "C:\Users\ADMIN\AppData\Local\Python\pythoncore-3.14-64\Lib\site-packages\weasyprint\css\__init__.py", line 28, in <module>
    from .computed_values import COMPUTER_FUNCTIONS
  File "C:\Users\ADMIN\AppData\Local\Python\pythoncore-3.14-64\Lib\site-packages\weasyprint\css\computed_values.py", line 9, in <module>
    from ..text.ffi import ffi, pango, units_to_double
  File "C:\Users\ADMIN\AppData\Local\Python\pythoncore-3.14-64\Lib\site-packages\weasyprint\text\ffi.py", line 431, in <module>
    gobject = _dlopen(
        ffi, 'gobject-2.0-0', 'gobject-2.0', 'libgobject-2.0-0',
        'libgobject-2.0.so.0', 'libgobject-2.0.dylib', 'libgobject-2.0-0.dll')
  File "C:\Users\ADMIN\AppData\Local\Python\pythoncore-3.14-64\Lib\site-packages\weasyprint\text\ffi.py", line 420, in _dlopen
    return ffi.dlopen(names[0])  # pragma: no cover
           ~~~~~~~~~~^^^^^^^^^^
  File "C:\Users\ADMIN\AppData\Local\Python\pythoncore-3.14-64\Lib\site-packages\cffi\api.py", line 150, in dlopen
    lib, function_cache = _make_ffi_library(self, name, flags)
                          ~~~~~~~~~~~~~~~~~^^^^^^^^^^^^^^^^^^^
  File "C:\Users\ADMIN\AppData\Local\Python\pythoncore-3.14-64\Lib\site-packages\cffi\api.py", line 834, in _make_ffi_library
    backendlib = _load_backend_lib(backend, libname, flags)
  File "C:\Users\ADMIN\AppData\Local\Python\pythoncore-3.14-64\Lib\site-packages\cffi\api.py", line 829, in _load_backend_lib
    raise OSError(msg)
OSError: cannot load library 'gobject-2.0-0': error 0x7e.  Additionally, ctypes.util.find_library() did not manage to locate a library called 'gobject-2.0-0'
[2026-07-09 15:10:37] ERROR    quote:91 — PDF generation failed for quote QS-202607-001: cannot load library 'gobject-2.0-0': error 0x7e.  Additionally, ctypes.util.find_library() did not manage to locate a library called 'gobject-2.0-0'
Traceback (most recent call last):
  File "E:\quoting_studio\06-07-2026\quoting_studio\app\routes\quote.py", line 75, in generate
    pdf_bytes = generate_quote_pdf(
        quote       = quote,
    ...<3 lines>...
        vat_amt     = vat_amt,
    )
  File "E:\quoting_studio\06-07-2026\quoting_studio\app\services\pdf_quote.py", line 298, in generate_quote_pdf
    from weasyprint import HTML
  File "C:\Users\ADMIN\AppData\Local\Python\pythoncore-3.14-64\Lib\site-packages\weasyprint\__init__.py", line 419, in <module>
    from .css import preprocess_stylesheet  # noqa: I001, E402
    ^^^^^^^^^^^^^^^^^^^^^^^^^^^^^^^^^^^^^^
  File "C:\Users\ADMIN\AppData\Local\Python\pythoncore-3.14-64\Lib\site-packages\weasyprint\css\__init__.py", line 28, in <module>
    from .computed_values import COMPUTER_FUNCTIONS
  File "C:\Users\ADMIN\AppData\Local\Python\pythoncore-3.14-64\Lib\site-packages\weasyprint\css\computed_values.py", line 9, in <module>
    from ..text.ffi import ffi, pango, units_to_double
  File "C:\Users\ADMIN\AppData\Local\Python\pythoncore-3.14-64\Lib\site-packages\weasyprint\text\ffi.py", line 431, in <module>
    gobject = _dlopen(
        ffi, 'gobject-2.0-0', 'gobject-2.0', 'libgobject-2.0-0',
        'libgobject-2.0.so.0', 'libgobject-2.0.dylib', 'libgobject-2.0-0.dll')
  File "C:\Users\ADMIN\AppData\Local\Python\pythoncore-3.14-64\Lib\site-packages\weasyprint\text\ffi.py", line 420, in _dlopen
    return ffi.dlopen(names[0])  # pragma: no cover
           ~~~~~~~~~~^^^^^^^^^^
  File "C:\Users\ADMIN\AppData\Local\Python\pythoncore-3.14-64\Lib\site-packages\cffi\api.py", line 150, in dlopen
    lib, function_cache = _make_ffi_library(self, name, flags)
                          ~~~~~~~~~~~~~~~~~^^^^^^^^^^^^^^^^^^^
  File "C:\Users\ADMIN\AppData\Local\Python\pythoncore-3.14-64\Lib\site-packages\cffi\api.py", line 834, in _make_ffi_library
    backendlib = _load_backend_lib(backend, libname, flags)
  File "C:\Users\ADMIN\AppData\Local\Python\pythoncore-3.14-64\Lib\site-packages\cffi\api.py", line 829, in _load_backend_lib
    raise OSError(msg)
OSError: cannot load library 'gobject-2.0-0': error 0x7e.  Additionally, ctypes.util.find_library() did not manage to locate a library called 'gobject-2.0-0'
[2026-07-09 15:10:37] INFO     quote:98 — Quote generated: QS-202607-001 project=7 total=1088.83
[2026-07-09 15:11:06] ERROR    pdf_quote:322 — PDF generation error for quote QS-202607-002: cannot load library 'gobject-2.0-0': error 0x7e.  Additionally, ctypes.util.find_library() did not manage to locate a library called 'gobject-2.0-0'
Traceback (most recent call last):
  File "E:\quoting_studio\06-07-2026\quoting_studio\app\services\pdf_quote.py", line 298, in generate_quote_pdf
    from weasyprint import HTML
  File "C:\Users\ADMIN\AppData\Local\Python\pythoncore-3.14-64\Lib\site-packages\weasyprint\__init__.py", line 419, in <module>
    from .css import preprocess_stylesheet  # noqa: I001, E402
    ^^^^^^^^^^^^^^^^^^^^^^^^^^^^^^^^^^^^^^
  File "C:\Users\ADMIN\AppData\Local\Python\pythoncore-3.14-64\Lib\site-packages\weasyprint\css\__init__.py", line 28, in <module>
    from .computed_values import COMPUTER_FUNCTIONS
  File "C:\Users\ADMIN\AppData\Local\Python\pythoncore-3.14-64\Lib\site-packages\weasyprint\css\computed_values.py", line 9, in <module>
    from ..text.ffi import ffi, pango, units_to_double
  File "C:\Users\ADMIN\AppData\Local\Python\pythoncore-3.14-64\Lib\site-packages\weasyprint\text\ffi.py", line 431, in <module>
    gobject = _dlopen(
        ffi, 'gobject-2.0-0', 'gobject-2.0', 'libgobject-2.0-0',
        'libgobject-2.0.so.0', 'libgobject-2.0.dylib', 'libgobject-2.0-0.dll')
  File "C:\Users\ADMIN\AppData\Local\Python\pythoncore-3.14-64\Lib\site-packages\weasyprint\text\ffi.py", line 420, in _dlopen
    return ffi.dlopen(names[0])  # pragma: no cover
           ~~~~~~~~~~^^^^^^^^^^
  File "C:\Users\ADMIN\AppData\Local\Python\pythoncore-3.14-64\Lib\site-packages\cffi\api.py", line 150, in dlopen
    lib, function_cache = _make_ffi_library(self, name, flags)
                          ~~~~~~~~~~~~~~~~~^^^^^^^^^^^^^^^^^^^
  File "C:\Users\ADMIN\AppData\Local\Python\pythoncore-3.14-64\Lib\site-packages\cffi\api.py", line 834, in _make_ffi_library
    backendlib = _load_backend_lib(backend, libname, flags)
  File "C:\Users\ADMIN\AppData\Local\Python\pythoncore-3.14-64\Lib\site-packages\cffi\api.py", line 829, in _load_backend_lib
    raise OSError(msg)
OSError: cannot load library 'gobject-2.0-0': error 0x7e.  Additionally, ctypes.util.find_library() did not manage to locate a library called 'gobject-2.0-0'
[2026-07-09 15:11:06] ERROR    quote:91 — PDF generation failed for quote QS-202607-002: cannot load library 'gobject-2.0-0': error 0x7e.  Additionally, ctypes.util.find_library() did not manage to locate a library called 'gobject-2.0-0'
Traceback (most recent call last):
  File "E:\quoting_studio\06-07-2026\quoting_studio\app\routes\quote.py", line 75, in generate
    pdf_bytes = generate_quote_pdf(
        quote       = quote,
    ...<3 lines>...
        vat_amt     = vat_amt,
    )
  File "E:\quoting_studio\06-07-2026\quoting_studio\app\services\pdf_quote.py", line 298, in generate_quote_pdf
    from weasyprint import HTML
  File "C:\Users\ADMIN\AppData\Local\Python\pythoncore-3.14-64\Lib\site-packages\weasyprint\__init__.py", line 419, in <module>
    from .css import preprocess_stylesheet  # noqa: I001, E402
    ^^^^^^^^^^^^^^^^^^^^^^^^^^^^^^^^^^^^^^
  File "C:\Users\ADMIN\AppData\Local\Python\pythoncore-3.14-64\Lib\site-packages\weasyprint\css\__init__.py", line 28, in <module>
    from .computed_values import COMPUTER_FUNCTIONS
  File "C:\Users\ADMIN\AppData\Local\Python\pythoncore-3.14-64\Lib\site-packages\weasyprint\css\computed_values.py", line 9, in <module>
    from ..text.ffi import ffi, pango, units_to_double
  File "C:\Users\ADMIN\AppData\Local\Python\pythoncore-3.14-64\Lib\site-packages\weasyprint\text\ffi.py", line 431, in <module>
    gobject = _dlopen(
        ffi, 'gobject-2.0-0', 'gobject-2.0', 'libgobject-2.0-0',
        'libgobject-2.0.so.0', 'libgobject-2.0.dylib', 'libgobject-2.0-0.dll')
  File "C:\Users\ADMIN\AppData\Local\Python\pythoncore-3.14-64\Lib\site-packages\weasyprint\text\ffi.py", line 420, in _dlopen
    return ffi.dlopen(names[0])  # pragma: no cover
           ~~~~~~~~~~^^^^^^^^^^
  File "C:\Users\ADMIN\AppData\Local\Python\pythoncore-3.14-64\Lib\site-packages\cffi\api.py", line 150, in dlopen
    lib, function_cache = _make_ffi_library(self, name, flags)
                          ~~~~~~~~~~~~~~~~~^^^^^^^^^^^^^^^^^^^
  File "C:\Users\ADMIN\AppData\Local\Python\pythoncore-3.14-64\Lib\site-packages\cffi\api.py", line 834, in _make_ffi_library
    backendlib = _load_backend_lib(backend, libname, flags)
  File "C:\Users\ADMIN\AppData\Local\Python\pythoncore-3.14-64\Lib\site-packages\cffi\api.py", line 829, in _load_backend_lib
    raise OSError(msg)
OSError: cannot load library 'gobject-2.0-0': error 0x7e.  Additionally, ctypes.util.find_library() did not manage to locate a library called 'gobject-2.0-0'
[2026-07-09 15:11:06] INFO     quote:98 — Quote generated: QS-202607-002 project=8 total=1076.47
[2026-07-09 15:12:20] ERROR    pdf_quote:322 — PDF generation error for quote QS-202607-002: cannot load library 'gobject-2.0-0': error 0x7e.  Additionally, ctypes.util.find_library() did not manage to locate a library called 'gobject-2.0-0'
Traceback (most recent call last):
  File "E:\quoting_studio\06-07-2026\quoting_studio\app\services\pdf_quote.py", line 298, in generate_quote_pdf
    from weasyprint import HTML
  File "C:\Users\ADMIN\AppData\Local\Python\pythoncore-3.14-64\Lib\site-packages\weasyprint\__init__.py", line 419, in <module>
    from .css import preprocess_stylesheet  # noqa: I001, E402
    ^^^^^^^^^^^^^^^^^^^^^^^^^^^^^^^^^^^^^^
  File "C:\Users\ADMIN\AppData\Local\Python\pythoncore-3.14-64\Lib\site-packages\weasyprint\css\__init__.py", line 28, in <module>
    from .computed_values import COMPUTER_FUNCTIONS
  File "C:\Users\ADMIN\AppData\Local\Python\pythoncore-3.14-64\Lib\site-packages\weasyprint\css\computed_values.py", line 9, in <module>
    from ..text.ffi import ffi, pango, units_to_double
  File "C:\Users\ADMIN\AppData\Local\Python\pythoncore-3.14-64\Lib\site-packages\weasyprint\text\ffi.py", line 431, in <module>
    gobject = _dlopen(
        ffi, 'gobject-2.0-0', 'gobject-2.0', 'libgobject-2.0-0',
        'libgobject-2.0.so.0', 'libgobject-2.0.dylib', 'libgobject-2.0-0.dll')
  File "C:\Users\ADMIN\AppData\Local\Python\pythoncore-3.14-64\Lib\site-packages\weasyprint\text\ffi.py", line 420, in _dlopen
    return ffi.dlopen(names[0])  # pragma: no cover
           ~~~~~~~~~~^^^^^^^^^^
  File "C:\Users\ADMIN\AppData\Local\Python\pythoncore-3.14-64\Lib\site-packages\cffi\api.py", line 150, in dlopen
    lib, function_cache = _make_ffi_library(self, name, flags)
                          ~~~~~~~~~~~~~~~~~^^^^^^^^^^^^^^^^^^^
  File "C:\Users\ADMIN\AppData\Local\Python\pythoncore-3.14-64\Lib\site-packages\cffi\api.py", line 834, in _make_ffi_library
    backendlib = _load_backend_lib(backend, libname, flags)
  File "C:\Users\ADMIN\AppData\Local\Python\pythoncore-3.14-64\Lib\site-packages\cffi\api.py", line 829, in _load_backend_lib
    raise OSError(msg)
OSError: cannot load library 'gobject-2.0-0': error 0x7e.  Additionally, ctypes.util.find_library() did not manage to locate a library called 'gobject-2.0-0'
[2026-07-09 15:12:20] ERROR    quote:218 — download_pdf error quote=8: cannot load library 'gobject-2.0-0': error 0x7e.  Additionally, ctypes.util.find_library() did not manage to locate a library called 'gobject-2.0-0'
Traceback (most recent call last):
  File "E:\quoting_studio\06-07-2026\quoting_studio\app\routes\quote.py", line 204, in download_pdf
    pdf_bytes = generate_quote_pdf(
        quote=quote, project=project, tenant=current_user.tenant,
        window_lines=window_lines, vat_amt=quote.vat_amount,
    )
  File "E:\quoting_studio\06-07-2026\quoting_studio\app\services\pdf_quote.py", line 298, in generate_quote_pdf
    from weasyprint import HTML
  File "C:\Users\ADMIN\AppData\Local\Python\pythoncore-3.14-64\Lib\site-packages\weasyprint\__init__.py", line 419, in <module>
    from .css import preprocess_stylesheet  # noqa: I001, E402
    ^^^^^^^^^^^^^^^^^^^^^^^^^^^^^^^^^^^^^^
  File "C:\Users\ADMIN\AppData\Local\Python\pythoncore-3.14-64\Lib\site-packages\weasyprint\css\__init__.py", line 28, in <module>
    from .computed_values import COMPUTER_FUNCTIONS
  File "C:\Users\ADMIN\AppData\Local\Python\pythoncore-3.14-64\Lib\site-packages\weasyprint\css\computed_values.py", line 9, in <module>
    from ..text.ffi import ffi, pango, units_to_double
  File "C:\Users\ADMIN\AppData\Local\Python\pythoncore-3.14-64\Lib\site-packages\weasyprint\text\ffi.py", line 431, in <module>
    gobject = _dlopen(
        ffi, 'gobject-2.0-0', 'gobject-2.0', 'libgobject-2.0-0',
        'libgobject-2.0.so.0', 'libgobject-2.0.dylib', 'libgobject-2.0-0.dll')
  File "C:\Users\ADMIN\AppData\Local\Python\pythoncore-3.14-64\Lib\site-packages\weasyprint\text\ffi.py", line 420, in _dlopen
    return ffi.dlopen(names[0])  # pragma: no cover
           ~~~~~~~~~~^^^^^^^^^^
  File "C:\Users\ADMIN\AppData\Local\Python\pythoncore-3.14-64\Lib\site-packages\cffi\api.py", line 150, in dlopen
    lib, function_cache = _make_ffi_library(self, name, flags)
                          ~~~~~~~~~~~~~~~~~^^^^^^^^^^^^^^^^^^^
  File "C:\Users\ADMIN\AppData\Local\Python\pythoncore-3.14-64\Lib\site-packages\cffi\api.py", line 834, in _make_ffi_library
    backendlib = _load_backend_lib(backend, libname, flags)
  File "C:\Users\ADMIN\AppData\Local\Python\pythoncore-3.14-64\Lib\site-packages\cffi\api.py", line 829, in _load_backend_lib
    raise OSError(msg)
OSError: cannot load library 'gobject-2.0-0': error 0x7e.  Additionally, ctypes.util.find_library() did not manage to locate a library called 'gobject-2.0-0'
[2026-07-09 15:13:30] INFO     quote:236 — Quote marked sent: QS-202607-002
[2026-07-09 15:13:43] INFO     auth:130 — Logout: aniket@gmail.com
[2026-07-09 15:13:48] INFO     auth:32 — Login success: aniket@gmail.com (tenant=1)
[2026-07-09 15:14:40] INFO     projects:228 — Window added: id=16 project=8 label=
[2026-07-09 15:14:43] INFO     v1:275 — Design saved: window=16 panes=1
[2026-07-09 15:14:50] INFO     v1:275 — Design saved: window=16 panes=1
[2026-07-09 15:14:52] INFO     v1:275 — Design saved: window=16 panes=1
[2026-07-09 15:14:53] INFO     v1:275 — Design saved: window=16 panes=2
[2026-07-09 15:14:57] INFO     v1:275 — Design saved: window=16 panes=4
[2026-07-09 15:15:02] INFO     v1:275 — Design saved: window=16 panes=2
[2026-07-09 15:15:04] INFO     v1:275 — Design saved: window=16 panes=3
[2026-07-09 15:15:45] INFO     v1:275 — Design saved: window=16 panes=3
[2026-07-09 15:16:43] INFO     v1:275 — Design saved: window=16 panes=3
[2026-07-09 15:16:45] INFO     v1:275 — Design saved: window=16 panes=3
[2026-07-09 15:16:47] INFO     v1:275 — Design saved: window=16 panes=3
[2026-07-09 15:16:49] INFO     v1:275 — Design saved: window=16 panes=3
[2026-07-09 15:17:40] INFO     v1:275 — Design saved: window=16 panes=3
[2026-07-09 15:18:09] INFO     v1:275 — Design saved: window=16 panes=3
[2026-07-09 15:18:55] INFO     v1:275 — Design saved: window=16 panes=3
[2026-07-09 15:19:04] INFO     v1:275 — Design saved: window=16 panes=3
[2026-07-09 15:19:26] INFO     v1:275 — Design saved: window=16 panes=3
[2026-07-09 15:19:29] INFO     v1:275 — Design saved: window=16 panes=3
[2026-07-09 15:19:35] INFO     v1:275 — Design saved: window=16 panes=3
[2026-07-09 15:19:40] INFO     v1:275 — Design saved: window=16 panes=3
[2026-07-09 15:19:44] INFO     v1:275 — Design saved: window=16 panes=3
[2026-07-09 15:19:46] INFO     v1:275 — Design saved: window=16 panes=3
[2026-07-09 15:19:50] INFO     v1:275 — Design saved: window=16 panes=3
[2026-07-09 15:20:52] INFO     v1:275 — Design saved: window=16 panes=3
[2026-07-09 15:23:56] INFO     v1:275 — Design saved: window=16 panes=3
[2026-07-09 15:29:12] INFO     v1:275 — Design saved: window=16 panes=3
[2026-07-09 15:29:12] INFO     v1:352 — save_render: window=16 saved 724854 bytes -> E:\quoting_studio\06-07-2026\quoting_studio\uploads\renders\window-16-9bc2817a.png
[2026-07-09 15:29:12] INFO     v1:275 — Design saved: window=16 panes=3
[2026-07-09 15:29:12] INFO     v1:275 — Design saved: window=16 panes=3
[2026-07-09 15:56:25] INFO     projects:228 — Window added: id=17 project=8 label=
[2026-07-09 15:56:27] INFO     v1:275 — Design saved: window=17 panes=1
[2026-07-09 15:56:29] INFO     v1:275 — Design saved: window=17 panes=1
[2026-07-09 15:56:31] INFO     v1:275 — Design saved: window=17 panes=1
[2026-07-09 15:56:43] INFO     v1:275 — Design saved: window=17 panes=1
[2026-07-09 15:56:46] INFO     v1:275 — Design saved: window=17 panes=1
[2026-07-09 15:56:49] INFO     v1:275 — Design saved: window=17 panes=1
[2026-07-09 15:56:51] INFO     v1:275 — Design saved: window=17 panes=1
[2026-07-09 15:56:52] INFO     v1:275 — Design saved: window=17 panes=1
[2026-07-09 15:56:54] INFO     v1:275 — Design saved: window=17 panes=1
[2026-07-09 15:56:56] INFO     v1:275 — Design saved: window=17 panes=1
[2026-07-09 15:57:02] INFO     v1:275 — Design saved: window=17 panes=2
[2026-07-09 15:57:04] INFO     v1:275 — Design saved: window=17 panes=3
[2026-07-09 15:57:15] INFO     v1:275 — Design saved: window=17 panes=3
[2026-07-09 15:57:16] INFO     v1:275 — Design saved: window=17 panes=3
[2026-07-09 15:57:16] INFO     v1:352 — save_render: window=17 saved 733792 bytes -> E:\quoting_studio\06-07-2026\quoting_studio\uploads\renders\window-17-2e5da16c.png
[2026-07-09 15:57:16] INFO     v1:275 — Design saved: window=17 panes=3
[2026-07-09 15:57:16] INFO     v1:275 — Design saved: window=17 panes=3
[2026-07-09 16:00:10] INFO     v1:219 — 3D export: window=17 fmt=glb method=extrude bytes=3548
[2026-07-09 16:00:27] INFO     v1:219 — 3D export: window=17 fmt=step method=extrude bytes=124395
[2026-07-09 16:01:28] ERROR    pdf_quote:322 — PDF generation error for quote QS-202607-003: cannot load library 'gobject-2.0-0': error 0x7e.  Additionally, ctypes.util.find_library() did not manage to locate a library called 'gobject-2.0-0'
Traceback (most recent call last):
  File "E:\quoting_studio\06-07-2026\quoting_studio\app\services\pdf_quote.py", line 298, in generate_quote_pdf
    from weasyprint import HTML
  File "C:\Users\ADMIN\AppData\Local\Python\pythoncore-3.14-64\Lib\site-packages\weasyprint\__init__.py", line 419, in <module>
    from .css import preprocess_stylesheet  # noqa: I001, E402
    ^^^^^^^^^^^^^^^^^^^^^^^^^^^^^^^^^^^^^^
  File "C:\Users\ADMIN\AppData\Local\Python\pythoncore-3.14-64\Lib\site-packages\weasyprint\css\__init__.py", line 28, in <module>
    from .computed_values import COMPUTER_FUNCTIONS
  File "C:\Users\ADMIN\AppData\Local\Python\pythoncore-3.14-64\Lib\site-packages\weasyprint\css\computed_values.py", line 9, in <module>
    from ..text.ffi import ffi, pango, units_to_double
  File "C:\Users\ADMIN\AppData\Local\Python\pythoncore-3.14-64\Lib\site-packages\weasyprint\text\ffi.py", line 431, in <module>
    gobject = _dlopen(
        ffi, 'gobject-2.0-0', 'gobject-2.0', 'libgobject-2.0-0',
        'libgobject-2.0.so.0', 'libgobject-2.0.dylib', 'libgobject-2.0-0.dll')
  File "C:\Users\ADMIN\AppData\Local\Python\pythoncore-3.14-64\Lib\site-packages\weasyprint\text\ffi.py", line 420, in _dlopen
    return ffi.dlopen(names[0])  # pragma: no cover
           ~~~~~~~~~~^^^^^^^^^^
  File "C:\Users\ADMIN\AppData\Local\Python\pythoncore-3.14-64\Lib\site-packages\cffi\api.py", line 150, in dlopen
    lib, function_cache = _make_ffi_library(self, name, flags)
                          ~~~~~~~~~~~~~~~~~^^^^^^^^^^^^^^^^^^^
  File "C:\Users\ADMIN\AppData\Local\Python\pythoncore-3.14-64\Lib\site-packages\cffi\api.py", line 834, in _make_ffi_library
    backendlib = _load_backend_lib(backend, libname, flags)
  File "C:\Users\ADMIN\AppData\Local\Python\pythoncore-3.14-64\Lib\site-packages\cffi\api.py", line 829, in _load_backend_lib
    raise OSError(msg)
OSError: cannot load library 'gobject-2.0-0': error 0x7e.  Additionally, ctypes.util.find_library() did not manage to locate a library called 'gobject-2.0-0'
[2026-07-09 16:01:28] ERROR    quote:91 — PDF generation failed for quote QS-202607-003: cannot load library 'gobject-2.0-0': error 0x7e.  Additionally, ctypes.util.find_library() did not manage to locate a library called 'gobject-2.0-0'
Traceback (most recent call last):
  File "E:\quoting_studio\06-07-2026\quoting_studio\app\routes\quote.py", line 75, in generate
    pdf_bytes = generate_quote_pdf(
        quote       = quote,
    ...<3 lines>...
        vat_amt     = vat_amt,
    )
  File "E:\quoting_studio\06-07-2026\quoting_studio\app\services\pdf_quote.py", line 298, in generate_quote_pdf
    from weasyprint import HTML
  File "C:\Users\ADMIN\AppData\Local\Python\pythoncore-3.14-64\Lib\site-packages\weasyprint\__init__.py", line 419, in <module>
    from .css import preprocess_stylesheet  # noqa: I001, E402
    ^^^^^^^^^^^^^^^^^^^^^^^^^^^^^^^^^^^^^^
  File "C:\Users\ADMIN\AppData\Local\Python\pythoncore-3.14-64\Lib\site-packages\weasyprint\css\__init__.py", line 28, in <module>
    from .computed_values import COMPUTER_FUNCTIONS
  File "C:\Users\ADMIN\AppData\Local\Python\pythoncore-3.14-64\Lib\site-packages\weasyprint\css\computed_values.py", line 9, in <module>
    from ..text.ffi import ffi, pango, units_to_double
  File "C:\Users\ADMIN\AppData\Local\Python\pythoncore-3.14-64\Lib\site-packages\weasyprint\text\ffi.py", line 431, in <module>
    gobject = _dlopen(
        ffi, 'gobject-2.0-0', 'gobject-2.0', 'libgobject-2.0-0',
        'libgobject-2.0.so.0', 'libgobject-2.0.dylib', 'libgobject-2.0-0.dll')
  File "C:\Users\ADMIN\AppData\Local\Python\pythoncore-3.14-64\Lib\site-packages\weasyprint\text\ffi.py", line 420, in _dlopen
    return ffi.dlopen(names[0])  # pragma: no cover
           ~~~~~~~~~~^^^^^^^^^^
  File "C:\Users\ADMIN\AppData\Local\Python\pythoncore-3.14-64\Lib\site-packages\cffi\api.py", line 150, in dlopen
    lib, function_cache = _make_ffi_library(self, name, flags)
                          ~~~~~~~~~~~~~~~~~^^^^^^^^^^^^^^^^^^^
  File "C:\Users\ADMIN\AppData\Local\Python\pythoncore-3.14-64\Lib\site-packages\cffi\api.py", line 834, in _make_ffi_library
    backendlib = _load_backend_lib(backend, libname, flags)
  File "C:\Users\ADMIN\AppData\Local\Python\pythoncore-3.14-64\Lib\site-packages\cffi\api.py", line 829, in _load_backend_lib
    raise OSError(msg)
OSError: cannot load library 'gobject-2.0-0': error 0x7e.  Additionally, ctypes.util.find_library() did not manage to locate a library called 'gobject-2.0-0'
[2026-07-09 16:01:28] INFO     quote:98 — Quote generated: QS-202607-003 project=8 total=1910.45
[2026-07-09 16:01:53] INFO     v1:275 — Design saved: window=14 panes=2
[2026-07-09 16:01:54] INFO     v1:275 — Design saved: window=14 panes=2
[2026-07-09 16:01:56] INFO     v1:275 — Design saved: window=14 panes=2
[2026-07-09 16:01:58] INFO     v1:275 — Design saved: window=14 panes=2
[2026-07-09 16:01:59] INFO     v1:275 — Design saved: window=14 panes=2
[2026-07-09 16:01:59] INFO     v1:275 — Design saved: window=14 panes=2
[2026-07-09 16:01:59] INFO     v1:275 — Design saved: window=14 panes=2
[2026-07-09 16:02:00] INFO     v1:275 — Design saved: window=15 panes=3
[2026-07-09 16:02:01] INFO     v1:275 — Design saved: window=16 panes=3
[2026-07-09 16:02:16] INFO     v1:275 — Design saved: window=14 panes=3
[2026-07-09 16:02:20] INFO     v1:275 — Design saved: window=14 panes=4
[2026-07-09 16:02:25] INFO     v1:275 — Design saved: window=14 panes=4
[2026-07-09 16:02:25] INFO     v1:219 — 3D export: window=14 fmt=glb method=extrude bytes=3452
[2026-07-09 16:02:27] INFO     v1:275 — Design saved: window=14 panes=4
[2026-07-09 16:02:52] INFO     v1:219 — 3D export: window=14 fmt=step method=extrude bytes=141192
[2026-07-09 16:30:57] INFO     v1:275 — Design saved: window=17 panes=3
[2026-07-09 16:31:07] INFO     v1:275 — Design saved: window=17 panes=3
[2026-07-09 16:31:12] INFO     v1:275 — Design saved: window=17 panes=3
[2026-07-09 16:31:17] INFO     v1:275 — Design saved: window=17 panes=3
[2026-07-09 16:31:29] INFO     v1:275 — Design saved: window=17 panes=3
[2026-07-09 16:31:39] INFO     v1:275 — Design saved: window=17 panes=3
[2026-07-09 16:31:40] INFO     v1:275 — Design saved: window=17 panes=3
[2026-07-09 16:31:41] INFO     v1:275 — Design saved: window=17 panes=3
[2026-07-09 16:31:42] INFO     v1:275 — Design saved: window=17 panes=3
[2026-07-09 16:31:43] INFO     v1:275 — Design saved: window=17 panes=3
[2026-07-09 16:31:44] INFO     v1:275 — Design saved: window=17 panes=3
[2026-07-09 16:31:46] INFO     v1:275 — Design saved: window=17 panes=3
[2026-07-09 16:31:47] INFO     v1:275 — Design saved: window=17 panes=3
[2026-07-09 16:31:48] INFO     v1:275 — Design saved: window=17 panes=3
[2026-07-09 16:31:51] INFO     v1:275 — Design saved: window=17 panes=3
[2026-07-09 16:32:55] INFO     v1:275 — Design saved: window=17 panes=3
[2026-07-09 16:33:19] INFO     v1:275 — Design saved: window=17 panes=3
[2026-07-09 16:33:24] INFO     v1:275 — Design saved: window=17 panes=3
[2026-07-09 16:33:43] INFO     v1:275 — Design saved: window=17 panes=3
[2026-07-09 16:33:50] INFO     v1:275 — Design saved: window=17 panes=3
[2026-07-09 16:33:54] INFO     v1:275 — Design saved: window=17 panes=3
[2026-07-09 16:34:03] INFO     v1:275 — Design saved: window=17 panes=3
[2026-07-09 16:34:06] INFO     v1:275 — Design saved: window=17 panes=3
[2026-07-09 16:34:09] INFO     v1:275 — Design saved: window=17 panes=3
[2026-07-09 16:34:32] INFO     v1:275 — Design saved: window=17 panes=3
[2026-07-09 16:34:38] INFO     v1:275 — Design saved: window=17 panes=3
[2026-07-09 16:34:39] INFO     v1:275 — Design saved: window=17 panes=3
[2026-07-09 16:34:47] INFO     v1:275 — Design saved: window=17 panes=3
[2026-07-09 16:34:50] INFO     v1:275 — Design saved: window=17 panes=3
[2026-07-09 16:34:50] INFO     v1:352 — save_render: window=17 saved 54943 bytes -> E:\quoting_studio\06-07-2026\quoting_studio\uploads\renders\window-17-194dd205.png
[2026-07-09 16:34:50] INFO     v1:275 — Design saved: window=17 panes=3
[2026-07-09 16:34:50] INFO     v1:275 — Design saved: window=17 panes=3
[2026-07-09 16:35:13] INFO     v1:275 — Design saved: window=14 panes=4
[2026-07-09 16:35:16] INFO     v1:275 — Design saved: window=14 panes=4
[2026-07-09 16:36:35] INFO     v1:219 — 3D export: window=17 fmt=glb method=extrude bytes=6672
[2026-07-09 17:11:56] INFO     logging_config:160 — Quoting Studio — logging initialised (debug=True)
[2026-07-09 17:12:01] INFO     logging_config:160 — Quoting Studio — logging initialised (debug=True)
[2026-07-09 17:12:02] INFO     __init__:96 — 404 Not Found — GET /favicon.ico
[2026-07-09 17:12:06] INFO     __init__:96 — 404 Not Found — GET /favicon.ico
[2026-07-09 17:35:47] ERROR    __init__:121 — Unhandled exception — GET /settings/profiles/create: settings/profile_create.html
Traceback (most recent call last):
  File "C:\Users\ADMIN\AppData\Local\Python\pythoncore-3.14-64\Lib\site-packages\flask\app.py", line 880, in full_dispatch_request
    rv = self.dispatch_request()
  File "C:\Users\ADMIN\AppData\Local\Python\pythoncore-3.14-64\Lib\site-packages\flask\app.py", line 865, in dispatch_request
    return self.ensure_sync(self.view_functions[rule.endpoint])(**view_args)  # type: ignore[no-any-return]
           ~~~~~~~~~~~~~~~~~~~~~~~~~~~~~~~~~~~~~~~~~~~~~~~~~~~~^^^^^^^^^^^^^
  File "C:\Users\ADMIN\AppData\Local\Python\pythoncore-3.14-64\Lib\site-packages\flask_login\utils.py", line 290, in decorated_view
    return current_app.ensure_sync(func)(*args, **kwargs)
           ~~~~~~~~~~~~~~~~~~~~~~~~~~~~~^^^^^^^^^^^^^^^^^
  File "E:\quoting_studio\06-07-2026\quoting_studio\app\routes\settings.py", line 21, in decorated
    return f(*args, **kwargs)
  File "E:\quoting_studio\06-07-2026\quoting_studio\app\routes\settings.py", line 520, in create_profile
    return render_template('settings/profile_create.html',
                           categories=PROFILE_CATEGORIES)
  File "C:\Users\ADMIN\AppData\Local\Python\pythoncore-3.14-64\Lib\site-packages\flask\templating.py", line 149, in render_template
    template = app.jinja_env.get_or_select_template(template_name_or_list)
  File "C:\Users\ADMIN\AppData\Local\Python\pythoncore-3.14-64\Lib\site-packages\jinja2\environment.py", line 1087, in get_or_select_template
    return self.get_template(template_name_or_list, parent, globals)
           ~~~~~~~~~~~~~~~~~^^^^^^^^^^^^^^^^^^^^^^^^^^^^^^^^^^^^^^^^
  File "C:\Users\ADMIN\AppData\Local\Python\pythoncore-3.14-64\Lib\site-packages\jinja2\environment.py", line 1016, in get_template
    return self._load_template(name, globals)
           ~~~~~~~~~~~~~~~~~~~^^^^^^^^^^^^^^^
  File "C:\Users\ADMIN\AppData\Local\Python\pythoncore-3.14-64\Lib\site-packages\jinja2\environment.py", line 975, in _load_template
    template = self.loader.load(self, name, self.make_globals(globals))
  File "C:\Users\ADMIN\AppData\Local\Python\pythoncore-3.14-64\Lib\site-packages\jinja2\loaders.py", line 126, in load
    source, filename, uptodate = self.get_source(environment, name)
                                 ~~~~~~~~~~~~~~~^^^^^^^^^^^^^^^^^^^
  File "C:\Users\ADMIN\AppData\Local\Python\pythoncore-3.14-64\Lib\site-packages\flask\templating.py", line 65, in get_source
    return self._get_source_fast(environment, template)
           ~~~~~~~~~~~~~~~~~~~~~^^^^^^^^^^^^^^^^^^^^^^^
  File "C:\Users\ADMIN\AppData\Local\Python\pythoncore-3.14-64\Lib\site-packages\flask\templating.py", line 99, in _get_source_fast
    raise TemplateNotFound(template)
jinja2.exceptions.TemplateNotFound: settings/profile_create.html
[2026-07-09 17:44:39] INFO     projects:171 — Project updated: id=8
[2026-07-09 17:45:14] INFO     v1:275 — Design saved: window=14 panes=4
[2026-07-09 17:45:21] INFO     v1:275 — Design saved: window=14 panes=4
[2026-07-09 17:45:21] INFO     v1:275 — Design saved: window=14 panes=4
[2026-07-09 17:45:34] INFO     projects:50 — Project created: id=9 customer=TG tenant=1
[2026-07-09 17:45:45] INFO     v1:275 — Design saved: window=18 panes=1
[2026-07-09 17:45:50] INFO     v1:275 — Design saved: window=18 panes=1
[2026-07-09 17:45:50] INFO     v1:275 — Design saved: window=18 panes=1
[2026-07-09 18:16:59] INFO     logging_config:160 — Quoting Studio — logging initialised (debug=True)
[2026-07-09 18:17:01] INFO     __init__:96 — 404 Not Found — GET /favicon.ico
[2026-07-09 18:40:43] INFO     __init__:96 — 404 Not Found — GET /favicon.ico
[2026-07-09 19:04:44] INFO     logging_config:160 — Quoting Studio — logging initialised (debug=True)
[2026-07-09 19:08:33] INFO     logging_config:160 — Quoting Studio — logging initialised (debug=True)
[2026-07-09 19:08:37] INFO     logging_config:160 — Quoting Studio — logging initialised (debug=True)
[2026-07-09 19:08:40] INFO     __init__:96 — 404 Not Found — GET /favicon.ico
[2026-07-09 19:11:45] INFO     __init__:96 — 404 Not Found — GET /.well-known/appspecific/com.chrome.devtools.json
[2026-07-09 19:13:16] INFO     __init__:96 — 404 Not Found — GET /favicon.ico
[2026-07-09 19:14:39] INFO     v1:275 — Design saved: window=18 panes=1
[2026-07-09 19:14:40] INFO     v1:275 — Design saved: window=18 panes=1
[2026-07-09 19:14:41] INFO     v1:275 — Design saved: window=18 panes=1
[2026-07-09 19:14:46] INFO     v1:275 — Design saved: window=18 panes=1
[2026-07-09 19:14:48] INFO     v1:275 — Design saved: window=18 panes=1
[2026-07-09 19:16:27] INFO     v1:275 — Design saved: window=18 panes=1
[2026-07-09 19:16:31] INFO     v1:275 — Design saved: window=18 panes=1
[2026-07-09 19:17:20] INFO     v1:275 — Design saved: window=18 panes=1
[2026-07-09 19:17:20] INFO     v1:275 — Design saved: window=18 panes=1
[2026-07-09 19:17:20] INFO     __init__:96 — 404 Not Found — GET /favicon.ico
[2026-07-09 19:17:26] INFO     v1:275 — Design saved: window=18 panes=2
[2026-07-09 19:17:27] INFO     v1:275 — Design saved: window=18 panes=2
[2026-07-09 19:17:30] INFO     v1:275 — Design saved: window=18 panes=2
[2026-07-09 19:17:30] INFO     v1:275 — Design saved: window=18 panes=2
[2026-07-09 19:17:59] INFO     v1:275 — Design saved: window=14 panes=4
[2026-07-09 19:18:12] INFO     v1:275 — Design saved: window=14 panes=4
[2026-07-09 19:18:24] INFO     logging_config:160 — Quoting Studio — logging initialised (debug=True)
[2026-07-09 19:18:29] INFO     logging_config:160 — Quoting Studio — logging initialised (debug=True)
[2026-07-09 19:18:31] INFO     v1:275 — Design saved: window=14 panes=4
[2026-07-09 19:18:31] INFO     v1:275 — Design saved: window=14 panes=4
[2026-07-09 19:18:31] INFO     __init__:96 — 404 Not Found — GET /favicon.ico
[2026-07-09 19:18:35] INFO     v1:275 — Design saved: window=14 panes=4
[2026-07-09 19:18:39] INFO     v1:275 — Design saved: window=14 panes=2
[2026-07-09 19:18:46] INFO     v1:275 — Design saved: window=14 panes=2
[2026-07-09 19:19:21] INFO     v1:275 — Design saved: window=14 panes=2
[2026-07-09 19:19:21] INFO     v1:275 — Design saved: window=14 panes=2
[2026-07-09 19:19:27] INFO     v1:275 — Design saved: window=16 panes=3
[2026-07-09 19:19:55] INFO     __init__:96 — 404 Not Found — GET /favicon.ico
[2026-07-09 19:20:13] INFO     v1:275 — Design saved: window=14 panes=2
[2026-07-09 19:20:14] INFO     v1:275 — Design saved: window=14 panes=2
[2026-07-09 19:20:36] INFO     v1:275 — Design saved: window=14 panes=2
[2026-07-09 19:22:21] INFO     v1:275 — Design saved: window=14 panes=2
[2026-07-09 19:22:21] INFO     v1:275 — Design saved: window=14 panes=2
[2026-07-09 19:23:03] ERROR    __init__:121 — Unhandled exception — GET /settings/profiles/create: settings/profile_create.html
Traceback (most recent call last):
  File "C:\Users\ADMIN\AppData\Local\Python\pythoncore-3.14-64\Lib\site-packages\flask\app.py", line 880, in full_dispatch_request
    rv = self.dispatch_request()
  File "C:\Users\ADMIN\AppData\Local\Python\pythoncore-3.14-64\Lib\site-packages\flask\app.py", line 865, in dispatch_request
    return self.ensure_sync(self.view_functions[rule.endpoint])(**view_args)  # type: ignore[no-any-return]
           ~~~~~~~~~~~~~~~~~~~~~~~~~~~~~~~~~~~~~~~~~~~~~~~~~~~~^^^^^^^^^^^^^
  File "C:\Users\ADMIN\AppData\Local\Python\pythoncore-3.14-64\Lib\site-packages\flask_login\utils.py", line 290, in decorated_view
    return current_app.ensure_sync(func)(*args, **kwargs)
           ~~~~~~~~~~~~~~~~~~~~~~~~~~~~~^^^^^^^^^^^^^^^^^
  File "E:\quoting_studio\06-07-2026\quoting_studio\app\routes\settings.py", line 21, in decorated
    return f(*args, **kwargs)
  File "E:\quoting_studio\06-07-2026\quoting_studio\app\routes\settings.py", line 520, in create_profile
    return render_template('settings/profile_create.html',
                           categories=PROFILE_CATEGORIES)
  File "C:\Users\ADMIN\AppData\Local\Python\pythoncore-3.14-64\Lib\site-packages\flask\templating.py", line 149, in render_template
    template = app.jinja_env.get_or_select_template(template_name_or_list)
  File "C:\Users\ADMIN\AppData\Local\Python\pythoncore-3.14-64\Lib\site-packages\jinja2\environment.py", line 1087, in get_or_select_template
    return self.get_template(template_name_or_list, parent, globals)
           ~~~~~~~~~~~~~~~~~^^^^^^^^^^^^^^^^^^^^^^^^^^^^^^^^^^^^^^^^
  File "C:\Users\ADMIN\AppData\Local\Python\pythoncore-3.14-64\Lib\site-packages\jinja2\environment.py", line 1016, in get_template
    return self._load_template(name, globals)
           ~~~~~~~~~~~~~~~~~~~^^^^^^^^^^^^^^^
  File "C:\Users\ADMIN\AppData\Local\Python\pythoncore-3.14-64\Lib\site-packages\jinja2\environment.py", line 975, in _load_template
    template = self.loader.load(self, name, self.make_globals(globals))
  File "C:\Users\ADMIN\AppData\Local\Python\pythoncore-3.14-64\Lib\site-packages\jinja2\loaders.py", line 126, in load
    source, filename, uptodate = self.get_source(environment, name)
                                 ~~~~~~~~~~~~~~~^^^^^^^^^^^^^^^^^^^
  File "C:\Users\ADMIN\AppData\Local\Python\pythoncore-3.14-64\Lib\site-packages\flask\templating.py", line 65, in get_source
    return self._get_source_fast(environment, template)
           ~~~~~~~~~~~~~~~~~~~~~^^^^^^^^^^^^^^^^^^^^^^^
  File "C:\Users\ADMIN\AppData\Local\Python\pythoncore-3.14-64\Lib\site-packages\flask\templating.py", line 99, in _get_source_fast
    raise TemplateNotFound(template)
jinja2.exceptions.TemplateNotFound: settings/profile_create.html
[2026-07-09 19:23:09] ERROR    __init__:121 — Unhandled exception — GET /settings/profiles/create: settings/profile_create.html
Traceback (most recent call last):
  File "C:\Users\ADMIN\AppData\Local\Python\pythoncore-3.14-64\Lib\site-packages\flask\app.py", line 880, in full_dispatch_request
    rv = self.dispatch_request()
  File "C:\Users\ADMIN\AppData\Local\Python\pythoncore-3.14-64\Lib\site-packages\flask\app.py", line 865, in dispatch_request
    return self.ensure_sync(self.view_functions[rule.endpoint])(**view_args)  # type: ignore[no-any-return]
           ~~~~~~~~~~~~~~~~~~~~~~~~~~~~~~~~~~~~~~~~~~~~~~~~~~~~^^^^^^^^^^^^^
  File "C:\Users\ADMIN\AppData\Local\Python\pythoncore-3.14-64\Lib\site-packages\flask_login\utils.py", line 290, in decorated_view
    return current_app.ensure_sync(func)(*args, **kwargs)
           ~~~~~~~~~~~~~~~~~~~~~~~~~~~~~^^^^^^^^^^^^^^^^^
  File "E:\quoting_studio\06-07-2026\quoting_studio\app\routes\settings.py", line 21, in decorated
    return f(*args, **kwargs)
  File "E:\quoting_studio\06-07-2026\quoting_studio\app\routes\settings.py", line 520, in create_profile
    return render_template('settings/profile_create.html',
                           categories=PROFILE_CATEGORIES)
  File "C:\Users\ADMIN\AppData\Local\Python\pythoncore-3.14-64\Lib\site-packages\flask\templating.py", line 149, in render_template
    template = app.jinja_env.get_or_select_template(template_name_or_list)
  File "C:\Users\ADMIN\AppData\Local\Python\pythoncore-3.14-64\Lib\site-packages\jinja2\environment.py", line 1087, in get_or_select_template
    return self.get_template(template_name_or_list, parent, globals)
           ~~~~~~~~~~~~~~~~~^^^^^^^^^^^^^^^^^^^^^^^^^^^^^^^^^^^^^^^^
  File "C:\Users\ADMIN\AppData\Local\Python\pythoncore-3.14-64\Lib\site-packages\jinja2\environment.py", line 1016, in get_template
    return self._load_template(name, globals)
           ~~~~~~~~~~~~~~~~~~~^^^^^^^^^^^^^^^
  File "C:\Users\ADMIN\AppData\Local\Python\pythoncore-3.14-64\Lib\site-packages\jinja2\environment.py", line 975, in _load_template
    template = self.loader.load(self, name, self.make_globals(globals))
  File "C:\Users\ADMIN\AppData\Local\Python\pythoncore-3.14-64\Lib\site-packages\jinja2\loaders.py", line 126, in load
    source, filename, uptodate = self.get_source(environment, name)
                                 ~~~~~~~~~~~~~~~^^^^^^^^^^^^^^^^^^^
  File "C:\Users\ADMIN\AppData\Local\Python\pythoncore-3.14-64\Lib\site-packages\flask\templating.py", line 65, in get_source
    return self._get_source_fast(environment, template)
           ~~~~~~~~~~~~~~~~~~~~~^^^^^^^^^^^^^^^^^^^^^^^
  File "C:\Users\ADMIN\AppData\Local\Python\pythoncore-3.14-64\Lib\site-packages\flask\templating.py", line 99, in _get_source_fast
    raise TemplateNotFound(template)
jinja2.exceptions.TemplateNotFound: settings/profile_create.html
[2026-07-09 19:23:21] ERROR    __init__:121 — Unhandled exception — GET /settings/profiles/create: settings/profile_create.html
Traceback (most recent call last):
  File "C:\Users\ADMIN\AppData\Local\Python\pythoncore-3.14-64\Lib\site-packages\flask\app.py", line 880, in full_dispatch_request
    rv = self.dispatch_request()
  File "C:\Users\ADMIN\AppData\Local\Python\pythoncore-3.14-64\Lib\site-packages\flask\app.py", line 865, in dispatch_request
    return self.ensure_sync(self.view_functions[rule.endpoint])(**view_args)  # type: ignore[no-any-return]
           ~~~~~~~~~~~~~~~~~~~~~~~~~~~~~~~~~~~~~~~~~~~~~~~~~~~~^^^^^^^^^^^^^
  File "C:\Users\ADMIN\AppData\Local\Python\pythoncore-3.14-64\Lib\site-packages\flask_login\utils.py", line 290, in decorated_view
    return current_app.ensure_sync(func)(*args, **kwargs)
           ~~~~~~~~~~~~~~~~~~~~~~~~~~~~~^^^^^^^^^^^^^^^^^
  File "E:\quoting_studio\06-07-2026\quoting_studio\app\routes\settings.py", line 21, in decorated
    return f(*args, **kwargs)
  File "E:\quoting_studio\06-07-2026\quoting_studio\app\routes\settings.py", line 520, in create_profile
    return render_template('settings/profile_create.html',
                           categories=PROFILE_CATEGORIES)
  File "C:\Users\ADMIN\AppData\Local\Python\pythoncore-3.14-64\Lib\site-packages\flask\templating.py", line 149, in render_template
    template = app.jinja_env.get_or_select_template(template_name_or_list)
  File "C:\Users\ADMIN\AppData\Local\Python\pythoncore-3.14-64\Lib\site-packages\jinja2\environment.py", line 1087, in get_or_select_template
    return self.get_template(template_name_or_list, parent, globals)
           ~~~~~~~~~~~~~~~~~^^^^^^^^^^^^^^^^^^^^^^^^^^^^^^^^^^^^^^^^
  File "C:\Users\ADMIN\AppData\Local\Python\pythoncore-3.14-64\Lib\site-packages\jinja2\environment.py", line 1016, in get_template
    return self._load_template(name, globals)
           ~~~~~~~~~~~~~~~~~~~^^^^^^^^^^^^^^^
  File "C:\Users\ADMIN\AppData\Local\Python\pythoncore-3.14-64\Lib\site-packages\jinja2\environment.py", line 975, in _load_template
    template = self.loader.load(self, name, self.make_globals(globals))
  File "C:\Users\ADMIN\AppData\Local\Python\pythoncore-3.14-64\Lib\site-packages\jinja2\loaders.py", line 126, in load
    source, filename, uptodate = self.get_source(environment, name)
                                 ~~~~~~~~~~~~~~~^^^^^^^^^^^^^^^^^^^
  File "C:\Users\ADMIN\AppData\Local\Python\pythoncore-3.14-64\Lib\site-packages\flask\templating.py", line 65, in get_source
    return self._get_source_fast(environment, template)
           ~~~~~~~~~~~~~~~~~~~~~^^^^^^^^^^^^^^^^^^^^^^^
  File "C:\Users\ADMIN\AppData\Local\Python\pythoncore-3.14-64\Lib\site-packages\flask\templating.py", line 99, in _get_source_fast
    raise TemplateNotFound(template)
jinja2.exceptions.TemplateNotFound: settings/profile_create.html
[2026-07-09 19:35:35] ERROR    __init__:121 — Unhandled exception — GET /settings/profiles/create: settings/profile_create.html
Traceback (most recent call last):
  File "C:\Users\ADMIN\AppData\Local\Python\pythoncore-3.14-64\Lib\site-packages\flask\app.py", line 880, in full_dispatch_request
    rv = self.dispatch_request()
  File "C:\Users\ADMIN\AppData\Local\Python\pythoncore-3.14-64\Lib\site-packages\flask\app.py", line 865, in dispatch_request
    return self.ensure_sync(self.view_functions[rule.endpoint])(**view_args)  # type: ignore[no-any-return]
           ~~~~~~~~~~~~~~~~~~~~~~~~~~~~~~~~~~~~~~~~~~~~~~~~~~~~^^^^^^^^^^^^^
  File "C:\Users\ADMIN\AppData\Local\Python\pythoncore-3.14-64\Lib\site-packages\flask_login\utils.py", line 290, in decorated_view
    return current_app.ensure_sync(func)(*args, **kwargs)
           ~~~~~~~~~~~~~~~~~~~~~~~~~~~~~^^^^^^^^^^^^^^^^^
  File "E:\quoting_studio\06-07-2026\quoting_studio\app\routes\settings.py", line 21, in decorated
    return f(*args, **kwargs)
  File "E:\quoting_studio\06-07-2026\quoting_studio\app\routes\settings.py", line 520, in create_profile
    return render_template('settings/profile_create.html',
                           categories=PROFILE_CATEGORIES)
  File "C:\Users\ADMIN\AppData\Local\Python\pythoncore-3.14-64\Lib\site-packages\flask\templating.py", line 149, in render_template
    template = app.jinja_env.get_or_select_template(template_name_or_list)
  File "C:\Users\ADMIN\AppData\Local\Python\pythoncore-3.14-64\Lib\site-packages\jinja2\environment.py", line 1087, in get_or_select_template
    return self.get_template(template_name_or_list, parent, globals)
           ~~~~~~~~~~~~~~~~~^^^^^^^^^^^^^^^^^^^^^^^^^^^^^^^^^^^^^^^^
  File "C:\Users\ADMIN\AppData\Local\Python\pythoncore-3.14-64\Lib\site-packages\jinja2\environment.py", line 1016, in get_template
    return self._load_template(name, globals)
           ~~~~~~~~~~~~~~~~~~~^^^^^^^^^^^^^^^
  File "C:\Users\ADMIN\AppData\Local\Python\pythoncore-3.14-64\Lib\site-packages\jinja2\environment.py", line 975, in _load_template
    template = self.loader.load(self, name, self.make_globals(globals))
  File "C:\Users\ADMIN\AppData\Local\Python\pythoncore-3.14-64\Lib\site-packages\jinja2\loaders.py", line 126, in load
    source, filename, uptodate = self.get_source(environment, name)
                                 ~~~~~~~~~~~~~~~^^^^^^^^^^^^^^^^^^^
  File "C:\Users\ADMIN\AppData\Local\Python\pythoncore-3.14-64\Lib\site-packages\flask\templating.py", line 65, in get_source
    return self._get_source_fast(environment, template)
           ~~~~~~~~~~~~~~~~~~~~~^^^^^^^^^^^^^^^^^^^^^^^
  File "C:\Users\ADMIN\AppData\Local\Python\pythoncore-3.14-64\Lib\site-packages\flask\templating.py", line 99, in _get_source_fast
    raise TemplateNotFound(template)
jinja2.exceptions.TemplateNotFound: settings/profile_create.html
[2026-07-10 09:52:05] INFO     logging_config:160 — Quoting Studio — logging initialised (debug=True)
[2026-07-10 09:52:12] INFO     logging_config:160 — Quoting Studio — logging initialised (debug=True)
[2026-07-10 09:52:34] INFO     __init__:96 — 404 Not Found — GET /favicon.ico
[2026-07-10 09:52:48] WARNING  auth:36 — Login failed for email: aniket@gmail.com
[2026-07-10 09:53:40] INFO     auth:32 — Login success: aniket@gmail.com (tenant=1)
[2026-07-10 09:54:56] INFO     logging_config:160 — Quoting Studio — logging initialised (debug=True)
[2026-07-10 09:55:02] INFO     logging_config:160 — Quoting Studio — logging initialised (debug=True)
[2026-07-10 09:55:04] INFO     __init__:96 — 404 Not Found — GET /favicon.ico
[2026-07-10 09:55:24] INFO     v1:275 — Design saved: window=18 panes=2
[2026-07-10 09:55:27] INFO     v1:275 — Design saved: window=18 panes=2
[2026-07-10 09:55:34] INFO     v1:275 — Design saved: window=18 panes=2
[2026-07-10 09:55:35] INFO     v1:275 — Design saved: window=18 panes=2
[2026-07-10 09:55:36] INFO     v1:275 — Design saved: window=18 panes=2
[2026-07-10 09:55:37] INFO     v1:275 — Design saved: window=18 panes=2
[2026-07-10 09:55:44] INFO     v1:275 — Design saved: window=18 panes=2
[2026-07-10 09:55:49] INFO     v1:275 — Design saved: window=18 panes=2
[2026-07-10 09:55:50] INFO     v1:275 — Design saved: window=18 panes=2
[2026-07-10 09:56:02] INFO     v1:275 — Design saved: window=18 panes=2
[2026-07-10 09:56:02] INFO     v1:275 — Design saved: window=18 panes=2
[2026-07-10 09:59:49] INFO     logging_config:160 — Quoting Studio — logging initialised (debug=True)
[2026-07-10 10:03:17] INFO     logging_config:160 — Quoting Studio — logging initialised (debug=True)
[2026-07-10 10:03:21] INFO     logging_config:160 — Quoting Studio — logging initialised (debug=True)
[2026-07-10 10:03:29] INFO     __init__:96 — 404 Not Found — GET /favicon.ico
[2026-07-10 10:03:43] INFO     v1:275 — Design saved: window=18 panes=2
[2026-07-10 10:04:00] INFO     v1:275 — Design saved: window=18 panes=2
[2026-07-10 10:04:02] INFO     v1:275 — Design saved: window=18 panes=2
[2026-07-10 10:04:16] INFO     v1:275 — Design saved: window=18 panes=2
[2026-07-10 10:04:16] INFO     v1:275 — Design saved: window=18 panes=2
[2026-07-10 10:04:29] INFO     projects:37 — Project created: id=10 customer=Harwood tenant=1
[2026-07-10 10:04:29] ERROR    __init__:121 — Unhandled exception — GET /projects/10/add: projects/choose_unit.html
Traceback (most recent call last):
  File "C:\Users\ADMIN\AppData\Local\Python\pythoncore-3.14-64\Lib\site-packages\flask\app.py", line 880, in full_dispatch_request
    rv = self.dispatch_request()
  File "C:\Users\ADMIN\AppData\Local\Python\pythoncore-3.14-64\Lib\site-packages\flask\app.py", line 865, in dispatch_request
    return self.ensure_sync(self.view_functions[rule.endpoint])(**view_args)  # type: ignore[no-any-return]
           ~~~~~~~~~~~~~~~~~~~~~~~~~~~~~~~~~~~~~~~~~~~~~~~~~~~~^^^^^^^^^^^^^
  File "C:\Users\ADMIN\AppData\Local\Python\pythoncore-3.14-64\Lib\site-packages\flask_login\utils.py", line 290, in decorated_view
    return current_app.ensure_sync(func)(*args, **kwargs)
           ~~~~~~~~~~~~~~~~~~~~~~~~~~~~~^^^^^^^^^^^^^^^^^
  File "E:\quoting_studio\06-07-2026\quoting_studio\app\routes\projects.py", line 200, in choose_unit
    return render_template('projects/choose_unit.html', project=project)
  File "C:\Users\ADMIN\AppData\Local\Python\pythoncore-3.14-64\Lib\site-packages\flask\templating.py", line 149, in render_template
    template = app.jinja_env.get_or_select_template(template_name_or_list)
  File "C:\Users\ADMIN\AppData\Local\Python\pythoncore-3.14-64\Lib\site-packages\jinja2\environment.py", line 1087, in get_or_select_template
    return self.get_template(template_name_or_list, parent, globals)
           ~~~~~~~~~~~~~~~~~^^^^^^^^^^^^^^^^^^^^^^^^^^^^^^^^^^^^^^^^
  File "C:\Users\ADMIN\AppData\Local\Python\pythoncore-3.14-64\Lib\site-packages\jinja2\environment.py", line 1016, in get_template
    return self._load_template(name, globals)
           ~~~~~~~~~~~~~~~~~~~^^^^^^^^^^^^^^^
  File "C:\Users\ADMIN\AppData\Local\Python\pythoncore-3.14-64\Lib\site-packages\jinja2\environment.py", line 975, in _load_template
    template = self.loader.load(self, name, self.make_globals(globals))
  File "C:\Users\ADMIN\AppData\Local\Python\pythoncore-3.14-64\Lib\site-packages\jinja2\loaders.py", line 126, in load
    source, filename, uptodate = self.get_source(environment, name)
                                 ~~~~~~~~~~~~~~~^^^^^^^^^^^^^^^^^^^
  File "C:\Users\ADMIN\AppData\Local\Python\pythoncore-3.14-64\Lib\site-packages\flask\templating.py", line 65, in get_source
    return self._get_source_fast(environment, template)
           ~~~~~~~~~~~~~~~~~~~~~^^^^^^^^^^^^^^^^^^^^^^^
  File "C:\Users\ADMIN\AppData\Local\Python\pythoncore-3.14-64\Lib\site-packages\flask\templating.py", line 99, in _get_source_fast
    raise TemplateNotFound(template)
jinja2.exceptions.TemplateNotFound: projects/choose_unit.html
[2026-07-10 10:06:45] ERROR    __init__:121 — Unhandled exception — GET /projects/10/add: projects/choose_unit.html
Traceback (most recent call last):
  File "C:\Users\ADMIN\AppData\Local\Python\pythoncore-3.14-64\Lib\site-packages\flask\app.py", line 880, in full_dispatch_request
    rv = self.dispatch_request()
  File "C:\Users\ADMIN\AppData\Local\Python\pythoncore-3.14-64\Lib\site-packages\flask\app.py", line 865, in dispatch_request
    return self.ensure_sync(self.view_functions[rule.endpoint])(**view_args)  # type: ignore[no-any-return]
           ~~~~~~~~~~~~~~~~~~~~~~~~~~~~~~~~~~~~~~~~~~~~~~~~~~~~^^^^^^^^^^^^^
  File "C:\Users\ADMIN\AppData\Local\Python\pythoncore-3.14-64\Lib\site-packages\flask_login\utils.py", line 290, in decorated_view
    return current_app.ensure_sync(func)(*args, **kwargs)
           ~~~~~~~~~~~~~~~~~~~~~~~~~~~~~^^^^^^^^^^^^^^^^^
  File "E:\quoting_studio\06-07-2026\quoting_studio\app\routes\projects.py", line 200, in choose_unit
    return render_template('projects/choose_unit.html', project=project)
  File "C:\Users\ADMIN\AppData\Local\Python\pythoncore-3.14-64\Lib\site-packages\flask\templating.py", line 149, in render_template
    template = app.jinja_env.get_or_select_template(template_name_or_list)
  File "C:\Users\ADMIN\AppData\Local\Python\pythoncore-3.14-64\Lib\site-packages\jinja2\environment.py", line 1087, in get_or_select_template
    return self.get_template(template_name_or_list, parent, globals)
           ~~~~~~~~~~~~~~~~~^^^^^^^^^^^^^^^^^^^^^^^^^^^^^^^^^^^^^^^^
  File "C:\Users\ADMIN\AppData\Local\Python\pythoncore-3.14-64\Lib\site-packages\jinja2\environment.py", line 1016, in get_template
    return self._load_template(name, globals)
           ~~~~~~~~~~~~~~~~~~~^^^^^^^^^^^^^^^
  File "C:\Users\ADMIN\AppData\Local\Python\pythoncore-3.14-64\Lib\site-packages\jinja2\environment.py", line 975, in _load_template
    template = self.loader.load(self, name, self.make_globals(globals))
  File "C:\Users\ADMIN\AppData\Local\Python\pythoncore-3.14-64\Lib\site-packages\jinja2\loaders.py", line 126, in load
    source, filename, uptodate = self.get_source(environment, name)
                                 ~~~~~~~~~~~~~~~^^^^^^^^^^^^^^^^^^^
  File "C:\Users\ADMIN\AppData\Local\Python\pythoncore-3.14-64\Lib\site-packages\flask\templating.py", line 65, in get_source
    return self._get_source_fast(environment, template)
           ~~~~~~~~~~~~~~~~~~~~~^^^^^^^^^^^^^^^^^^^^^^^
  File "C:\Users\ADMIN\AppData\Local\Python\pythoncore-3.14-64\Lib\site-packages\flask\templating.py", line 99, in _get_source_fast
    raise TemplateNotFound(template)
jinja2.exceptions.TemplateNotFound: projects/choose_unit.html
[2026-07-10 10:06:56] ERROR    __init__:121 — Unhandled exception — GET /projects/10/add: projects/choose_unit.html
Traceback (most recent call last):
  File "C:\Users\ADMIN\AppData\Local\Python\pythoncore-3.14-64\Lib\site-packages\flask\app.py", line 880, in full_dispatch_request
    rv = self.dispatch_request()
  File "C:\Users\ADMIN\AppData\Local\Python\pythoncore-3.14-64\Lib\site-packages\flask\app.py", line 865, in dispatch_request
    return self.ensure_sync(self.view_functions[rule.endpoint])(**view_args)  # type: ignore[no-any-return]
           ~~~~~~~~~~~~~~~~~~~~~~~~~~~~~~~~~~~~~~~~~~~~~~~~~~~~^^^^^^^^^^^^^
  File "C:\Users\ADMIN\AppData\Local\Python\pythoncore-3.14-64\Lib\site-packages\flask_login\utils.py", line 290, in decorated_view
    return current_app.ensure_sync(func)(*args, **kwargs)
           ~~~~~~~~~~~~~~~~~~~~~~~~~~~~~^^^^^^^^^^^^^^^^^
  File "E:\quoting_studio\06-07-2026\quoting_studio\app\routes\projects.py", line 200, in choose_unit
    return render_template('projects/choose_unit.html', project=project)
  File "C:\Users\ADMIN\AppData\Local\Python\pythoncore-3.14-64\Lib\site-packages\flask\templating.py", line 149, in render_template
    template = app.jinja_env.get_or_select_template(template_name_or_list)
  File "C:\Users\ADMIN\AppData\Local\Python\pythoncore-3.14-64\Lib\site-packages\jinja2\environment.py", line 1087, in get_or_select_template
    return self.get_template(template_name_or_list, parent, globals)
           ~~~~~~~~~~~~~~~~~^^^^^^^^^^^^^^^^^^^^^^^^^^^^^^^^^^^^^^^^
  File "C:\Users\ADMIN\AppData\Local\Python\pythoncore-3.14-64\Lib\site-packages\jinja2\environment.py", line 1016, in get_template
    return self._load_template(name, globals)
           ~~~~~~~~~~~~~~~~~~~^^^^^^^^^^^^^^^
  File "C:\Users\ADMIN\AppData\Local\Python\pythoncore-3.14-64\Lib\site-packages\jinja2\environment.py", line 975, in _load_template
    template = self.loader.load(self, name, self.make_globals(globals))
  File "C:\Users\ADMIN\AppData\Local\Python\pythoncore-3.14-64\Lib\site-packages\jinja2\loaders.py", line 126, in load
    source, filename, uptodate = self.get_source(environment, name)
                                 ~~~~~~~~~~~~~~~^^^^^^^^^^^^^^^^^^^
  File "C:\Users\ADMIN\AppData\Local\Python\pythoncore-3.14-64\Lib\site-packages\flask\templating.py", line 65, in get_source
    return self._get_source_fast(environment, template)
           ~~~~~~~~~~~~~~~~~~~~~^^^^^^^^^^^^^^^^^^^^^^^
  File "C:\Users\ADMIN\AppData\Local\Python\pythoncore-3.14-64\Lib\site-packages\flask\templating.py", line 99, in _get_source_fast
    raise TemplateNotFound(template)
jinja2.exceptions.TemplateNotFound: projects/choose_unit.html
[2026-07-10 10:09:22] INFO     logging_config:160 — Quoting Studio — logging initialised (debug=True)
[2026-07-10 10:09:26] INFO     logging_config:160 — Quoting Studio — logging initialised (debug=True)
[2026-07-10 10:09:30] ERROR    __init__:121 — Unhandled exception — GET /projects/10/add: projects/choose_unit.html
Traceback (most recent call last):
  File "C:\Users\ADMIN\AppData\Local\Python\pythoncore-3.14-64\Lib\site-packages\flask\app.py", line 880, in full_dispatch_request
    rv = self.dispatch_request()
  File "C:\Users\ADMIN\AppData\Local\Python\pythoncore-3.14-64\Lib\site-packages\flask\app.py", line 865, in dispatch_request
    return self.ensure_sync(self.view_functions[rule.endpoint])(**view_args)  # type: ignore[no-any-return]
           ~~~~~~~~~~~~~~~~~~~~~~~~~~~~~~~~~~~~~~~~~~~~~~~~~~~~^^^^^^^^^^^^^
  File "C:\Users\ADMIN\AppData\Local\Python\pythoncore-3.14-64\Lib\site-packages\flask_login\utils.py", line 290, in decorated_view
    return current_app.ensure_sync(func)(*args, **kwargs)
           ~~~~~~~~~~~~~~~~~~~~~~~~~~~~~^^^^^^^^^^^^^^^^^
  File "E:\quoting_studio\06-07-2026\quoting_studio\app\routes\projects.py", line 200, in choose_unit
    return render_template('projects/choose_unit.html', project=project)
  File "C:\Users\ADMIN\AppData\Local\Python\pythoncore-3.14-64\Lib\site-packages\flask\templating.py", line 149, in render_template
    template = app.jinja_env.get_or_select_template(template_name_or_list)
  File "C:\Users\ADMIN\AppData\Local\Python\pythoncore-3.14-64\Lib\site-packages\jinja2\environment.py", line 1087, in get_or_select_template
    return self.get_template(template_name_or_list, parent, globals)
           ~~~~~~~~~~~~~~~~~^^^^^^^^^^^^^^^^^^^^^^^^^^^^^^^^^^^^^^^^
  File "C:\Users\ADMIN\AppData\Local\Python\pythoncore-3.14-64\Lib\site-packages\jinja2\environment.py", line 1016, in get_template
    return self._load_template(name, globals)
           ~~~~~~~~~~~~~~~~~~~^^^^^^^^^^^^^^^
  File "C:\Users\ADMIN\AppData\Local\Python\pythoncore-3.14-64\Lib\site-packages\jinja2\environment.py", line 975, in _load_template
    template = self.loader.load(self, name, self.make_globals(globals))
  File "C:\Users\ADMIN\AppData\Local\Python\pythoncore-3.14-64\Lib\site-packages\jinja2\loaders.py", line 126, in load
    source, filename, uptodate = self.get_source(environment, name)
                                 ~~~~~~~~~~~~~~~^^^^^^^^^^^^^^^^^^^
  File "C:\Users\ADMIN\AppData\Local\Python\pythoncore-3.14-64\Lib\site-packages\flask\templating.py", line 65, in get_source
    return self._get_source_fast(environment, template)
           ~~~~~~~~~~~~~~~~~~~~~^^^^^^^^^^^^^^^^^^^^^^^
  File "C:\Users\ADMIN\AppData\Local\Python\pythoncore-3.14-64\Lib\site-packages\flask\templating.py", line 99, in _get_source_fast
    raise TemplateNotFound(template)
jinja2.exceptions.TemplateNotFound: projects/choose_unit.html
[2026-07-10 10:09:30] INFO     __init__:96 — 404 Not Found — GET /favicon.ico
[2026-07-10 10:09:31] ERROR    __init__:121 — Unhandled exception — GET /projects/10/add: projects/choose_unit.html
Traceback (most recent call last):
  File "C:\Users\ADMIN\AppData\Local\Python\pythoncore-3.14-64\Lib\site-packages\flask\app.py", line 880, in full_dispatch_request
    rv = self.dispatch_request()
  File "C:\Users\ADMIN\AppData\Local\Python\pythoncore-3.14-64\Lib\site-packages\flask\app.py", line 865, in dispatch_request
    return self.ensure_sync(self.view_functions[rule.endpoint])(**view_args)  # type: ignore[no-any-return]
           ~~~~~~~~~~~~~~~~~~~~~~~~~~~~~~~~~~~~~~~~~~~~~~~~~~~~^^^^^^^^^^^^^
  File "C:\Users\ADMIN\AppData\Local\Python\pythoncore-3.14-64\Lib\site-packages\flask_login\utils.py", line 290, in decorated_view
    return current_app.ensure_sync(func)(*args, **kwargs)
           ~~~~~~~~~~~~~~~~~~~~~~~~~~~~~^^^^^^^^^^^^^^^^^
  File "E:\quoting_studio\06-07-2026\quoting_studio\app\routes\projects.py", line 200, in choose_unit
    return render_template('projects/choose_unit.html', project=project)
  File "C:\Users\ADMIN\AppData\Local\Python\pythoncore-3.14-64\Lib\site-packages\flask\templating.py", line 149, in render_template
    template = app.jinja_env.get_or_select_template(template_name_or_list)
  File "C:\Users\ADMIN\AppData\Local\Python\pythoncore-3.14-64\Lib\site-packages\jinja2\environment.py", line 1087, in get_or_select_template
    return self.get_template(template_name_or_list, parent, globals)
           ~~~~~~~~~~~~~~~~~^^^^^^^^^^^^^^^^^^^^^^^^^^^^^^^^^^^^^^^^
  File "C:\Users\ADMIN\AppData\Local\Python\pythoncore-3.14-64\Lib\site-packages\jinja2\environment.py", line 1016, in get_template
    return self._load_template(name, globals)
           ~~~~~~~~~~~~~~~~~~~^^^^^^^^^^^^^^^
  File "C:\Users\ADMIN\AppData\Local\Python\pythoncore-3.14-64\Lib\site-packages\jinja2\environment.py", line 975, in _load_template
    template = self.loader.load(self, name, self.make_globals(globals))
  File "C:\Users\ADMIN\AppData\Local\Python\pythoncore-3.14-64\Lib\site-packages\jinja2\loaders.py", line 126, in load
    source, filename, uptodate = self.get_source(environment, name)
                                 ~~~~~~~~~~~~~~~^^^^^^^^^^^^^^^^^^^
  File "C:\Users\ADMIN\AppData\Local\Python\pythoncore-3.14-64\Lib\site-packages\flask\templating.py", line 65, in get_source
    return self._get_source_fast(environment, template)
           ~~~~~~~~~~~~~~~~~~~~~^^^^^^^^^^^^^^^^^^^^^^^
  File "C:\Users\ADMIN\AppData\Local\Python\pythoncore-3.14-64\Lib\site-packages\flask\templating.py", line 99, in _get_source_fast
    raise TemplateNotFound(template)
jinja2.exceptions.TemplateNotFound: projects/choose_unit.html
[2026-07-10 10:09:32] INFO     __init__:96 — 404 Not Found — GET /favicon.ico
[2026-07-10 10:09:32] ERROR    __init__:121 — Unhandled exception — GET /projects/10/add: projects/choose_unit.html
Traceback (most recent call last):
  File "C:\Users\ADMIN\AppData\Local\Python\pythoncore-3.14-64\Lib\site-packages\flask\app.py", line 880, in full_dispatch_request
    rv = self.dispatch_request()
  File "C:\Users\ADMIN\AppData\Local\Python\pythoncore-3.14-64\Lib\site-packages\flask\app.py", line 865, in dispatch_request
    return self.ensure_sync(self.view_functions[rule.endpoint])(**view_args)  # type: ignore[no-any-return]
           ~~~~~~~~~~~~~~~~~~~~~~~~~~~~~~~~~~~~~~~~~~~~~~~~~~~~^^^^^^^^^^^^^
  File "C:\Users\ADMIN\AppData\Local\Python\pythoncore-3.14-64\Lib\site-packages\flask_login\utils.py", line 290, in decorated_view
    return current_app.ensure_sync(func)(*args, **kwargs)
           ~~~~~~~~~~~~~~~~~~~~~~~~~~~~~^^^^^^^^^^^^^^^^^
  File "E:\quoting_studio\06-07-2026\quoting_studio\app\routes\projects.py", line 200, in choose_unit
    return render_template('projects/choose_unit.html', project=project)
  File "C:\Users\ADMIN\AppData\Local\Python\pythoncore-3.14-64\Lib\site-packages\flask\templating.py", line 149, in render_template
    template = app.jinja_env.get_or_select_template(template_name_or_list)
  File "C:\Users\ADMIN\AppData\Local\Python\pythoncore-3.14-64\Lib\site-packages\jinja2\environment.py", line 1087, in get_or_select_template
    return self.get_template(template_name_or_list, parent, globals)
           ~~~~~~~~~~~~~~~~~^^^^^^^^^^^^^^^^^^^^^^^^^^^^^^^^^^^^^^^^
  File "C:\Users\ADMIN\AppData\Local\Python\pythoncore-3.14-64\Lib\site-packages\jinja2\environment.py", line 1016, in get_template
    return self._load_template(name, globals)
           ~~~~~~~~~~~~~~~~~~~^^^^^^^^^^^^^^^
  File "C:\Users\ADMIN\AppData\Local\Python\pythoncore-3.14-64\Lib\site-packages\jinja2\environment.py", line 975, in _load_template
    template = self.loader.load(self, name, self.make_globals(globals))
  File "C:\Users\ADMIN\AppData\Local\Python\pythoncore-3.14-64\Lib\site-packages\jinja2\loaders.py", line 126, in load
    source, filename, uptodate = self.get_source(environment, name)
                                 ~~~~~~~~~~~~~~~^^^^^^^^^^^^^^^^^^^
  File "C:\Users\ADMIN\AppData\Local\Python\pythoncore-3.14-64\Lib\site-packages\flask\templating.py", line 65, in get_source
    return self._get_source_fast(environment, template)
           ~~~~~~~~~~~~~~~~~~~~~^^^^^^^^^^^^^^^^^^^^^^^
  File "C:\Users\ADMIN\AppData\Local\Python\pythoncore-3.14-64\Lib\site-packages\flask\templating.py", line 99, in _get_source_fast
    raise TemplateNotFound(template)
jinja2.exceptions.TemplateNotFound: projects/choose_unit.html
[2026-07-10 10:09:32] INFO     __init__:96 — 404 Not Found — GET /favicon.ico
[2026-07-10 10:09:33] ERROR    __init__:121 — Unhandled exception — GET /projects/10/add: projects/choose_unit.html
Traceback (most recent call last):
  File "C:\Users\ADMIN\AppData\Local\Python\pythoncore-3.14-64\Lib\site-packages\flask\app.py", line 880, in full_dispatch_request
    rv = self.dispatch_request()
  File "C:\Users\ADMIN\AppData\Local\Python\pythoncore-3.14-64\Lib\site-packages\flask\app.py", line 865, in dispatch_request
    return self.ensure_sync(self.view_functions[rule.endpoint])(**view_args)  # type: ignore[no-any-return]
           ~~~~~~~~~~~~~~~~~~~~~~~~~~~~~~~~~~~~~~~~~~~~~~~~~~~~^^^^^^^^^^^^^
  File "C:\Users\ADMIN\AppData\Local\Python\pythoncore-3.14-64\Lib\site-packages\flask_login\utils.py", line 290, in decorated_view
    return current_app.ensure_sync(func)(*args, **kwargs)
           ~~~~~~~~~~~~~~~~~~~~~~~~~~~~~^^^^^^^^^^^^^^^^^
  File "E:\quoting_studio\06-07-2026\quoting_studio\app\routes\projects.py", line 200, in choose_unit
    return render_template('projects/choose_unit.html', project=project)
  File "C:\Users\ADMIN\AppData\Local\Python\pythoncore-3.14-64\Lib\site-packages\flask\templating.py", line 149, in render_template
    template = app.jinja_env.get_or_select_template(template_name_or_list)
  File "C:\Users\ADMIN\AppData\Local\Python\pythoncore-3.14-64\Lib\site-packages\jinja2\environment.py", line 1087, in get_or_select_template
    return self.get_template(template_name_or_list, parent, globals)
           ~~~~~~~~~~~~~~~~~^^^^^^^^^^^^^^^^^^^^^^^^^^^^^^^^^^^^^^^^
  File "C:\Users\ADMIN\AppData\Local\Python\pythoncore-3.14-64\Lib\site-packages\jinja2\environment.py", line 1016, in get_template
    return self._load_template(name, globals)
           ~~~~~~~~~~~~~~~~~~~^^^^^^^^^^^^^^^
  File "C:\Users\ADMIN\AppData\Local\Python\pythoncore-3.14-64\Lib\site-packages\jinja2\environment.py", line 975, in _load_template
    template = self.loader.load(self, name, self.make_globals(globals))
  File "C:\Users\ADMIN\AppData\Local\Python\pythoncore-3.14-64\Lib\site-packages\jinja2\loaders.py", line 126, in load
    source, filename, uptodate = self.get_source(environment, name)
                                 ~~~~~~~~~~~~~~~^^^^^^^^^^^^^^^^^^^
  File "C:\Users\ADMIN\AppData\Local\Python\pythoncore-3.14-64\Lib\site-packages\flask\templating.py", line 65, in get_source
    return self._get_source_fast(environment, template)
           ~~~~~~~~~~~~~~~~~~~~~^^^^^^^^^^^^^^^^^^^^^^^
  File "C:\Users\ADMIN\AppData\Local\Python\pythoncore-3.14-64\Lib\site-packages\flask\templating.py", line 99, in _get_source_fast
    raise TemplateNotFound(template)
jinja2.exceptions.TemplateNotFound: projects/choose_unit.html
[2026-07-10 10:09:33] INFO     __init__:96 — 404 Not Found — GET /favicon.ico
[2026-07-10 10:09:41] INFO     auth:130 — Logout: aniket@gmail.com
[2026-07-10 10:09:43] INFO     auth:32 — Login success: aniket@gmail.com (tenant=1)
[2026-07-10 10:09:48] ERROR    __init__:121 — Unhandled exception — GET /projects/10/add: projects/choose_unit.html
Traceback (most recent call last):
  File "C:\Users\ADMIN\AppData\Local\Python\pythoncore-3.14-64\Lib\site-packages\flask\app.py", line 880, in full_dispatch_request
    rv = self.dispatch_request()
  File "C:\Users\ADMIN\AppData\Local\Python\pythoncore-3.14-64\Lib\site-packages\flask\app.py", line 865, in dispatch_request
    return self.ensure_sync(self.view_functions[rule.endpoint])(**view_args)  # type: ignore[no-any-return]
           ~~~~~~~~~~~~~~~~~~~~~~~~~~~~~~~~~~~~~~~~~~~~~~~~~~~~^^^^^^^^^^^^^
  File "C:\Users\ADMIN\AppData\Local\Python\pythoncore-3.14-64\Lib\site-packages\flask_login\utils.py", line 290, in decorated_view
    return current_app.ensure_sync(func)(*args, **kwargs)
           ~~~~~~~~~~~~~~~~~~~~~~~~~~~~~^^^^^^^^^^^^^^^^^
  File "E:\quoting_studio\06-07-2026\quoting_studio\app\routes\projects.py", line 200, in choose_unit
    return render_template('projects/choose_unit.html', project=project)
  File "C:\Users\ADMIN\AppData\Local\Python\pythoncore-3.14-64\Lib\site-packages\flask\templating.py", line 149, in render_template
    template = app.jinja_env.get_or_select_template(template_name_or_list)
  File "C:\Users\ADMIN\AppData\Local\Python\pythoncore-3.14-64\Lib\site-packages\jinja2\environment.py", line 1087, in get_or_select_template
    return self.get_template(template_name_or_list, parent, globals)
           ~~~~~~~~~~~~~~~~~^^^^^^^^^^^^^^^^^^^^^^^^^^^^^^^^^^^^^^^^
  File "C:\Users\ADMIN\AppData\Local\Python\pythoncore-3.14-64\Lib\site-packages\jinja2\environment.py", line 1016, in get_template
    return self._load_template(name, globals)
           ~~~~~~~~~~~~~~~~~~~^^^^^^^^^^^^^^^
  File "C:\Users\ADMIN\AppData\Local\Python\pythoncore-3.14-64\Lib\site-packages\jinja2\environment.py", line 975, in _load_template
    template = self.loader.load(self, name, self.make_globals(globals))
  File "C:\Users\ADMIN\AppData\Local\Python\pythoncore-3.14-64\Lib\site-packages\jinja2\loaders.py", line 126, in load
    source, filename, uptodate = self.get_source(environment, name)
                                 ~~~~~~~~~~~~~~~^^^^^^^^^^^^^^^^^^^
  File "C:\Users\ADMIN\AppData\Local\Python\pythoncore-3.14-64\Lib\site-packages\flask\templating.py", line 65, in get_source
    return self._get_source_fast(environment, template)
           ~~~~~~~~~~~~~~~~~~~~~^^^^^^^^^^^^^^^^^^^^^^^
  File "C:\Users\ADMIN\AppData\Local\Python\pythoncore-3.14-64\Lib\site-packages\flask\templating.py", line 99, in _get_source_fast
    raise TemplateNotFound(template)
jinja2.exceptions.TemplateNotFound: projects/choose_unit.html
[2026-07-10 10:10:13] ERROR    __init__:121 — Unhandled exception — GET /projects/10/add: projects/choose_unit.html
Traceback (most recent call last):
  File "C:\Users\ADMIN\AppData\Local\Python\pythoncore-3.14-64\Lib\site-packages\flask\app.py", line 880, in full_dispatch_request
    rv = self.dispatch_request()
  File "C:\Users\ADMIN\AppData\Local\Python\pythoncore-3.14-64\Lib\site-packages\flask\app.py", line 865, in dispatch_request
    return self.ensure_sync(self.view_functions[rule.endpoint])(**view_args)  # type: ignore[no-any-return]
           ~~~~~~~~~~~~~~~~~~~~~~~~~~~~~~~~~~~~~~~~~~~~~~~~~~~~^^^^^^^^^^^^^
  File "C:\Users\ADMIN\AppData\Local\Python\pythoncore-3.14-64\Lib\site-packages\flask_login\utils.py", line 290, in decorated_view
    return current_app.ensure_sync(func)(*args, **kwargs)
           ~~~~~~~~~~~~~~~~~~~~~~~~~~~~~^^^^^^^^^^^^^^^^^
  File "E:\quoting_studio\06-07-2026\quoting_studio\app\routes\projects.py", line 200, in choose_unit
    return render_template('projects/choose_unit.html', project=project)
  File "C:\Users\ADMIN\AppData\Local\Python\pythoncore-3.14-64\Lib\site-packages\flask\templating.py", line 149, in render_template
    template = app.jinja_env.get_or_select_template(template_name_or_list)
  File "C:\Users\ADMIN\AppData\Local\Python\pythoncore-3.14-64\Lib\site-packages\jinja2\environment.py", line 1087, in get_or_select_template
    return self.get_template(template_name_or_list, parent, globals)
           ~~~~~~~~~~~~~~~~~^^^^^^^^^^^^^^^^^^^^^^^^^^^^^^^^^^^^^^^^
  File "C:\Users\ADMIN\AppData\Local\Python\pythoncore-3.14-64\Lib\site-packages\jinja2\environment.py", line 1016, in get_template
    return self._load_template(name, globals)
           ~~~~~~~~~~~~~~~~~~~^^^^^^^^^^^^^^^
  File "C:\Users\ADMIN\AppData\Local\Python\pythoncore-3.14-64\Lib\site-packages\jinja2\environment.py", line 975, in _load_template
    template = self.loader.load(self, name, self.make_globals(globals))
  File "C:\Users\ADMIN\AppData\Local\Python\pythoncore-3.14-64\Lib\site-packages\jinja2\loaders.py", line 126, in load
    source, filename, uptodate = self.get_source(environment, name)
                                 ~~~~~~~~~~~~~~~^^^^^^^^^^^^^^^^^^^
  File "C:\Users\ADMIN\AppData\Local\Python\pythoncore-3.14-64\Lib\site-packages\flask\templating.py", line 65, in get_source
    return self._get_source_fast(environment, template)
           ~~~~~~~~~~~~~~~~~~~~~^^^^^^^^^^^^^^^^^^^^^^^
  File "C:\Users\ADMIN\AppData\Local\Python\pythoncore-3.14-64\Lib\site-packages\flask\templating.py", line 99, in _get_source_fast
    raise TemplateNotFound(template)
jinja2.exceptions.TemplateNotFound: projects/choose_unit.html
[2026-07-10 10:11:58] INFO     __init__:96 — 404 Not Found — GET /favicon.ico
[2026-07-10 10:12:08] INFO     auth:130 — Logout: aniket@gmail.com
[2026-07-10 10:12:11] INFO     auth:32 — Login success: aniket@gmail.com (tenant=1)
[2026-07-10 10:12:15] INFO     projects:183 — Project deleted: id=10 tenant=1
[2026-07-10 10:12:22] INFO     projects:37 — Project created: id=11 customer=Harwood tenant=1
[2026-07-10 10:13:11] INFO     logging_config:160 — Quoting Studio — logging initialised (debug=True)
[2026-07-10 10:13:15] INFO     logging_config:160 — Quoting Studio — logging initialised (debug=True)
[2026-07-10 10:16:49] INFO     __init__:96 — 404 Not Found — GET /favicon.ico
[2026-07-10 10:17:18] INFO     projects:340 — Unit added: id=19 project=11 type=door tpl=patioSlide3
[2026-07-10 10:17:41] INFO     v1:275 — Design saved: window=19 panes=2
[2026-07-10 10:17:52] INFO     v1:275 — Design saved: window=19 panes=4
[2026-07-10 10:18:05] INFO     v1:275 — Design saved: window=19 panes=2
[2026-07-10 10:18:14] INFO     v1:275 — Design saved: window=19 panes=2
[2026-07-10 10:18:18] INFO     v1:275 — Design saved: window=19 panes=2
[2026-07-10 10:18:36] INFO     v1:275 — Design saved: window=19 panes=2
[2026-07-10 10:18:41] INFO     v1:275 — Design saved: window=19 panes=2
[2026-07-10 10:18:43] INFO     v1:275 — Design saved: window=19 panes=2
[2026-07-10 10:18:46] INFO     v1:275 — Design saved: window=19 panes=2
[2026-07-10 10:18:48] INFO     v1:275 — Design saved: window=19 panes=2
[2026-07-10 10:18:50] INFO     v1:275 — Design saved: window=19 panes=2
[2026-07-10 10:18:52] INFO     v1:275 — Design saved: window=19 panes=2
[2026-07-10 10:18:54] INFO     v1:275 — Design saved: window=19 panes=2
[2026-07-10 10:19:22] INFO     v1:275 — Design saved: window=19 panes=3
[2026-07-10 10:19:27] INFO     v1:275 — Design saved: window=19 panes=4
[2026-07-10 10:19:39] INFO     v1:275 — Design saved: window=19 panes=4
[2026-07-10 10:19:53] INFO     v1:275 — Design saved: window=19 panes=4
[2026-07-10 10:19:54] INFO     v1:275 — Design saved: window=19 panes=4
[2026-07-10 10:20:49] INFO     v1:275 — Design saved: window=19 panes=4
[2026-07-10 10:21:15] INFO     v1:275 — Design saved: window=19 panes=4
[2026-07-10 10:21:15] INFO     v1:275 — Design saved: window=19 panes=4
[2026-07-10 10:25:45] INFO     __init__:96 — 404 Not Found — GET /favicon.ico
[2026-07-10 10:26:46] INFO     logging_config:160 — Quoting Studio — logging initialised (debug=True)
[2026-07-10 10:26:51] INFO     logging_config:160 — Quoting Studio — logging initialised (debug=True)
[2026-07-10 10:26:52] INFO     __init__:96 — 404 Not Found — GET /favicon.ico
[2026-07-10 10:31:58] INFO     __init__:96 — 404 Not Found — GET /favicon.ico
[2026-07-10 10:32:55] INFO     __init__:96 — 404 Not Found — GET /favicon.ico
[2026-07-10 10:33:21] INFO     __init__:96 — 404 Not Found — GET /favicon.ico
[2026-07-10 10:35:23] INFO     __init__:96 — 404 Not Found — GET /static/favicon.ico
[2026-07-10 10:36:44] INFO     settings:48 — Tenant settings updated: id=1
[2026-07-10 10:36:52] INFO     settings:48 — Tenant settings updated: id=1
[2026-07-10 10:38:59] INFO     settings:48 — Tenant settings updated: id=1
[2026-07-10 10:43:05] INFO     projects:340 — Unit added: id=20 project=11 type=window tpl=sash6over6
[2026-07-10 10:44:57] INFO     v1:275 — Design saved: window=20 panes=2
[2026-07-10 10:45:01] INFO     v1:275 — Design saved: window=20 panes=2
[2026-07-10 10:45:02] INFO     v1:275 — Design saved: window=20 panes=2
[2026-07-10 10:45:03] INFO     v1:275 — Design saved: window=20 panes=2
[2026-07-10 10:45:04] INFO     v1:275 — Design saved: window=20 panes=2
[2026-07-10 10:45:05] INFO     v1:275 — Design saved: window=20 panes=2
[2026-07-10 10:45:07] INFO     v1:275 — Design saved: window=20 panes=2
[2026-07-10 10:45:11] INFO     v1:275 — Design saved: window=20 panes=2
[2026-07-10 10:45:11] INFO     v1:352 — save_render: window=20 saved 34694 bytes -> E:\quoting_studio\06-07-2026\quoting_studio\uploads\renders\window-20-4b39a59e.png
[2026-07-10 10:45:11] INFO     v1:275 — Design saved: window=20 panes=2
[2026-07-10 10:45:11] INFO     v1:275 — Design saved: window=20 panes=2
[2026-07-10 11:10:58] INFO     v1:219 — 3D export: window=20 fmt=step method=extrude bytes=226051
[2026-07-10 11:11:03] INFO     v1:219 — 3D export: window=20 fmt=glb method=extrude bytes=8448
[2026-07-10 11:17:32] INFO     logging_config:160 — Quoting Studio — logging initialised (debug=True)
[2026-07-10 11:17:44] INFO     v1:275 — Design saved: window=20 panes=2
[2026-07-10 11:17:45] INFO     v1:352 — save_render: window=20 saved 33468 bytes -> E:\quoting_studio\06-07-2026\quoting_studio\uploads\renders\window-20.png
[2026-07-10 11:27:07] INFO     v1:275 — Design saved: window=18 panes=2
[2026-07-10 11:27:33] INFO     v1:275 — Design saved: window=18 panes=2
[2026-07-10 11:31:37] INFO     v1:275 — Design saved: window=18 panes=2
[2026-07-10 11:33:44] INFO     v1:275 — Design saved: window=18 panes=2
[2026-07-10 11:38:06] INFO     v1:275 — Design saved: window=18 panes=2
[2026-07-10 11:39:29] INFO     v1:275 — Design saved: window=18 panes=2
[2026-07-10 11:41:14] INFO     v1:275 — Design saved: window=18 panes=2
[2026-07-10 11:41:32] INFO     v1:275 — Design saved: window=18 panes=2
[2026-07-10 11:53:14] INFO     v1:275 — Design saved: window=18 panes=2
[2026-07-10 11:53:16] INFO     v1:275 — Design saved: window=18 panes=2
[2026-07-10 11:53:18] INFO     v1:275 — Design saved: window=18 panes=2
[2026-07-10 11:53:47] INFO     v1:275 — Design saved: window=18 panes=2
[2026-07-10 11:54:03] INFO     v1:275 — Design saved: window=18 panes=2
[2026-07-10 11:55:32] INFO     v1:275 — Design saved: window=18 panes=2
[2026-07-10 11:56:22] INFO     v1:275 — Design saved: window=18 panes=2
[2026-07-10 11:56:54] INFO     v1:275 — Design saved: window=18 panes=2
[2026-07-10 11:57:01] INFO     v1:275 — Design saved: window=18 panes=2
[2026-07-10 11:57:24] INFO     v1:275 — Design saved: window=18 panes=2
[2026-07-10 11:57:27] INFO     v1:275 — Design saved: window=18 panes=2
[2026-07-10 11:57:28] INFO     v1:275 — Design saved: window=18 panes=2
[2026-07-10 11:57:29] INFO     v1:275 — Design saved: window=18 panes=2
[2026-07-10 11:57:31] INFO     v1:275 — Design saved: window=18 panes=2
[2026-07-10 11:57:41] INFO     v1:275 — Design saved: window=18 panes=2
[2026-07-10 11:57:41] INFO     v1:275 — Design saved: window=18 panes=2
[2026-07-10 11:57:50] INFO     projects:340 — Unit added: id=21 project=9 type=door tpl=doorDouble
[2026-07-10 11:58:03] INFO     v1:275 — Design saved: window=21 panes=2
[2026-07-10 11:58:05] INFO     v1:275 — Design saved: window=21 panes=2
[2026-07-10 11:58:06] INFO     v1:275 — Design saved: window=21 panes=2
[2026-07-10 11:58:07] INFO     v1:275 — Design saved: window=21 panes=2
[2026-07-10 11:58:09] INFO     v1:275 — Design saved: window=21 panes=2
[2026-07-10 11:58:34] INFO     v1:275 — Design saved: window=21 panes=2
[2026-07-10 12:00:52] INFO     v1:275 — Design saved: window=21 panes=2
[2026-07-10 12:13:31] INFO     v1:275 — Design saved: window=21 panes=2
[2026-07-10 12:13:43] INFO     v1:275 — Design saved: window=21 panes=2
[2026-07-10 12:17:35] INFO     v1:275 — Design saved: window=21 panes=2
[2026-07-10 12:28:02] INFO     logging_config:160 — Quoting Studio — logging initialised (debug=True)
[2026-07-10 12:28:06] INFO     logging_config:160 — Quoting Studio — logging initialised (debug=True)
[2026-07-10 12:28:11] INFO     v1:275 — Design saved: window=21 panes=2
[2026-07-10 12:28:11] INFO     v1:275 — Design saved: window=21 panes=2
[2026-07-10 12:28:15] INFO     v1:275 — Design saved: window=21 panes=2
[2026-07-10 12:28:16] INFO     v1:275 — Design saved: window=21 panes=2
[2026-07-10 12:28:16] INFO     v1:275 — Design saved: window=21 panes=2
[2026-07-10 12:28:33] INFO     v1:275 — Design saved: window=21 panes=2
[2026-07-10 12:28:35] INFO     v1:275 — Design saved: window=21 panes=2
[2026-07-10 12:28:36] INFO     v1:275 — Design saved: window=21 panes=2
[2026-07-10 12:28:37] INFO     v1:275 — Design saved: window=21 panes=2
[2026-07-10 12:28:39] INFO     v1:275 — Design saved: window=21 panes=2
[2026-07-10 12:28:42] INFO     v1:275 — Design saved: window=21 panes=2
[2026-07-10 12:28:48] INFO     v1:275 — Design saved: window=21 panes=2
[2026-07-10 12:28:48] INFO     v1:275 — Design saved: window=21 panes=2
[2026-07-10 12:28:58] INFO     projects:349 — Unit added: id=22 project=9 type=window tpl=double
[2026-07-10 12:29:00] INFO     v1:275 — Design saved: window=22 panes=2
[2026-07-10 12:29:03] INFO     v1:275 — Design saved: window=22 panes=2
[2026-07-10 12:29:04] INFO     v1:275 — Design saved: window=22 panes=2
[2026-07-10 12:29:04] INFO     v1:275 — Design saved: window=22 panes=2
[2026-07-10 12:29:06] INFO     v1:275 — Design saved: window=22 panes=2
[2026-07-10 12:29:07] INFO     v1:275 — Design saved: window=22 panes=2
[2026-07-10 12:29:09] INFO     v1:275 — Design saved: window=22 panes=2
[2026-07-10 12:29:09] INFO     v1:275 — Design saved: window=22 panes=2
[2026-07-10 12:29:12] INFO     v1:275 — Design saved: window=22 panes=2
[2026-07-10 12:29:12] INFO     v1:275 — Design saved: window=22 panes=2
[2026-07-10 12:29:18] INFO     v1:275 — Design saved: window=22 panes=2
[2026-07-10 12:29:20] INFO     v1:275 — Design saved: window=22 panes=2
[2026-07-10 12:29:27] INFO     v1:275 — Design saved: window=22 panes=2
[2026-07-10 12:29:27] INFO     v1:275 — Design saved: window=22 panes=2
[2026-07-10 12:29:32] INFO     v1:219 — 3D export: window=22 fmt=step method=extrude bytes=78643
[2026-07-10 12:29:47] INFO     auth:130 — Logout: aniket@gmail.com
[2026-07-10 12:29:47] INFO     __init__:96 — 404 Not Found — GET /favicon.ico
[2026-07-10 12:29:49] INFO     auth:32 — Login success: aniket@gmail.com (tenant=1)
[2026-07-10 12:29:57] INFO     v1:275 — Design saved: window=19 panes=4
[2026-07-10 12:29:58] INFO     v1:275 — Design saved: window=19 panes=4
[2026-07-10 12:29:58] INFO     v1:275 — Design saved: window=19 panes=4
[2026-07-10 12:29:58] INFO     v1:275 — Design saved: window=19 panes=4
[2026-07-10 12:30:01] INFO     v1:219 — 3D export: window=20 fmt=step method=extrude bytes=226051
[2026-07-10 12:30:37] INFO     v1:275 — Design saved: window=20 panes=2
[2026-07-10 12:30:38] INFO     v1:275 — Design saved: window=20 panes=2
[2026-07-10 12:30:40] INFO     v1:275 — Design saved: window=20 panes=2
[2026-07-10 12:30:41] INFO     v1:275 — Design saved: window=20 panes=2
[2026-07-10 12:30:42] INFO     v1:275 — Design saved: window=20 panes=2
[2026-07-10 12:30:49] INFO     v1:275 — Design saved: window=20 panes=2
[2026-07-10 12:30:51] INFO     v1:275 — Design saved: window=20 panes=2
[2026-07-10 12:30:51] INFO     v1:275 — Design saved: window=20 panes=2
[2026-07-10 12:30:52] INFO     v1:275 — Design saved: window=20 panes=2
[2026-07-10 12:30:53] INFO     v1:275 — Design saved: window=20 panes=2
[2026-07-10 12:30:56] INFO     v1:275 — Design saved: window=20 panes=2
[2026-07-10 12:30:56] INFO     v1:275 — Design saved: window=20 panes=2
[2026-07-10 12:31:00] INFO     projects:183 — Project deleted: id=9 tenant=1
[2026-07-10 12:31:12] INFO     projects:37 — Project created: id=12 customer=TG tenant=1
[2026-07-10 12:31:18] INFO     projects:349 — Unit added: id=23 project=12 type=door tpl=doorFullGlazed
[2026-07-10 12:31:21] INFO     v1:275 — Design saved: window=23 panes=1
[2026-07-10 12:31:22] INFO     v1:275 — Design saved: window=23 panes=1
[2026-07-10 12:31:22] INFO     v1:275 — Design saved: window=23 panes=1
[2026-07-10 12:31:23] INFO     v1:275 — Design saved: window=23 panes=1
[2026-07-10 12:31:25] INFO     v1:275 — Design saved: window=23 panes=1
[2026-07-10 12:31:26] INFO     v1:275 — Design saved: window=23 panes=1
[2026-07-10 12:31:29] INFO     v1:275 — Design saved: window=23 panes=1
[2026-07-10 12:31:31] INFO     v1:275 — Design saved: window=23 panes=1
[2026-07-10 12:31:33] INFO     v1:219 — 3D export: window=23 fmt=glb method=extrude bytes=1724
[2026-07-10 12:31:53] INFO     v1:275 — Design saved: window=23 panes=1
[2026-07-10 12:31:54] INFO     v1:275 — Design saved: window=23 panes=1
[2026-07-10 12:32:17] INFO     v1:275 — Design saved: window=23 panes=2
[2026-07-10 12:32:20] INFO     v1:275 — Design saved: window=23 panes=2
[2026-07-10 12:32:22] INFO     v1:275 — Design saved: window=23 panes=2
[2026-07-10 12:48:19] INFO     v1:275 — Design saved: window=23 panes=2
[2026-07-10 12:48:33] INFO     v1:275 — Design saved: window=23 panes=2
[2026-07-10 12:48:38] INFO     v1:275 — Design saved: window=23 panes=2
[2026-07-10 12:48:40] INFO     v1:275 — Design saved: window=23 panes=2
[2026-07-10 12:48:51] INFO     v1:275 — Design saved: window=23 panes=2
[2026-07-10 12:48:57] INFO     v1:275 — Design saved: window=23 panes=2
[2026-07-10 12:49:03] INFO     v1:275 — Design saved: window=23 panes=2
[2026-07-10 12:49:16] INFO     v1:275 — Design saved: window=23 panes=2
[2026-07-10 12:49:17] INFO     v1:275 — Design saved: window=23 panes=1
[2026-07-10 12:49:19] INFO     v1:275 — Design saved: window=23 panes=2
[2026-07-10 12:49:20] INFO     v1:275 — Design saved: window=23 panes=1
[2026-07-10 12:49:23] INFO     v1:275 — Design saved: window=23 panes=2
[2026-07-10 12:49:28] INFO     v1:275 — Design saved: window=23 panes=2
[2026-07-10 12:56:23] INFO     v1:275 — Design saved: window=23 panes=1
[2026-07-10 12:56:24] INFO     v1:275 — Design saved: window=23 panes=2
[2026-07-10 12:56:24] INFO     v1:275 — Design saved: window=23 panes=2
[2026-07-10 12:56:35] INFO     v1:275 — Design saved: window=23 panes=1
[2026-07-10 12:56:44] INFO     v1:275 — Design saved: window=23 panes=1
[2026-07-10 12:58:49] INFO     v1:275 — Design saved: window=23 panes=1
[2026-07-10 13:01:11] INFO     v1:275 — Design saved: window=23 panes=1
[2026-07-10 13:01:14] INFO     v1:275 — Design saved: window=23 panes=1
[2026-07-10 14:02:54] WARNING  __init__:82 — 400 Bad Request: 400 Bad Request: The CSRF token has expired. — POST /api/v1/windows/23/design
[2026-07-10 14:03:23] WARNING  __init__:82 — 400 Bad Request: 400 Bad Request: The CSRF token has expired. — POST /api/v1/windows/23/design
[2026-07-10 14:03:40] WARNING  __init__:82 — 400 Bad Request: 400 Bad Request: The CSRF token has expired. — POST /api/v1/windows/23/design
[2026-07-10 14:03:53] WARNING  __init__:82 — 400 Bad Request: 400 Bad Request: The CSRF token has expired. — POST /api/v1/windows/23/design
[2026-07-10 14:04:27] WARNING  __init__:82 — 400 Bad Request: 400 Bad Request: The CSRF token has expired. — POST /api/v1/windows/23/design
[2026-07-10 14:04:38] WARNING  __init__:82 — 400 Bad Request: 400 Bad Request: The CSRF token has expired. — POST /api/v1/windows/23/design
[2026-07-10 14:06:37] WARNING  __init__:82 — 400 Bad Request: 400 Bad Request: The CSRF token has expired. — POST /api/v1/windows/23/design
[2026-07-10 14:07:03] WARNING  __init__:82 — 400 Bad Request: 400 Bad Request: The CSRF token has expired. — POST /api/v1/windows/23/price
[2026-07-10 14:07:03] WARNING  __init__:82 — 400 Bad Request: 400 Bad Request: The CSRF token has expired. — POST /api/v1/windows/23/design
[2026-07-10 14:07:04] WARNING  __init__:82 — 400 Bad Request: 400 Bad Request: The CSRF token has expired. — POST /api/v1/windows/23/price
[2026-07-10 14:07:05] WARNING  __init__:82 — 400 Bad Request: 400 Bad Request: The CSRF token has expired. — POST /api/v1/windows/23/design
[2026-07-10 14:07:08] WARNING  __init__:82 — 400 Bad Request: 400 Bad Request: The CSRF token has expired. — POST /api/v1/windows/23/price
[2026-07-10 14:07:09] WARNING  __init__:82 — 400 Bad Request: 400 Bad Request: The CSRF token has expired. — POST /api/v1/windows/23/design
[2026-07-10 14:07:13] WARNING  __init__:82 — 400 Bad Request: 400 Bad Request: The CSRF token has expired. — POST /api/v1/windows/23/price
[2026-07-10 14:07:13] WARNING  __init__:82 — 400 Bad Request: 400 Bad Request: The CSRF token has expired. — POST /api/v1/windows/23/design
[2026-07-10 14:07:16] WARNING  __init__:82 — 400 Bad Request: 400 Bad Request: The CSRF token has expired. — POST /api/v1/windows/23/design
[2026-07-10 14:08:12] WARNING  __init__:82 — 400 Bad Request: 400 Bad Request: The CSRF token has expired. — POST /api/v1/windows/23/design
[2026-07-10 14:08:15] WARNING  __init__:82 — 400 Bad Request: 400 Bad Request: The CSRF token has expired. — POST /api/v1/windows/23/design
[2026-07-10 14:08:54] WARNING  __init__:82 — 400 Bad Request: 400 Bad Request: The CSRF token has expired. — POST /api/v1/windows/23/design
[2026-07-10 14:09:37] WARNING  __init__:82 — 400 Bad Request: 400 Bad Request: The CSRF token has expired. — POST /api/v1/windows/23/design
[2026-07-10 14:18:34] INFO     logging_config:160 — Quoting Studio — logging initialised (debug=True)
[2026-07-10 14:18:39] INFO     logging_config:160 — Quoting Studio — logging initialised (debug=True)
[2026-07-10 14:18:41] WARNING  __init__:82 — 400 Bad Request: 400 Bad Request: The CSRF token has expired. — POST /api/v1/windows/23/design
[2026-07-10 14:18:41] WARNING  __init__:82 — 400 Bad Request: 400 Bad Request: The CSRF token has expired. — POST /api/v1/windows/23/design
[2026-07-10 14:18:44] INFO     v1:275 — Design saved: window=23 panes=1
[2026-07-10 14:18:45] INFO     v1:275 — Design saved: window=23 panes=1
[2026-07-10 14:18:46] INFO     v1:275 — Design saved: window=23 panes=1
[2026-07-10 14:18:52] INFO     v1:275 — Design saved: window=23 panes=1
[2026-07-10 14:18:52] INFO     v1:275 — Design saved: window=23 panes=1
[2026-07-10 14:18:56] INFO     projects:183 — Project deleted: id=12 tenant=1
[2026-07-10 14:19:01] INFO     projects:37 — Project created: id=13 customer=TG tenant=1
[2026-07-10 14:19:13] INFO     projects:358 — Unit added: id=24 project=13 type=door tpl=doorSingle
[2026-07-10 14:19:19] INFO     v1:275 — Design saved: window=24 panes=1
[2026-07-10 14:19:19] INFO     v1:275 — Design saved: window=24 panes=1
[2026-07-10 14:19:20] INFO     v1:275 — Design saved: window=24 panes=1
[2026-07-10 14:19:21] INFO     v1:275 — Design saved: window=24 panes=1
[2026-07-10 14:19:27] INFO     v1:275 — Design saved: window=24 panes=2
[2026-07-10 14:19:31] INFO     v1:275 — Design saved: window=24 panes=2
[2026-07-10 14:19:37] INFO     v1:275 — Design saved: window=24 panes=2
[2026-07-10 14:19:43] INFO     v1:275 — Design saved: window=24 panes=5
[2026-07-10 14:19:50] INFO     v1:275 — Design saved: window=24 panes=5
[2026-07-10 14:19:54] INFO     v1:275 — Design saved: window=24 panes=6
[2026-07-10 14:19:58] INFO     v1:275 — Design saved: window=24 panes=1
[2026-07-10 14:20:02] INFO     v1:275 — Design saved: window=24 panes=3
[2026-07-10 14:20:14] INFO     v1:275 — Design saved: window=24 panes=3
[2026-07-10 14:20:14] INFO     v1:275 — Design saved: window=24 panes=3
[2026-07-10 14:20:29] INFO     projects:358 — Unit added: id=25 project=13 type=window tpl=double
[2026-07-10 14:21:27] INFO     v1:275 — Design saved: window=24 panes=2
[2026-07-10 14:21:29] INFO     v1:275 — Design saved: window=24 panes=2
[2026-07-10 14:21:38] INFO     v1:275 — Design saved: window=24 panes=2
[2026-07-10 14:25:17] INFO     logging_config:160 — Quoting Studio — logging initialised (debug=True)
[2026-07-10 14:25:22] INFO     logging_config:160 — Quoting Studio — logging initialised (debug=True)
[2026-07-10 14:25:23] INFO     v1:275 — Design saved: window=24 panes=2
[2026-07-10 14:25:23] INFO     v1:275 — Design saved: window=24 panes=2
[2026-07-10 14:25:46] INFO     v1:275 — Design saved: window=25 panes=2
[2026-07-10 14:25:48] INFO     v1:275 — Design saved: window=25 panes=2
[2026-07-10 14:25:49] INFO     v1:275 — Design saved: window=25 panes=2
[2026-07-10 14:25:51] INFO     v1:275 — Design saved: window=25 panes=2
[2026-07-10 14:25:54] INFO     v1:275 — Design saved: window=25 panes=2
[2026-07-10 14:25:56] INFO     v1:275 — Design saved: window=25 panes=2
[2026-07-10 14:26:03] INFO     v1:275 — Design saved: window=25 panes=3
[2026-07-10 14:26:06] INFO     v1:275 — Design saved: window=25 panes=3
[2026-07-10 14:26:08] INFO     v1:275 — Design saved: window=25 panes=3
[2026-07-10 14:26:19] INFO     v1:275 — Design saved: window=25 panes=3
[2026-07-10 14:26:23] INFO     v1:275 — Design saved: window=25 panes=3
[2026-07-10 14:26:23] INFO     v1:352 — save_render: window=25 saved 795951 bytes -> E:\quoting_studio\06-07-2026\quoting_studio\uploads\renders\window-25.png
[2026-07-10 14:26:23] INFO     v1:275 — Design saved: window=25 panes=3
[2026-07-10 14:26:23] INFO     v1:275 — Design saved: window=25 panes=3
[2026-07-10 14:49:05] INFO     v1:275 — Design saved: window=24 panes=2
[2026-07-10 14:49:05] INFO     v1:352 — save_render: window=24 saved 49704 bytes -> E:\quoting_studio\06-07-2026\quoting_studio\uploads\renders\window-24.png
[2026-07-10 14:50:13] INFO     v1:219 — 3D export: window=24 fmt=step method=extrude bytes=78839
[2026-07-10 14:55:14] INFO     v1:275 — Design saved: window=24 panes=2
[2026-07-10 14:55:19] INFO     v1:275 — Design saved: window=24 panes=2
[2026-07-10 14:55:20] INFO     v1:275 — Design saved: window=24 panes=2
[2026-07-10 14:55:23] INFO     v1:275 — Design saved: window=24 panes=2
[2026-07-10 14:55:25] INFO     v1:275 — Design saved: window=24 panes=2
[2026-07-10 14:55:39] INFO     v1:275 — Design saved: window=24 panes=2
[2026-07-10 15:17:02] INFO     logging_config:160 — Quoting Studio — logging initialised (debug=True)
[2026-07-10 15:17:07] INFO     logging_config:160 — Quoting Studio — logging initialised (debug=True)
[2026-07-10 15:17:11] INFO     v1:276 — Design saved: window=24 panes=2
[2026-07-10 15:17:11] INFO     v1:276 — Design saved: window=24 panes=2
[2026-07-10 15:19:16] INFO     v1:276 — Design saved: window=24 panes=2
[2026-07-10 15:19:17] INFO     v1:276 — Design saved: window=24 panes=2
[2026-07-10 15:19:19] INFO     v1:276 — Design saved: window=24 panes=2
[2026-07-10 15:19:20] INFO     v1:276 — Design saved: window=24 panes=2
[2026-07-10 15:19:30] INFO     v1:276 — Design saved: window=24 panes=2
[2026-07-10 15:19:41] INFO     v1:276 — Design saved: window=24 panes=2
[2026-07-10 15:19:50] INFO     v1:276 — Design saved: window=24 panes=3
[2026-07-10 15:19:57] INFO     v1:276 — Design saved: window=24 panes=5
[2026-07-10 15:20:14] INFO     v1:276 — Design saved: window=24 panes=4
[2026-07-10 15:20:18] INFO     v1:276 — Design saved: window=24 panes=4
[2026-07-10 15:20:29] INFO     v1:276 — Design saved: window=24 panes=6
[2026-07-10 15:20:39] INFO     v1:276 — Design saved: window=24 panes=6
[2026-07-10 15:20:44] INFO     v1:276 — Design saved: window=24 panes=2
[2026-07-10 15:20:49] INFO     v1:276 — Design saved: window=24 panes=2
[2026-07-10 15:20:53] INFO     v1:276 — Design saved: window=24 panes=1
[2026-07-10 15:20:57] INFO     v1:276 — Design saved: window=24 panes=1
[2026-07-10 15:21:06] INFO     v1:276 — Design saved: window=24 panes=1
[2026-07-10 15:21:25] INFO     v1:276 — Design saved: window=24 panes=1
[2026-07-10 15:21:40] INFO     v1:276 — Design saved: window=24 panes=1
[2026-07-10 15:21:45] INFO     v1:276 — Design saved: window=24 panes=2
[2026-07-10 15:21:50] INFO     v1:276 — Design saved: window=24 panes=1
[2026-07-10 15:21:53] INFO     v1:276 — Design saved: window=24 panes=3
[2026-07-10 15:21:59] INFO     v1:276 — Design saved: window=24 panes=3
[2026-07-10 15:22:13] INFO     v1:276 — Design saved: window=24 panes=3
[2026-07-10 15:27:35] INFO     v1:276 — Design saved: window=24 panes=3
[2026-07-10 15:34:37] INFO     v1:276 — Design saved: window=24 panes=3
[2026-07-10 15:35:32] INFO     v1:276 — Design saved: window=24 panes=3
[2026-07-10 15:35:41] INFO     v1:276 — Design saved: window=24 panes=3
[2026-07-10 15:35:44] INFO     v1:276 — Design saved: window=24 panes=3
[2026-07-10 15:35:45] INFO     v1:276 — Design saved: window=24 panes=3
[2026-07-10 15:35:59] INFO     v1:276 — Design saved: window=24 panes=3
[2026-07-10 15:36:01] INFO     v1:276 — Design saved: window=24 panes=3
[2026-07-10 15:36:02] INFO     v1:276 — Design saved: window=24 panes=3
[2026-07-10 15:36:05] INFO     v1:276 — Design saved: window=24 panes=3
[2026-07-10 15:36:07] INFO     v1:276 — Design saved: window=24 panes=3
[2026-07-10 15:36:10] INFO     v1:276 — Design saved: window=24 panes=3
[2026-07-10 15:36:12] INFO     v1:276 — Design saved: window=24 panes=3
[2026-07-10 15:36:33] INFO     v1:276 — Design saved: window=24 panes=3
[2026-07-10 15:36:33] INFO     v1:276 — Design saved: window=24 panes=3
[2026-07-10 15:37:16] INFO     v1:276 — Design saved: window=25 panes=4
[2026-07-10 15:37:43] INFO     v1:276 — Design saved: window=25 panes=4
[2026-07-10 15:37:44] INFO     v1:276 — Design saved: window=25 panes=4
[2026-07-10 15:37:59] INFO     v1:276 — Design saved: window=25 panes=4
[2026-07-10 15:38:02] INFO     v1:276 — Design saved: window=25 panes=4
[2026-07-10 15:38:05] INFO     v1:276 — Design saved: window=25 panes=4
[2026-07-10 15:38:05] INFO     v1:276 — Design saved: window=25 panes=4
[2026-07-10 15:43:31] INFO     v1:219 — 3D export: window=25 fmt=step method=extrude bytes=170583
[2026-07-10 15:48:51] INFO     v1:276 — Design saved: window=24 panes=2
[2026-07-10 15:49:10] INFO     logging_config:160 — Quoting Studio — logging initialised (debug=True)
[2026-07-10 15:49:45] INFO     v1:219 — 3D export: window=24 fmt=step method=extrude bytes=78759
[2026-07-10 15:50:32] INFO     v1:276 — Design saved: window=24 panes=2
[2026-07-10 15:50:37] INFO     v1:276 — Design saved: window=24 panes=2
[2026-07-10 15:50:39] INFO     v1:276 — Design saved: window=24 panes=2
[2026-07-10 15:50:40] INFO     v1:276 — Design saved: window=24 panes=2
[2026-07-10 15:50:41] INFO     v1:276 — Design saved: window=24 panes=2
[2026-07-10 15:50:45] INFO     v1:276 — Design saved: window=24 panes=2
[2026-07-10 15:51:08] INFO     v1:276 — Design saved: window=24 panes=2
[2026-07-10 15:51:08] INFO     v1:276 — Design saved: window=24 panes=2
[2026-07-10 15:51:14] INFO     v1:219 — 3D export: window=25 fmt=step method=extrude bytes=170575
[2026-07-10 15:59:14] INFO     v1:276 — Design saved: window=25 panes=5
[2026-07-10 15:59:51] INFO     v1:276 — Design saved: window=25 panes=6
[2026-07-10 15:59:59] INFO     v1:276 — Design saved: window=25 panes=6
[2026-07-10 16:00:02] INFO     v1:276 — Design saved: window=25 panes=2
[2026-07-10 16:00:04] INFO     v1:276 — Design saved: window=25 panes=1
[2026-07-10 16:01:51] INFO     v1:276 — Design saved: window=25 panes=1
[2026-07-10 16:01:51] INFO     v1:276 — Design saved: window=25 panes=1
[2026-07-10 16:05:12] INFO     v1:276 — Design saved: window=11 panes=5
[2026-07-10 16:05:13] INFO     v1:276 — Design saved: window=11 panes=5
[2026-07-10 16:05:14] INFO     v1:276 — Design saved: window=11 panes=5
[2026-07-10 16:05:18] INFO     v1:276 — Design saved: window=11 panes=5
[2026-07-10 16:05:18] INFO     v1:276 — Design saved: window=11 panes=5
[2026-07-10 16:05:24] ERROR    pdf_quote:322 — PDF generation error for quote QS-202607-004: cannot load library 'gobject-2.0-0': error 0x7e.  Additionally, ctypes.util.find_library() did not manage to locate a library called 'gobject-2.0-0'
Traceback (most recent call last):
  File "E:\quoting_studio\06-07-2026\quoting_studio\app\services\pdf_quote.py", line 298, in generate_quote_pdf
    from weasyprint import HTML
  File "C:\Users\ADMIN\AppData\Local\Python\pythoncore-3.14-64\Lib\site-packages\weasyprint\__init__.py", line 419, in <module>
    from .css import preprocess_stylesheet  # noqa: I001, E402
    ^^^^^^^^^^^^^^^^^^^^^^^^^^^^^^^^^^^^^^
  File "C:\Users\ADMIN\AppData\Local\Python\pythoncore-3.14-64\Lib\site-packages\weasyprint\css\__init__.py", line 28, in <module>
    from .computed_values import COMPUTER_FUNCTIONS
  File "C:\Users\ADMIN\AppData\Local\Python\pythoncore-3.14-64\Lib\site-packages\weasyprint\css\computed_values.py", line 9, in <module>
    from ..text.ffi import ffi, pango, units_to_double
  File "C:\Users\ADMIN\AppData\Local\Python\pythoncore-3.14-64\Lib\site-packages\weasyprint\text\ffi.py", line 431, in <module>
    gobject = _dlopen(
        ffi, 'gobject-2.0-0', 'gobject-2.0', 'libgobject-2.0-0',
        'libgobject-2.0.so.0', 'libgobject-2.0.dylib', 'libgobject-2.0-0.dll')
  File "C:\Users\ADMIN\AppData\Local\Python\pythoncore-3.14-64\Lib\site-packages\weasyprint\text\ffi.py", line 420, in _dlopen
    return ffi.dlopen(names[0])  # pragma: no cover
           ~~~~~~~~~~^^^^^^^^^^
  File "C:\Users\ADMIN\AppData\Local\Python\pythoncore-3.14-64\Lib\site-packages\cffi\api.py", line 150, in dlopen
    lib, function_cache = _make_ffi_library(self, name, flags)
                          ~~~~~~~~~~~~~~~~~^^^^^^^^^^^^^^^^^^^
  File "C:\Users\ADMIN\AppData\Local\Python\pythoncore-3.14-64\Lib\site-packages\cffi\api.py", line 834, in _make_ffi_library
    backendlib = _load_backend_lib(backend, libname, flags)
  File "C:\Users\ADMIN\AppData\Local\Python\pythoncore-3.14-64\Lib\site-packages\cffi\api.py", line 829, in _load_backend_lib
    raise OSError(msg)
OSError: cannot load library 'gobject-2.0-0': error 0x7e.  Additionally, ctypes.util.find_library() did not manage to locate a library called 'gobject-2.0-0'
[2026-07-10 16:05:24] ERROR    quote:91 — PDF generation failed for quote QS-202607-004: cannot load library 'gobject-2.0-0': error 0x7e.  Additionally, ctypes.util.find_library() did not manage to locate a library called 'gobject-2.0-0'
Traceback (most recent call last):
  File "E:\quoting_studio\06-07-2026\quoting_studio\app\routes\quote.py", line 75, in generate
    pdf_bytes = generate_quote_pdf(
        quote       = quote,
    ...<3 lines>...
        vat_amt     = vat_amt,
    )
  File "E:\quoting_studio\06-07-2026\quoting_studio\app\services\pdf_quote.py", line 298, in generate_quote_pdf
    from weasyprint import HTML
  File "C:\Users\ADMIN\AppData\Local\Python\pythoncore-3.14-64\Lib\site-packages\weasyprint\__init__.py", line 419, in <module>
    from .css import preprocess_stylesheet  # noqa: I001, E402
    ^^^^^^^^^^^^^^^^^^^^^^^^^^^^^^^^^^^^^^
  File "C:\Users\ADMIN\AppData\Local\Python\pythoncore-3.14-64\Lib\site-packages\weasyprint\css\__init__.py", line 28, in <module>
    from .computed_values import COMPUTER_FUNCTIONS
  File "C:\Users\ADMIN\AppData\Local\Python\pythoncore-3.14-64\Lib\site-packages\weasyprint\css\computed_values.py", line 9, in <module>
    from ..text.ffi import ffi, pango, units_to_double
  File "C:\Users\ADMIN\AppData\Local\Python\pythoncore-3.14-64\Lib\site-packages\weasyprint\text\ffi.py", line 431, in <module>
    gobject = _dlopen(
        ffi, 'gobject-2.0-0', 'gobject-2.0', 'libgobject-2.0-0',
        'libgobject-2.0.so.0', 'libgobject-2.0.dylib', 'libgobject-2.0-0.dll')
  File "C:\Users\ADMIN\AppData\Local\Python\pythoncore-3.14-64\Lib\site-packages\weasyprint\text\ffi.py", line 420, in _dlopen
    return ffi.dlopen(names[0])  # pragma: no cover
           ~~~~~~~~~~^^^^^^^^^^
  File "C:\Users\ADMIN\AppData\Local\Python\pythoncore-3.14-64\Lib\site-packages\cffi\api.py", line 150, in dlopen
    lib, function_cache = _make_ffi_library(self, name, flags)
                          ~~~~~~~~~~~~~~~~~^^^^^^^^^^^^^^^^^^^
  File "C:\Users\ADMIN\AppData\Local\Python\pythoncore-3.14-64\Lib\site-packages\cffi\api.py", line 834, in _make_ffi_library
    backendlib = _load_backend_lib(backend, libname, flags)
  File "C:\Users\ADMIN\AppData\Local\Python\pythoncore-3.14-64\Lib\site-packages\cffi\api.py", line 829, in _load_backend_lib
    raise OSError(msg)
OSError: cannot load library 'gobject-2.0-0': error 0x7e.  Additionally, ctypes.util.find_library() did not manage to locate a library called 'gobject-2.0-0'
[2026-07-10 16:05:24] INFO     quote:98 — Quote generated: QS-202607-004 project=7 total=1088.83
[2026-07-10 16:10:27] INFO     v1:276 — Design saved: window=24 panes=2
[2026-07-10 16:10:29] INFO     v1:276 — Design saved: window=24 panes=2
[2026-07-10 16:10:30] INFO     v1:276 — Design saved: window=24 panes=2
[2026-07-10 16:10:31] INFO     v1:276 — Design saved: window=24 panes=2
[2026-07-10 16:11:51] INFO     v1:276 — Design saved: window=24 panes=2
[2026-07-10 16:12:11] INFO     v1:276 — Design saved: window=24 panes=2
[2026-07-10 16:12:11] INFO     v1:276 — Design saved: window=24 panes=2
[2026-07-10 16:12:21] INFO     v1:276 — Design saved: window=24 panes=2
[2026-07-10 16:12:21] INFO     v1:353 — save_render: window=24 saved 40222 bytes -> E:\quoting_studio\06-07-2026\quoting_studio\uploads\renders\window-24.png
[2026-07-10 16:22:56] INFO     v1:276 — Design saved: window=24 panes=2
[2026-07-10 16:22:56] INFO     v1:353 — save_render: window=24 saved 37101 bytes -> E:\quoting_studio\06-07-2026\quoting_studio\uploads\renders\window-24.png
[2026-07-10 16:29:49] INFO     logging_config:160 — Quoting Studio — logging initialised (debug=True)
[2026-07-10 16:30:55] INFO     logging_config:160 — Quoting Studio — logging initialised (debug=True)
[2026-07-10 16:33:37] INFO     logging_config:160 — Quoting Studio — logging initialised (debug=True)
[2026-07-10 16:33:42] INFO     logging_config:160 — Quoting Studio — logging initialised (debug=True)
[2026-07-10 16:34:00] INFO     v1:276 — Design saved: window=19 panes=4
[2026-07-10 16:34:00] INFO     v1:353 — save_render: window=19 saved 33759 bytes -> E:\quoting_studio\06-07-2026\quoting_studio\uploads\renders\window-19.png
[2026-07-10 16:38:40] INFO     logging_config:160 — Quoting Studio — logging initialised (debug=True)
[2026-07-10 16:38:44] INFO     logging_config:160 — Quoting Studio — logging initialised (debug=True)
[2026-07-10 16:40:11] INFO     __init__:96 — 404 Not Found — GET /favicon.ico
[2026-07-10 16:40:20] INFO     auth:32 — Login success: aniket@gmail.com (tenant=1)
[2026-07-10 16:40:27] INFO     v1:276 — Design saved: window=25 panes=1
[2026-07-10 16:40:27] INFO     v1:353 — save_render: window=25 saved 714260 bytes -> E:\quoting_studio\06-07-2026\quoting_studio\uploads\renders\window-25.png
[2026-07-10 16:45:26] INFO     __init__:96 — 404 Not Found — GET /.well-known/appspecific/com.chrome.devtools.json
[2026-07-10 16:45:26] INFO     __init__:96 — 404 Not Found — GET /.well-known/appspecific/com.chrome.devtools.json
[2026-07-10 16:46:33] INFO     v1:276 — Design saved: window=24 panes=2
[2026-07-10 16:46:33] INFO     v1:353 — save_render: window=24 saved 40222 bytes -> E:\quoting_studio\06-07-2026\quoting_studio\uploads\renders\window-24.png
[2026-07-10 16:51:25] INFO     logging_config:160 — Quoting Studio — logging initialised (debug=True)
[2026-07-10 16:53:35] INFO     logging_config:160 — Quoting Studio — logging initialised (debug=True)
[2026-07-10 16:53:39] INFO     logging_config:160 — Quoting Studio — logging initialised (debug=True)
[2026-07-10 16:55:21] INFO     v1:276 — Design saved: window=11 panes=5
[2026-07-10 16:55:21] INFO     v1:353 — save_render: window=11 saved 62538 bytes -> E:\quoting_studio\06-07-2026\quoting_studio\uploads\renders\window-11.png
[2026-07-10 16:58:03] INFO     logging_config:160 — Quoting Studio — logging initialised (debug=True)
[2026-07-10 17:26:51] INFO     v1:276 — Design saved: window=12 panes=2
[2026-07-10 17:26:51] INFO     v1:353 — save_render: window=12 saved 378259 bytes -> E:\quoting_studio\06-07-2026\quoting_studio\uploads\renders\window-12.png
[2026-07-10 17:39:30] INFO     v1:276 — Design saved: window=19 panes=2
[2026-07-10 17:39:42] INFO     v1:276 — Design saved: window=19 panes=2
[2026-07-10 17:39:42] INFO     v1:276 — Design saved: window=19 panes=2
[2026-07-10 17:39:42] INFO     v1:276 — Design saved: window=19 panes=2
[2026-07-10 17:39:48] INFO     v1:276 — Design saved: window=20 panes=2
[2026-07-10 17:41:49] INFO     v1:219 — 3D export: window=19 fmt=glb method=extrude bytes=2304
[2026-07-10 17:42:16] INFO     v1:219 — 3D export: window=19 fmt=step method=extrude bytes=79140
[2026-07-10 17:43:09] INFO     v1:276 — Design saved: window=19 panes=2
[2026-07-10 17:43:10] INFO     v1:276 — Design saved: window=19 panes=2
[2026-07-10 17:43:13] INFO     v1:276 — Design saved: window=19 panes=2
[2026-07-10 17:43:14] INFO     v1:276 — Design saved: window=19 panes=2
[2026-07-10 17:43:17] INFO     v1:276 — Design saved: window=19 panes=2
[2026-07-10 17:43:18] INFO     v1:276 — Design saved: window=19 panes=2
[2026-07-10 17:43:21] INFO     v1:276 — Design saved: window=19 panes=2
[2026-07-10 17:43:24] INFO     v1:276 — Design saved: window=19 panes=2
[2026-07-10 17:43:25] INFO     v1:276 — Design saved: window=19 panes=2
[2026-07-10 17:43:28] INFO     v1:276 — Design saved: window=19 panes=2
[2026-07-10 17:43:29] INFO     v1:276 — Design saved: window=19 panes=2
[2026-07-10 17:43:30] INFO     v1:276 — Design saved: window=19 panes=2
[2026-07-10 17:43:32] INFO     v1:276 — Design saved: window=19 panes=2
[2026-07-10 17:43:34] INFO     v1:276 — Design saved: window=19 panes=2
[2026-07-10 17:43:36] INFO     v1:276 — Design saved: window=19 panes=2
[2026-07-10 17:43:38] INFO     v1:276 — Design saved: window=19 panes=2
[2026-07-10 17:43:40] INFO     v1:276 — Design saved: window=19 panes=2
[2026-07-10 17:43:49] INFO     v1:276 — Design saved: window=19 panes=2
[2026-07-10 17:43:52] INFO     v1:276 — Design saved: window=19 panes=2
[2026-07-10 17:43:58] INFO     v1:276 — Design saved: window=19 panes=2
[2026-07-10 17:44:03] INFO     v1:276 — Design saved: window=19 panes=2
[2026-07-10 17:44:04] INFO     v1:276 — Design saved: window=19 panes=2
[2026-07-10 17:44:06] INFO     v1:276 — Design saved: window=19 panes=2
[2026-07-10 17:44:07] INFO     v1:276 — Design saved: window=19 panes=2
[2026-07-10 17:44:52] INFO     v1:276 — Design saved: window=19 panes=5
[2026-07-10 17:44:56] INFO     v1:276 — Design saved: window=19 panes=5
[2026-07-10 17:44:57] INFO     v1:276 — Design saved: window=19 panes=5
[2026-07-10 17:44:58] INFO     v1:276 — Design saved: window=19 panes=5
[2026-07-10 17:44:59] INFO     v1:276 — Design saved: window=19 panes=5
[2026-07-10 17:45:13] INFO     v1:276 — Design saved: window=19 panes=5
[2026-07-10 17:45:15] INFO     v1:276 — Design saved: window=19 panes=5
[2026-07-10 17:45:16] INFO     v1:276 — Design saved: window=19 panes=5
[2026-07-10 17:45:39] INFO     v1:276 — Design saved: window=19 panes=5
[2026-07-10 17:45:41] INFO     v1:276 — Design saved: window=19 panes=5
[2026-07-10 17:45:44] INFO     v1:276 — Design saved: window=19 panes=5
[2026-07-10 17:45:44] INFO     v1:276 — Design saved: window=19 panes=5
[2026-07-10 17:48:37] INFO     projects:358 — Unit added: id=26 project=11 type=window tpl=casementTopVent
[2026-07-10 17:48:55] INFO     v1:276 — Design saved: window=26 panes=4
[2026-07-10 17:48:58] INFO     v1:276 — Design saved: window=26 panes=4
[2026-07-10 17:48:59] INFO     v1:276 — Design saved: window=26 panes=4
[2026-07-10 17:49:00] INFO     v1:276 — Design saved: window=26 panes=4
[2026-07-10 17:49:52] INFO     v1:276 — Design saved: window=26 panes=4
[2026-07-10 17:49:55] INFO     v1:276 — Design saved: window=26 panes=4
[2026-07-10 17:49:58] INFO     v1:276 — Design saved: window=26 panes=4
[2026-07-10 17:50:07] INFO     v1:276 — Design saved: window=26 panes=4
[2026-07-10 17:50:28] INFO     v1:276 — Design saved: window=26 panes=4
[2026-07-10 17:51:03] INFO     v1:219 — 3D export: window=26 fmt=glb method=extrude bytes=3452
[2026-07-10 17:56:32] INFO     v1:276 — Design saved: window=26 panes=4
[2026-07-10 17:56:54] INFO     v1:276 — Design saved: window=26 panes=4
[2026-07-10 17:57:12] INFO     v1:276 — Design saved: window=26 panes=4
[2026-07-10 17:57:48] INFO     v1:276 — Design saved: window=26 panes=4
[2026-07-10 17:57:48] INFO     v1:276 — Design saved: window=26 panes=4
[2026-07-13 09:56:04] INFO     logging_config:160 — Quoting Studio — logging initialised (debug=True)
[2026-07-13 09:56:11] INFO     logging_config:160 — Quoting Studio — logging initialised (debug=True)
[2026-07-13 09:57:33] INFO     __init__:96 — 404 Not Found — GET /favicon.ico
[2026-07-13 09:57:42] INFO     auth:32 — Login success: aniket@gmail.com (tenant=1)
[2026-07-13 09:58:34] INFO     projects:37 — Project created: id=14 customer=PG tenant=1
[2026-07-13 09:58:45] INFO     projects:358 — Unit added: id=27 project=14 type=window tpl=triple
[2026-07-13 09:59:02] INFO     projects:358 — Unit added: id=28 project=14 type=door tpl=doorDouble
[2026-07-13 09:59:07] INFO     v1:276 — Design saved: window=28 panes=2
[2026-07-13 09:59:14] INFO     v1:276 — Design saved: window=28 panes=2
[2026-07-13 09:59:27] INFO     v1:276 — Design saved: window=28 panes=2
[2026-07-13 10:00:33] INFO     v1:276 — Design saved: window=28 panes=2
[2026-07-13 10:02:15] INFO     v1:276 — Design saved: window=28 panes=2
[2026-07-13 10:02:15] INFO     v1:276 — Design saved: window=28 panes=2
[2026-07-13 10:02:29] INFO     v1:276 — Design saved: window=28 panes=2
[2026-07-13 10:02:30] INFO     v1:276 — Design saved: window=28 panes=2
[2026-07-13 10:02:31] INFO     v1:276 — Design saved: window=28 panes=2
[2026-07-13 10:02:33] INFO     v1:276 — Design saved: window=28 panes=2
[2026-07-13 10:02:34] INFO     v1:276 — Design saved: window=28 panes=2
[2026-07-13 10:02:35] INFO     v1:276 — Design saved: window=28 panes=2
[2026-07-13 10:02:40] INFO     v1:276 — Design saved: window=28 panes=2
[2026-07-13 10:02:40] INFO     v1:276 — Design saved: window=28 panes=2
[2026-07-13 10:02:44] INFO     projects:183 — Project deleted: id=14 tenant=1
[2026-07-13 10:05:51] INFO     v1:276 — Design saved: window=24 panes=2
[2026-07-13 10:05:52] INFO     v1:276 — Design saved: window=24 panes=2
[2026-07-13 10:05:54] INFO     v1:276 — Design saved: window=24 panes=2
[2026-07-13 10:05:54] INFO     v1:276 — Design saved: window=24 panes=2
[2026-07-13 10:06:06] INFO     v1:276 — Design saved: window=24 panes=3
[2026-07-13 10:06:10] INFO     v1:276 — Design saved: window=24 panes=3
[2026-07-13 10:06:17] INFO     v1:276 — Design saved: window=24 panes=3
[2026-07-13 10:06:19] INFO     v1:276 — Design saved: window=24 panes=3
[2026-07-13 10:06:20] INFO     v1:276 — Design saved: window=24 panes=3
[2026-07-13 10:06:22] INFO     v1:276 — Design saved: window=24 panes=3
[2026-07-13 10:06:22] INFO     v1:276 — Design saved: window=24 panes=3
[2026-07-13 10:06:24] INFO     v1:276 — Design saved: window=24 panes=3
[2026-07-13 10:06:25] INFO     v1:276 — Design saved: window=24 panes=3
[2026-07-13 10:06:26] INFO     v1:276 — Design saved: window=24 panes=3
[2026-07-13 10:06:44] INFO     v1:276 — Design saved: window=24 panes=3
[2026-07-13 10:06:56] INFO     v1:276 — Design saved: window=24 panes=3
[2026-07-13 10:07:08] INFO     v1:276 — Design saved: window=24 panes=3
[2026-07-13 10:07:15] INFO     v1:276 — Design saved: window=24 panes=3
[2026-07-13 10:07:18] INFO     v1:276 — Design saved: window=24 panes=3
[2026-07-13 10:07:23] INFO     v1:276 — Design saved: window=24 panes=3
[2026-07-13 10:07:25] INFO     v1:276 — Design saved: window=24 panes=3
[2026-07-13 10:07:25] INFO     v1:276 — Design saved: window=24 panes=3
[2026-07-13 10:07:27] INFO     v1:276 — Design saved: window=24 panes=3
[2026-07-13 10:07:29] INFO     v1:276 — Design saved: window=24 panes=3
[2026-07-13 10:07:38] INFO     v1:276 — Design saved: window=24 panes=3
[2026-07-13 10:07:40] INFO     v1:276 — Design saved: window=24 panes=3
[2026-07-13 10:07:42] INFO     v1:276 — Design saved: window=24 panes=3
[2026-07-13 10:07:44] INFO     v1:276 — Design saved: window=24 panes=3
[2026-07-13 10:07:46] INFO     v1:276 — Design saved: window=24 panes=3
[2026-07-13 10:07:56] INFO     v1:276 — Design saved: window=24 panes=3
[2026-07-13 10:08:04] INFO     v1:276 — Design saved: window=24 panes=3
[2026-07-13 10:08:05] INFO     v1:276 — Design saved: window=24 panes=3
[2026-07-13 10:08:13] INFO     v1:276 — Design saved: window=24 panes=3
[2026-07-13 10:08:33] INFO     v1:276 — Design saved: window=24 panes=3
[2026-07-13 10:08:33] INFO     v1:276 — Design saved: window=24 panes=3
[2026-07-13 10:08:58] INFO     v1:276 — Design saved: window=20 panes=2
[2026-07-13 10:08:58] INFO     v1:353 — save_render: window=20 saved 101146 bytes -> E:\quoting_studio\06-07-2026\quoting_studio\uploads\renders\window-20.png
[2026-07-13 10:10:49] INFO     v1:276 — Design saved: window=24 panes=1
[2026-07-13 10:11:04] INFO     v1:276 — Design saved: window=24 panes=1
[2026-07-13 10:11:05] INFO     v1:276 — Design saved: window=24 panes=1
[2026-07-13 10:11:59] INFO     v1:276 — Design saved: window=24 panes=1
[2026-07-13 10:13:34] INFO     v1:276 — Design saved: window=24 panes=1
[2026-07-13 10:13:34] INFO     v1:276 — Design saved: window=24 panes=1
[2026-07-13 10:13:51] INFO     v1:276 — Design saved: window=24 panes=2
[2026-07-13 10:13:57] INFO     v1:276 — Design saved: window=24 panes=4
[2026-07-13 10:14:02] INFO     v1:276 — Design saved: window=24 panes=1
[2026-07-13 10:14:06] INFO     v1:276 — Design saved: window=24 panes=1
[2026-07-13 10:14:07] INFO     v1:276 — Design saved: window=24 panes=1
[2026-07-13 10:14:16] INFO     v1:276 — Design saved: window=24 panes=1
[2026-07-13 10:14:18] INFO     v1:276 — Design saved: window=24 panes=1
[2026-07-13 10:14:23] INFO     v1:276 — Design saved: window=24 panes=1
[2026-07-13 10:16:24] INFO     v1:276 — Design saved: window=24 panes=1
[2026-07-13 10:16:24] INFO     v1:353 — save_render: window=24 saved 39699 bytes -> E:\quoting_studio\06-07-2026\quoting_studio\uploads\renders\window-24.png
[2026-07-13 10:16:26] INFO     v1:276 — Design saved: window=24 panes=1
[2026-07-13 10:16:27] INFO     v1:276 — Design saved: window=24 panes=1
[2026-07-13 10:16:28] INFO     v1:276 — Design saved: window=24 panes=1
[2026-07-13 10:16:30] INFO     v1:276 — Design saved: window=24 panes=1
[2026-07-13 10:16:30] INFO     v1:353 — save_render: window=24 saved 39421 bytes -> E:\quoting_studio\06-07-2026\quoting_studio\uploads\renders\window-24.png
[2026-07-13 10:16:31] INFO     v1:276 — Design saved: window=24 panes=1
[2026-07-13 10:16:50] INFO     v1:276 — Design saved: window=24 panes=1
[2026-07-13 10:16:51] INFO     v1:276 — Design saved: window=24 panes=1
[2026-07-13 10:16:53] INFO     v1:276 — Design saved: window=24 panes=1
[2026-07-13 10:16:55] INFO     v1:276 — Design saved: window=24 panes=1
[2026-07-13 10:16:59] INFO     v1:276 — Design saved: window=24 panes=1
[2026-07-13 10:17:02] INFO     v1:276 — Design saved: window=24 panes=1
[2026-07-13 10:17:16] INFO     v1:276 — Design saved: window=24 panes=1
[2026-07-13 10:18:01] INFO     v1:276 — Design saved: window=24 panes=1
[2026-07-13 10:18:01] INFO     v1:276 — Design saved: window=24 panes=1
[2026-07-13 10:18:22] INFO     v1:276 — Design saved: window=25 panes=1
[2026-07-13 10:18:24] INFO     v1:276 — Design saved: window=25 panes=1
[2026-07-13 10:18:25] INFO     v1:276 — Design saved: window=25 panes=1
[2026-07-13 10:18:28] INFO     v1:276 — Design saved: window=25 panes=1
[2026-07-13 10:18:29] INFO     v1:276 — Design saved: window=25 panes=1
[2026-07-13 10:18:29] INFO     v1:276 — Design saved: window=25 panes=1
[2026-07-13 10:18:31] INFO     v1:276 — Design saved: window=25 panes=1
[2026-07-13 10:18:32] INFO     v1:276 — Design saved: window=25 panes=1
[2026-07-13 10:18:33] INFO     v1:276 — Design saved: window=25 panes=1
[2026-07-13 10:18:34] INFO     v1:276 — Design saved: window=25 panes=1
[2026-07-13 10:18:35] INFO     v1:276 — Design saved: window=25 panes=1
[2026-07-13 10:18:46] INFO     v1:276 — Design saved: window=25 panes=1
[2026-07-13 10:18:48] INFO     v1:276 — Design saved: window=25 panes=1
[2026-07-13 10:18:52] INFO     v1:276 — Design saved: window=25 panes=1
[2026-07-13 10:18:55] INFO     v1:276 — Design saved: window=25 panes=1
[2026-07-13 10:18:56] INFO     v1:276 — Design saved: window=25 panes=1
[2026-07-13 10:18:58] INFO     v1:276 — Design saved: window=25 panes=1
[2026-07-13 10:19:00] INFO     v1:276 — Design saved: window=25 panes=1
[2026-07-13 10:19:02] INFO     v1:276 — Design saved: window=25 panes=1
[2026-07-13 10:19:03] INFO     v1:276 — Design saved: window=25 panes=1
[2026-07-13 10:19:04] INFO     v1:276 — Design saved: window=25 panes=1
[2026-07-13 10:19:58] INFO     v1:276 — Design saved: window=25 panes=1
[2026-07-13 10:19:59] INFO     v1:276 — Design saved: window=25 panes=1
[2026-07-13 10:20:00] INFO     v1:276 — Design saved: window=25 panes=1
[2026-07-13 10:20:01] INFO     v1:276 — Design saved: window=25 panes=1
[2026-07-13 10:20:03] INFO     v1:276 — Design saved: window=25 panes=1
[2026-07-13 10:20:04] INFO     v1:276 — Design saved: window=25 panes=1
[2026-07-13 10:20:11] INFO     v1:276 — Design saved: window=25 panes=2
[2026-07-13 10:20:16] INFO     v1:276 — Design saved: window=25 panes=3
[2026-07-13 10:20:18] INFO     v1:276 — Design saved: window=25 panes=3
[2026-07-13 10:20:36] INFO     v1:276 — Design saved: window=25 panes=3
[2026-07-13 10:20:48] INFO     v1:276 — Design saved: window=25 panes=3
[2026-07-13 10:21:05] INFO     v1:276 — Design saved: window=25 panes=3
[2026-07-13 10:22:11] INFO     v1:276 — Design saved: window=25 panes=3
[2026-07-13 10:22:12] INFO     v1:276 — Design saved: window=25 panes=3
[2026-07-13 10:22:12] INFO     v1:276 — Design saved: window=25 panes=3
[2026-07-13 10:22:54] INFO     v1:276 — Design saved: window=19 panes=1
[2026-07-13 10:22:57] INFO     v1:276 — Design saved: window=19 panes=2
[2026-07-13 10:22:59] INFO     v1:276 — Design saved: window=19 panes=2
[2026-07-13 10:23:02] INFO     v1:276 — Design saved: window=19 panes=1
[2026-07-13 10:23:04] INFO     v1:276 — Design saved: window=19 panes=1
[2026-07-13 10:23:05] INFO     v1:276 — Design saved: window=19 panes=1
[2026-07-13 10:23:06] INFO     v1:276 — Design saved: window=19 panes=1
[2026-07-13 10:23:06] INFO     v1:276 — Design saved: window=19 panes=1
[2026-07-13 10:23:16] INFO     v1:276 — Design saved: window=19 panes=1
[2026-07-13 10:23:17] INFO     v1:276 — Design saved: window=19 panes=1
[2026-07-13 10:23:21] INFO     v1:276 — Design saved: window=19 panes=2
[2026-07-13 10:23:27] INFO     v1:276 — Design saved: window=19 panes=3
[2026-07-13 10:23:34] INFO     v1:276 — Design saved: window=19 panes=3
[2026-07-13 10:23:34] INFO     v1:276 — Design saved: window=19 panes=3
[2026-07-13 10:23:41] INFO     projects:37 — Project created: id=15 customer=PG tenant=1
[2026-07-13 10:23:44] INFO     projects:358 — Unit added: id=29 project=15 type=window tpl=double
[2026-07-13 10:24:17] INFO     projects:358 — Unit added: id=30 project=15 type=door tpl=doorDouble
[2026-07-13 10:24:25] INFO     v1:276 — Design saved: window=30 panes=2
[2026-07-13 10:24:37] INFO     v1:276 — Design saved: window=30 panes=2
[2026-07-13 10:25:35] INFO     logging_config:160 — Quoting Studio — logging initialised (debug=True)
[2026-07-13 10:27:29] INFO     logging_config:160 — Quoting Studio — logging initialised (debug=True)
[2026-07-13 10:27:33] INFO     logging_config:160 — Quoting Studio — logging initialised (debug=True)
[2026-07-13 10:27:34] INFO     v1:276 — Design saved: window=30 panes=2
[2026-07-13 10:27:34] INFO     v1:276 — Design saved: window=30 panes=2
[2026-07-13 10:27:56] WARNING  model3d:161 — Profile polygon build failed: No module named 'shapely'
[2026-07-13 10:28:04] INFO     v1:219 — 3D export: window=30 fmt=glb method=auto bytes=2300
[2026-07-13 10:28:56] WARNING  model3d:161 — Profile polygon build failed: No module named 'shapely'
[2026-07-13 10:28:57] INFO     v1:219 — 3D export: window=30 fmt=glb method=profile bytes=2300
[2026-07-13 10:29:03] INFO     v1:219 — 3D export: window=30 fmt=glb method=sweep bytes=4996
[2026-07-13 10:29:05] INFO     v1:219 — 3D export: window=30 fmt=glb method=extrude bytes=2300
[2026-07-13 10:29:27] WARNING  model3d:161 — Profile polygon build failed: No module named 'shapely'
[2026-07-13 10:29:27] INFO     v1:219 — 3D export: window=29 fmt=glb method=auto bytes=1724
[2026-07-13 10:30:15] WARNING  model3d:161 — Profile polygon build failed: No module named 'shapely'
[2026-07-13 10:30:15] INFO     v1:219 — 3D export: window=29 fmt=glb method=profile bytes=1724
[2026-07-13 10:30:17] INFO     v1:219 — 3D export: window=29 fmt=glb method=sweep bytes=3840
[2026-07-13 10:30:18] INFO     v1:219 — 3D export: window=29 fmt=glb method=extrude bytes=1724
[2026-07-13 10:32:18] INFO     logging_config:160 — Quoting Studio — logging initialised (debug=True)
[2026-07-13 10:32:57] WARNING  model3d:161 — Profile polygon build failed: No module named 'shapely'
[2026-07-13 10:32:58] INFO     v1:243 — 3D export: window=30 fmt=glb method=auto bytes=2300
[2026-07-13 10:33:17] INFO     cad_export:122 — Advanced DXF built: window=29 1200x1400 → 63763 bytes
[2026-07-13 10:33:17] INFO     v1:150 — DXF export: window=29 bytes=63763
[2026-07-13 10:34:10] WARNING  model3d:161 — Profile polygon build failed: No module named 'shapely'
[2026-07-13 10:34:10] INFO     v1:243 — 3D export: window=29 fmt=step method=auto bytes=64485
[2026-07-13 10:34:47] INFO     v1:300 — Design saved: window=29 panes=2
[2026-07-13 10:34:50] INFO     v1:300 — Design saved: window=30 panes=2
[2026-07-13 10:35:36] INFO     cad_export:122 — Advanced DXF built: window=30 1200x2100 → 68062 bytes
[2026-07-13 10:35:36] INFO     v1:150 — DXF export: window=30 bytes=68062
[2026-07-13 10:39:06] INFO     v1:300 — Design saved: window=30 panes=2
[2026-07-13 10:39:07] INFO     v1:300 — Design saved: window=30 panes=2
[2026-07-13 10:39:08] INFO     v1:300 — Design saved: window=30 panes=2
[2026-07-13 10:39:09] INFO     v1:300 — Design saved: window=30 panes=2
[2026-07-13 10:39:10] INFO     v1:300 — Design saved: window=30 panes=2
[2026-07-13 10:39:11] INFO     v1:300 — Design saved: window=30 panes=2
[2026-07-13 10:39:12] INFO     v1:300 — Design saved: window=30 panes=2
[2026-07-13 10:39:23] INFO     v1:300 — Design saved: window=30 panes=2
[2026-07-13 10:39:45] INFO     v1:300 — Design saved: window=30 panes=2
[2026-07-13 10:40:08] INFO     logging_config:160 — Quoting Studio — logging initialised (debug=True)
[2026-07-13 10:40:35] INFO     logging_config:160 — Quoting Studio — logging initialised (debug=True)
[2026-07-13 10:41:06] INFO     v1:300 — Design saved: window=30 panes=2
[2026-07-13 10:41:06] INFO     v1:300 — Design saved: window=30 panes=2
[2026-07-13 10:41:09] INFO     cad_export:122 — Advanced DXF built: window=30 1200x2100 → 68062 bytes
[2026-07-13 10:41:09] INFO     v1:150 — DXF export: window=30 bytes=68062
[2026-07-13 10:51:07] INFO     logging_config:160 — Quoting Studio — logging initialised (debug=True)
[2026-07-13 10:51:39] WARNING  model3d:161 — Profile polygon build failed: No module named 'shapely'
[2026-07-13 10:51:41] INFO     v1:243 — 3D export: window=30 fmt=glb method=auto bytes=2300
[2026-07-13 11:04:32] INFO     v1:300 — Design saved: window=30 panes=2
[2026-07-13 11:04:34] INFO     v1:300 — Design saved: window=30 panes=2
[2026-07-13 11:04:35] INFO     v1:300 — Design saved: window=30 panes=2
[2026-07-13 11:04:36] INFO     v1:300 — Design saved: window=30 panes=2
[2026-07-13 11:04:38] INFO     v1:300 — Design saved: window=30 panes=2
[2026-07-13 11:04:39] INFO     v1:300 — Design saved: window=30 panes=2
[2026-07-13 11:04:41] INFO     v1:300 — Design saved: window=30 panes=2
[2026-07-13 11:04:46] INFO     v1:300 — Design saved: window=30 panes=2
[2026-07-13 11:04:51] INFO     v1:300 — Design saved: window=30 panes=2
[2026-07-13 11:04:53] INFO     v1:300 — Design saved: window=30 panes=2
[2026-07-13 11:05:09] INFO     v1:300 — Design saved: window=30 panes=2
[2026-07-13 11:05:11] INFO     v1:300 — Design saved: window=30 panes=2
[2026-07-13 11:05:37] INFO     v1:300 — Design saved: window=30 panes=2
[2026-07-13 11:05:53] INFO     __init__:96 — 404 Not Found — GET /favicon.ico
[2026-07-13 11:08:13] INFO     v1:300 — Design saved: window=30 panes=2
[2026-07-13 11:08:17] INFO     v1:300 — Design saved: window=30 panes=2
[2026-07-13 11:08:17] INFO     v1:300 — Design saved: window=30 panes=2
[2026-07-13 11:08:19] INFO     v1:300 — Design saved: window=30 panes=2
[2026-07-13 11:08:34] INFO     v1:300 — Design saved: window=30 panes=2
[2026-07-13 11:08:35] INFO     v1:300 — Design saved: window=30 panes=2
[2026-07-13 11:08:37] INFO     v1:300 — Design saved: window=30 panes=2
[2026-07-13 11:08:38] INFO     v1:300 — Design saved: window=30 panes=2
[2026-07-13 11:08:39] INFO     v1:300 — Design saved: window=30 panes=2
[2026-07-13 11:08:40] INFO     v1:300 — Design saved: window=30 panes=2
[2026-07-13 11:08:41] INFO     v1:300 — Design saved: window=30 panes=2
[2026-07-13 11:09:04] INFO     v1:300 — Design saved: window=30 panes=2
[2026-07-13 11:09:24] INFO     v1:300 — Design saved: window=30 panes=2
[2026-07-13 11:13:52] INFO     v1:300 — Design saved: window=30 panes=2
[2026-07-13 11:13:54] INFO     v1:300 — Design saved: window=30 panes=2
[2026-07-13 11:13:54] INFO     v1:300 — Design saved: window=30 panes=2
[2026-07-13 11:13:59] INFO     v1:300 — Design saved: window=30 panes=2
[2026-07-13 11:14:04] INFO     v1:300 — Design saved: window=30 panes=2
[2026-07-13 11:14:06] INFO     v1:300 — Design saved: window=30 panes=2
[2026-07-13 11:14:07] INFO     v1:300 — Design saved: window=30 panes=2
[2026-07-13 11:16:56] INFO     v1:300 — Design saved: window=30 panes=2
[2026-07-13 11:25:14] INFO     v1:300 — Design saved: window=30 panes=2
[2026-07-13 11:25:30] INFO     v1:300 — Design saved: window=30 panes=2
[2026-07-13 11:25:30] INFO     v1:377 — save_render: window=30 saved 58136 bytes -> E:\quoting_studio\06-07-2026\quoting_studio\uploads\renders\window-30.png
[2026-07-13 11:25:30] INFO     v1:300 — Design saved: window=30 panes=2
[2026-07-13 11:25:30] INFO     v1:300 — Design saved: window=30 panes=2
[2026-07-13 13:04:23] INFO     logging_config:160 — Quoting Studio — logging initialised (debug=True)
[2026-07-13 13:04:28] INFO     logging_config:160 — Quoting Studio — logging initialised (debug=True)
[2026-07-13 13:06:06] INFO     v1:300 — Design saved: window=30 panes=1
[2026-07-13 13:06:20] INFO     v1:300 — Design saved: window=30 panes=2
[2026-07-13 13:06:24] INFO     v1:300 — Design saved: window=30 panes=2
[2026-07-13 13:06:27] INFO     v1:300 — Design saved: window=30 panes=2
[2026-07-13 13:06:31] INFO     v1:300 — Design saved: window=30 panes=3
[2026-07-13 13:06:37] INFO     v1:300 — Design saved: window=30 panes=2
[2026-07-13 13:06:40] INFO     v1:300 — Design saved: window=30 panes=6
[2026-07-13 13:06:46] INFO     v1:300 — Design saved: window=30 panes=3
[2026-07-13 13:06:50] INFO     v1:300 — Design saved: window=30 panes=1
[2026-07-13 13:06:59] INFO     v1:300 — Design saved: window=30 panes=1
[2026-07-13 13:07:06] INFO     v1:300 — Design saved: window=30 panes=3
[2026-07-13 13:07:08] INFO     v1:300 — Design saved: window=30 panes=2
[2026-07-13 13:07:12] INFO     v1:300 — Design saved: window=30 panes=5
[2026-07-13 13:07:37] INFO     v1:300 — Design saved: window=30 panes=5
[2026-07-13 13:07:43] INFO     v1:300 — Design saved: window=30 panes=5
[2026-07-13 13:07:54] INFO     v1:300 — Design saved: window=30 panes=5
[2026-07-13 13:55:53] INFO     logging_config:160 — Quoting Studio — logging initialised (debug=True)
[2026-07-13 13:55:54] INFO     logging_config:160 — Quoting Studio — logging initialised (debug=True)
[2026-07-13 13:56:04] INFO     v1:300 — Design saved: window=30 panes=5
[2026-07-13 13:56:05] INFO     v1:300 — Design saved: window=30 panes=5
[2026-07-13 13:56:05] INFO     v1:377 — save_render: window=30 saved 134573 bytes -> e:\quoting_studio\06-07-2026\quoting_studio\uploads\renders\window-30.png
[2026-07-13 13:56:31] INFO     v1:300 — Design saved: window=30 panes=5
[2026-07-13 13:56:32] INFO     v1:300 — Design saved: window=30 panes=5
[2026-07-13 13:56:32] INFO     v1:377 — save_render: window=30 saved 78787 bytes -> e:\quoting_studio\06-07-2026\quoting_studio\uploads\renders\window-30.png
[2026-07-13 13:56:32] INFO     v1:300 — Design saved: window=30 panes=5
[2026-07-13 13:56:32] INFO     v1:300 — Design saved: window=30 panes=5
[2026-07-13 13:57:58] INFO     v1:300 — Design saved: window=30 panes=5
[2026-07-13 13:57:59] INFO     v1:300 — Design saved: window=30 panes=5
[2026-07-13 13:57:59] INFO     v1:377 — save_render: window=30 saved 118263 bytes -> e:\quoting_studio\06-07-2026\quoting_studio\uploads\renders\window-30.png
[2026-07-13 13:57:59] INFO     v1:300 — Design saved: window=30 panes=5
[2026-07-13 13:57:59] INFO     v1:300 — Design saved: window=30 panes=5
[2026-07-13 14:06:10] INFO     logging_config:160 — Quoting Studio — logging initialised (debug=True)
[2026-07-13 14:06:14] INFO     logging_config:160 — Quoting Studio — logging initialised (debug=True)
[2026-07-13 14:08:56] INFO     logging_config:160 — Quoting Studio — logging initialised (debug=True)
[2026-07-13 14:08:59] INFO     logging_config:160 — Quoting Studio — logging initialised (debug=True)
[2026-07-13 14:10:48] INFO     v1:300 — Design saved: window=29 panes=4
[2026-07-13 14:11:14] INFO     v1:300 — Design saved: window=29 panes=5
[2026-07-13 14:11:26] INFO     v1:300 — Design saved: window=29 panes=6
[2026-07-13 14:11:30] INFO     v1:300 — Design saved: window=29 panes=7
[2026-07-13 14:11:56] INFO     v1:300 — Design saved: window=29 panes=7
[2026-07-13 14:11:57] INFO     v1:300 — Design saved: window=29 panes=7
[2026-07-13 14:11:58] INFO     v1:300 — Design saved: window=29 panes=7
[2026-07-13 14:12:02] INFO     v1:300 — Design saved: window=29 panes=7
[2026-07-13 14:12:02] INFO     v1:300 — Design saved: window=29 panes=7
[2026-07-13 14:12:02] INFO     v1:300 — Design saved: window=29 panes=7
[2026-07-13 14:12:03] INFO     v1:300 — Design saved: window=30 panes=5
[2026-07-13 14:12:04] INFO     v1:300 — Design saved: window=30 panes=5
[2026-07-13 14:12:04] INFO     v1:377 — save_render: window=30 saved 94411 bytes -> e:\quoting_studio\06-07-2026\quoting_studio\uploads\renders\window-30.png
[2026-07-13 14:12:20] INFO     v1:300 — Design saved: window=29 panes=7
[2026-07-13 14:12:20] INFO     v1:377 — save_render: window=29 saved 670169 bytes -> e:\quoting_studio\06-07-2026\quoting_studio\uploads\renders\window-29.png
[2026-07-13 14:13:09] INFO     cad_export:122 — Advanced DXF built: window=29 1200x1400 → 90871 bytes
[2026-07-13 14:13:09] INFO     v1:150 — DXF export: window=29 bytes=90871
[2026-07-13 14:20:01] INFO     v1:300 — Design saved: window=29 panes=7
[2026-07-13 14:20:02] INFO     v1:300 — Design saved: window=29 panes=7
[2026-07-13 14:20:03] INFO     v1:300 — Design saved: window=29 panes=7
[2026-07-13 14:20:03] INFO     v1:300 — Design saved: window=29 panes=7
[2026-07-13 14:20:05] INFO     v1:300 — Design saved: window=30 panes=5
[2026-07-13 14:20:05] INFO     v1:377 — save_render: window=30 saved 94411 bytes -> e:\quoting_studio\06-07-2026\quoting_studio\uploads\renders\window-30.png
[2026-07-13 14:20:26] INFO     v1:300 — Design saved: window=29 panes=7
[2026-07-13 14:20:27] INFO     v1:300 — Design saved: window=29 panes=7
[2026-07-13 14:20:27] INFO     v1:300 — Design saved: window=29 panes=7
[2026-07-13 14:20:27] INFO     v1:300 — Design saved: window=29 panes=7
[2026-07-13 14:20:31] INFO     v1:300 — Design saved: window=30 panes=5
[2026-07-13 14:20:32] INFO     v1:300 — Design saved: window=30 panes=5
[2026-07-13 14:20:33] INFO     v1:300 — Design saved: window=30 panes=5
[2026-07-13 14:20:33] INFO     v1:377 — save_render: window=30 saved 94613 bytes -> e:\quoting_studio\06-07-2026\quoting_studio\uploads\renders\window-30.png
[2026-07-13 14:20:33] INFO     v1:300 — Design saved: window=30 panes=5
[2026-07-13 14:20:33] INFO     v1:300 — Design saved: window=30 panes=5
[2026-07-13 14:20:36] INFO     cad_export:122 — Advanced DXF built: window=30 1500x2038 → 82604 bytes
[2026-07-13 14:20:36] INFO     v1:150 — DXF export: window=30 bytes=82604
[2026-07-13 14:22:00] INFO     v1:300 — Design saved: window=30 panes=5
[2026-07-13 14:22:02] INFO     v1:300 — Design saved: window=30 panes=5
[2026-07-13 14:22:03] INFO     v1:300 — Design saved: window=30 panes=5
[2026-07-13 14:22:05] INFO     v1:300 — Design saved: window=30 panes=5
[2026-07-13 14:22:06] INFO     v1:300 — Design saved: window=30 panes=5
[2026-07-13 14:22:08] INFO     v1:300 — Design saved: window=30 panes=5
[2026-07-13 14:22:12] INFO     v1:300 — Design saved: window=30 panes=5
[2026-07-13 14:22:13] INFO     v1:300 — Design saved: window=30 panes=5
[2026-07-13 14:22:15] INFO     v1:300 — Design saved: window=30 panes=5
[2026-07-13 14:22:18] INFO     v1:300 — Design saved: window=30 panes=5
[2026-07-13 14:22:25] INFO     v1:300 — Design saved: window=30 panes=5
[2026-07-13 14:22:31] INFO     v1:300 — Design saved: window=30 panes=5
[2026-07-13 14:22:32] INFO     v1:300 — Design saved: window=30 panes=5
[2026-07-13 14:22:36] INFO     v1:300 — Design saved: window=30 panes=5
[2026-07-13 14:22:39] INFO     v1:300 — Design saved: window=30 panes=5
[2026-07-13 14:22:41] INFO     v1:300 — Design saved: window=30 panes=5
[2026-07-13 14:22:43] INFO     v1:300 — Design saved: window=30 panes=5
[2026-07-13 14:22:44] INFO     v1:300 — Design saved: window=30 panes=5
[2026-07-13 14:22:46] INFO     v1:300 — Design saved: window=30 panes=5
[2026-07-13 14:22:47] INFO     v1:300 — Design saved: window=30 panes=5
[2026-07-13 14:22:48] INFO     v1:300 — Design saved: window=30 panes=5
[2026-07-13 14:22:50] INFO     v1:300 — Design saved: window=30 panes=5
[2026-07-13 14:22:52] INFO     v1:300 — Design saved: window=30 panes=5
[2026-07-13 14:22:57] INFO     v1:300 — Design saved: window=30 panes=5
[2026-07-13 14:22:59] INFO     v1:300 — Design saved: window=30 panes=5
[2026-07-13 14:23:04] INFO     v1:300 — Design saved: window=30 panes=5
[2026-07-13 14:23:09] INFO     v1:300 — Design saved: window=30 panes=5
[2026-07-13 14:23:19] INFO     v1:300 — Design saved: window=30 panes=5
[2026-07-13 14:23:21] INFO     v1:300 — Design saved: window=30 panes=5
[2026-07-13 14:23:22] INFO     v1:300 — Design saved: window=30 panes=5
[2026-07-13 14:23:23] INFO     v1:300 — Design saved: window=30 panes=5
[2026-07-13 14:23:24] INFO     v1:300 — Design saved: window=30 panes=5
[2026-07-13 14:23:27] INFO     v1:300 — Design saved: window=30 panes=5
[2026-07-13 14:23:30] INFO     v1:300 — Design saved: window=30 panes=5
[2026-07-13 14:23:32] INFO     v1:300 — Design saved: window=30 panes=5
[2026-07-13 14:23:38] INFO     v1:300 — Design saved: window=30 panes=5
[2026-07-13 14:23:39] INFO     v1:300 — Design saved: window=30 panes=5
[2026-07-13 14:23:42] INFO     v1:300 — Design saved: window=30 panes=5
[2026-07-13 14:23:43] INFO     v1:300 — Design saved: window=30 panes=5
[2026-07-13 14:23:44] INFO     v1:300 — Design saved: window=30 panes=5
[2026-07-13 14:23:46] INFO     v1:300 — Design saved: window=30 panes=5
[2026-07-13 14:23:49] INFO     v1:300 — Design saved: window=30 panes=5
[2026-07-13 14:23:58] INFO     v1:300 — Design saved: window=30 panes=5
[2026-07-13 14:24:01] INFO     v1:300 — Design saved: window=30 panes=5
[2026-07-13 14:24:15] INFO     v1:300 — Design saved: window=30 panes=5
[2026-07-13 14:24:18] INFO     v1:300 — Design saved: window=30 panes=5
[2026-07-13 14:25:23] INFO     v1:300 — Design saved: window=30 panes=5
[2026-07-13 14:27:01] INFO     v1:300 — Design saved: window=30 panes=5
[2026-07-13 14:27:01] INFO     v1:300 — Design saved: window=30 panes=5
[2026-07-13 14:47:11] WARNING  model3d:161 — Profile polygon build failed: No module named 'shapely'
[2026-07-13 14:47:12] WARNING  model3d:161 — Profile polygon build failed: No module named 'shapely'
[2026-07-13 14:47:19] INFO     v1:243 — 3D export: window=29 fmt=glb method=auto bytes=6336
[2026-07-13 14:47:19] INFO     v1:243 — 3D export: window=29 fmt=glb method=auto bytes=6336
[2026-07-13 14:47:44] INFO     v1:208 — Engineering DXF: window=29 bytes=67693
[2026-07-13 18:20:09] WARNING  __init__:82 — 400 Bad Request: 400 Bad Request: The CSRF token has expired. — POST /api/v1/windows/29/design
[2026-07-13 18:20:10] WARNING  __init__:82 — 400 Bad Request: 400 Bad Request: The CSRF token has expired. — POST /api/v1/windows/29/design
[2026-07-13 18:20:12] WARNING  __init__:82 — 400 Bad Request: 400 Bad Request: The CSRF token has expired. — POST /api/v1/windows/29/design
[2026-07-13 18:20:13] WARNING  __init__:82 — 400 Bad Request: 400 Bad Request: The CSRF token has expired. — POST /api/v1/windows/29/design
[2026-07-13 18:20:42] WARNING  __init__:82 — 400 Bad Request: 400 Bad Request: The CSRF token has expired. — POST /api/v1/windows/29/design
[2026-07-13 18:21:38] WARNING  __init__:82 — 400 Bad Request: 400 Bad Request: The CSRF token has expired. — POST /api/v1/windows/29/design
[2026-07-13 18:21:40] WARNING  __init__:82 — 400 Bad Request: 400 Bad Request: The CSRF token has expired. — POST /api/v1/windows/29/design
[2026-07-13 18:27:20] WARNING  __init__:82 — 400 Bad Request: 400 Bad Request: The CSRF token has expired. — POST /api/v1/windows/29/design
[2026-07-13 18:29:19] WARNING  __init__:82 — 400 Bad Request: 400 Bad Request: The CSRF token has expired. — POST /api/v1/windows/29/design
[2026-07-13 18:32:04] WARNING  __init__:82 — 400 Bad Request: 400 Bad Request: The CSRF token has expired. — POST /api/v1/windows/29/design
[2026-07-13 18:32:08] WARNING  __init__:82 — 400 Bad Request: 400 Bad Request: The CSRF token has expired. — POST /api/v1/windows/29/design
[2026-07-13 18:32:19] WARNING  __init__:82 — 400 Bad Request: 400 Bad Request: The CSRF token has expired. — POST /api/v1/windows/29/design
[2026-07-13 18:34:43] WARNING  __init__:82 — 400 Bad Request: 400 Bad Request: The CSRF token has expired. — POST /api/v1/windows/29/design
[2026-07-13 18:35:08] WARNING  __init__:82 — 400 Bad Request: 400 Bad Request: The CSRF token has expired. — POST /api/v1/windows/29/design
[2026-07-13 18:35:17] WARNING  __init__:82 — 400 Bad Request: 400 Bad Request: The CSRF token has expired. — POST /api/v1/windows/29/design
[2026-07-13 18:35:17] WARNING  __init__:82 — 400 Bad Request: 400 Bad Request: The CSRF token has expired. — POST /api/v1/windows/29/design
[2026-07-14 15:01:58] INFO     logging_config:160 — Quoting Studio — logging initialised (debug=True)
[2026-07-14 15:02:04] INFO     logging_config:160 — Quoting Studio — logging initialised (debug=True)
[2026-07-14 15:02:16] INFO     __init__:96 — 404 Not Found — GET /favicon.ico
[2026-07-14 15:02:17] INFO     auth:32 — Login success: aniket@gmail.com (tenant=1)
[2026-07-14 15:03:06] INFO     v1:300 — Design saved: window=30 panes=5
[2026-07-14 15:03:11] INFO     v1:300 — Design saved: window=30 panes=5
[2026-07-14 15:03:13] INFO     v1:300 — Design saved: window=30 panes=5
[2026-07-14 15:03:15] INFO     v1:300 — Design saved: window=30 panes=5
[2026-07-14 15:03:17] INFO     v1:300 — Design saved: window=30 panes=5
[2026-07-14 15:03:20] INFO     v1:300 — Design saved: window=30 panes=5
[2026-07-14 15:04:30] INFO     v1:300 — Design saved: window=30 panes=5
[2026-07-14 15:04:32] INFO     v1:300 — Design saved: window=30 panes=5
[2026-07-14 15:04:33] INFO     v1:300 — Design saved: window=30 panes=5
[2026-07-14 15:04:35] INFO     v1:300 — Design saved: window=30 panes=5
[2026-07-14 15:04:41] INFO     v1:300 — Design saved: window=30 panes=5
[2026-07-14 15:04:41] INFO     v1:300 — Design saved: window=30 panes=5
[2026-07-14 15:04:59] INFO     v1:300 — Design saved: window=30 panes=5
[2026-07-14 15:05:04] INFO     v1:300 — Design saved: window=30 panes=5
[2026-07-14 15:05:04] INFO     v1:300 — Design saved: window=30 panes=5
[2026-07-14 15:05:13] INFO     v1:300 — Design saved: window=30 panes=5
[2026-07-14 15:05:16] INFO     v1:300 — Design saved: window=30 panes=5
[2026-07-14 15:05:19] INFO     v1:300 — Design saved: window=30 panes=5
[2026-07-14 15:05:20] INFO     v1:300 — Design saved: window=30 panes=5
[2026-07-14 15:05:21] INFO     v1:300 — Design saved: window=30 panes=5
[2026-07-14 15:05:27] INFO     v1:300 — Design saved: window=30 panes=5
[2026-07-14 15:06:17] INFO     v1:300 — Design saved: window=30 panes=5
[2026-07-14 15:06:23] INFO     v1:300 — Design saved: window=30 panes=5
[2026-07-14 15:06:32] INFO     v1:300 — Design saved: window=30 panes=5
[2026-07-14 15:22:25] INFO     logging_config:160 — Quoting Studio — logging initialised (debug=True)
[2026-07-14 15:22:28] INFO     logging_config:160 — Quoting Studio — logging initialised (debug=True)
[2026-07-14 15:22:30] INFO     v1:300 — Design saved: window=30 panes=5
[2026-07-14 15:22:30] INFO     v1:300 — Design saved: window=30 panes=5
[2026-07-14 15:22:33] INFO     v1:300 — Design saved: window=30 panes=5
[2026-07-14 15:22:34] INFO     v1:300 — Design saved: window=30 panes=5
[2026-07-14 15:22:35] INFO     v1:300 — Design saved: window=30 panes=5
[2026-07-14 15:22:39] INFO     v1:300 — Design saved: window=30 panes=5
[2026-07-14 15:22:40] INFO     v1:300 — Design saved: window=30 panes=5
[2026-07-14 15:22:43] INFO     v1:300 — Design saved: window=30 panes=5
[2026-07-14 15:22:43] INFO     v1:300 — Design saved: window=30 panes=5
[2026-07-14 15:22:48] INFO     projects:183 — Project deleted: id=15 tenant=1
[2026-07-14 15:22:52] INFO     projects:37 — Project created: id=16 customer=PG tenant=1
[2026-07-14 15:22:56] INFO     projects:358 — Unit added: id=31 project=16 type=door tpl=doorDouble
[2026-07-14 15:23:03] INFO     v1:300 — Design saved: window=31 panes=2
[2026-07-14 15:23:11] INFO     v1:300 — Design saved: window=31 panes=2
[2026-07-14 15:23:12] INFO     v1:300 — Design saved: window=31 panes=2
[2026-07-14 15:23:14] INFO     v1:300 — Design saved: window=31 panes=2
[2026-07-14 15:23:16] INFO     v1:300 — Design saved: window=31 panes=2
[2026-07-14 15:23:20] INFO     v1:300 — Design saved: window=31 panes=2
[2026-07-14 15:23:20] INFO     v1:300 — Design saved: window=31 panes=2
[2026-07-14 15:23:25] INFO     projects:358 — Unit added: id=32 project=16 type=window tpl=single
[2026-07-14 15:23:28] INFO     v1:300 — Design saved: window=32 panes=1
[2026-07-14 15:23:30] INFO     v1:300 — Design saved: window=32 panes=1
[2026-07-14 15:23:36] INFO     v1:300 — Design saved: window=32 panes=1
[2026-07-14 15:23:38] INFO     v1:300 — Design saved: window=32 panes=1
[2026-07-14 15:23:40] INFO     v1:300 — Design saved: window=32 panes=4
[2026-07-14 15:23:42] INFO     v1:300 — Design saved: window=32 panes=4
[2026-07-14 15:23:44] INFO     v1:300 — Design saved: window=32 panes=4
[2026-07-14 15:23:49] INFO     v1:300 — Design saved: window=32 panes=6
[2026-07-14 15:23:50] INFO     v1:300 — Design saved: window=32 panes=6
[2026-07-14 15:23:55] INFO     v1:300 — Design saved: window=32 panes=6
[2026-07-14 15:24:01] INFO     v1:300 — Design saved: window=32 panes=1
[2026-07-14 15:24:02] INFO     v1:300 — Design saved: window=32 panes=1
[2026-07-14 15:24:05] INFO     v1:300 — Design saved: window=32 panes=1
[2026-07-14 15:24:07] INFO     v1:300 — Design saved: window=32 panes=1
[2026-07-14 15:24:10] INFO     v1:300 — Design saved: window=32 panes=3
[2026-07-14 15:24:13] INFO     v1:300 — Design saved: window=32 panes=3
[2026-07-14 15:24:15] INFO     v1:300 — Design saved: window=32 panes=3
[2026-07-14 15:24:22] INFO     v1:300 — Design saved: window=32 panes=6
[2026-07-14 15:24:24] INFO     v1:300 — Design saved: window=32 panes=6
[2026-07-14 15:24:25] INFO     v1:300 — Design saved: window=32 panes=6
[2026-07-14 15:24:26] INFO     v1:300 — Design saved: window=32 panes=6
[2026-07-14 15:24:28] INFO     v1:300 — Design saved: window=32 panes=6
[2026-07-14 15:24:29] INFO     v1:300 — Design saved: window=32 panes=6
[2026-07-14 15:24:36] INFO     v1:300 — Design saved: window=32 panes=6
[2026-07-14 15:24:38] INFO     v1:300 — Design saved: window=32 panes=6
[2026-07-14 15:24:43] INFO     v1:300 — Design saved: window=32 panes=6
[2026-07-14 15:26:37] INFO     v1:300 — Design saved: window=32 panes=6
[2026-07-14 15:26:37] INFO     v1:300 — Design saved: window=32 panes=6
[2026-07-14 15:26:46] INFO     v1:300 — Design saved: window=31 panes=2
[2026-07-14 15:26:48] INFO     v1:300 — Design saved: window=31 panes=2
[2026-07-14 15:26:50] INFO     v1:300 — Design saved: window=31 panes=2
[2026-07-14 15:26:52] INFO     v1:300 — Design saved: window=31 panes=2
[2026-07-14 15:26:54] INFO     v1:300 — Design saved: window=31 panes=2
[2026-07-14 15:26:56] INFO     v1:300 — Design saved: window=31 panes=2
[2026-07-14 15:26:58] INFO     v1:300 — Design saved: window=31 panes=2
[2026-07-14 15:27:02] INFO     v1:300 — Design saved: window=31 panes=2
[2026-07-14 15:27:07] INFO     v1:300 — Design saved: window=31 panes=2
[2026-07-14 15:27:08] INFO     v1:300 — Design saved: window=31 panes=2
[2026-07-14 15:27:13] INFO     v1:300 — Design saved: window=31 panes=2
[2026-07-14 15:27:15] INFO     v1:300 — Design saved: window=31 panes=2
[2026-07-14 15:27:17] INFO     v1:300 — Design saved: window=31 panes=2
[2026-07-14 15:27:19] INFO     v1:300 — Design saved: window=31 panes=2
[2026-07-14 15:27:23] INFO     v1:300 — Design saved: window=31 panes=2
[2026-07-14 15:27:38] INFO     v1:300 — Design saved: window=31 panes=2
[2026-07-14 15:27:40] INFO     v1:300 — Design saved: window=31 panes=2
[2026-07-14 15:27:41] INFO     v1:300 — Design saved: window=31 panes=2
[2026-07-14 15:27:43] INFO     v1:300 — Design saved: window=31 panes=2
[2026-07-14 15:27:45] INFO     v1:300 — Design saved: window=31 panes=2
[2026-07-14 15:27:47] INFO     v1:300 — Design saved: window=31 panes=2
[2026-07-14 15:27:52] INFO     v1:300 — Design saved: window=31 panes=2
[2026-07-14 15:27:54] INFO     v1:300 — Design saved: window=31 panes=2
[2026-07-14 15:27:56] INFO     v1:300 — Design saved: window=31 panes=2
[2026-07-14 15:28:01] INFO     v1:300 — Design saved: window=31 panes=2
[2026-07-14 15:28:02] INFO     v1:300 — Design saved: window=31 panes=2
[2026-07-14 15:28:04] INFO     v1:300 — Design saved: window=31 panes=2
[2026-07-14 15:28:07] INFO     v1:300 — Design saved: window=31 panes=2
[2026-07-14 15:28:52] INFO     v1:300 — Design saved: window=31 panes=3
[2026-07-14 15:29:01] INFO     v1:300 — Design saved: window=31 panes=4
[2026-07-14 15:29:39] INFO     v1:300 — Design saved: window=31 panes=4
[2026-07-14 15:29:51] INFO     v1:300 — Design saved: window=31 panes=4
[2026-07-14 15:30:01] INFO     v1:300 — Design saved: window=31 panes=4
[2026-07-14 15:30:18] INFO     v1:300 — Design saved: window=31 panes=4
[2026-07-14 15:30:46] INFO     v1:300 — Design saved: window=31 panes=4
[2026-07-14 15:31:12] INFO     v1:300 — Design saved: window=31 panes=4
[2026-07-14 15:31:14] INFO     v1:300 — Design saved: window=31 panes=4
[2026-07-14 15:31:17] INFO     v1:300 — Design saved: window=31 panes=4
[2026-07-14 15:31:21] INFO     v1:300 — Design saved: window=31 panes=4
[2026-07-14 15:31:22] INFO     v1:300 — Design saved: window=31 panes=4
[2026-07-14 15:31:23] INFO     v1:300 — Design saved: window=31 panes=4
[2026-07-14 15:31:26] INFO     v1:300 — Design saved: window=31 panes=4
[2026-07-14 15:31:34] INFO     v1:300 — Design saved: window=31 panes=4
[2026-07-14 15:31:55] INFO     v1:300 — Design saved: window=31 panes=4
[2026-07-14 15:32:03] INFO     v1:300 — Design saved: window=31 panes=4
[2026-07-14 15:32:16] INFO     v1:300 — Design saved: window=31 panes=4
[2026-07-14 15:32:21] INFO     v1:300 — Design saved: window=31 panes=4
[2026-07-14 15:32:35] INFO     v1:300 — Design saved: window=31 panes=4
[2026-07-14 15:32:38] INFO     v1:300 — Design saved: window=31 panes=4
[2026-07-14 15:32:48] INFO     v1:300 — Design saved: window=31 panes=4
[2026-07-14 15:32:49] INFO     v1:300 — Design saved: window=31 panes=4
[2026-07-14 15:32:50] INFO     v1:300 — Design saved: window=31 panes=4
[2026-07-14 15:32:52] INFO     v1:300 — Design saved: window=31 panes=4
[2026-07-14 15:32:55] INFO     v1:300 — Design saved: window=31 panes=4
[2026-07-14 15:32:59] INFO     v1:300 — Design saved: window=31 panes=4
[2026-07-14 15:33:00] INFO     v1:300 — Design saved: window=31 panes=4
[2026-07-14 15:33:22] INFO     v1:300 — Design saved: window=31 panes=4
[2026-07-14 15:33:31] INFO     v1:300 — Design saved: window=31 panes=4
[2026-07-14 15:33:49] INFO     v1:300 — Design saved: window=31 panes=4
[2026-07-14 15:33:53] INFO     v1:300 — Design saved: window=31 panes=4
[2026-07-14 15:34:19] INFO     v1:300 — Design saved: window=31 panes=4
[2026-07-14 15:34:19] INFO     v1:300 — Design saved: window=31 panes=4
[2026-07-14 15:34:25] INFO     v1:300 — Design saved: window=32 panes=6
[2026-07-14 15:34:38] INFO     v1:300 — Design saved: window=32 panes=6
[2026-07-14 15:34:39] INFO     v1:300 — Design saved: window=32 panes=6
[2026-07-14 15:34:41] INFO     v1:300 — Design saved: window=32 panes=6
[2026-07-14 15:34:44] INFO     v1:300 — Design saved: window=32 panes=6
[2026-07-14 15:34:46] INFO     v1:300 — Design saved: window=32 panes=6
[2026-07-14 15:34:47] INFO     v1:300 — Design saved: window=32 panes=6
[2026-07-14 15:34:49] INFO     v1:300 — Design saved: window=32 panes=6
[2026-07-14 15:34:53] INFO     v1:300 — Design saved: window=32 panes=6
[2026-07-14 15:34:55] INFO     v1:300 — Design saved: window=32 panes=6
[2026-07-14 15:34:58] INFO     v1:300 — Design saved: window=32 panes=6
[2026-07-14 15:34:59] INFO     v1:300 — Design saved: window=32 panes=6
[2026-07-14 15:35:05] INFO     v1:300 — Design saved: window=32 panes=6
[2026-07-14 15:35:10] INFO     v1:300 — Design saved: window=32 panes=6
[2026-07-14 15:35:11] INFO     v1:300 — Design saved: window=32 panes=6
[2026-07-14 15:35:12] INFO     v1:300 — Design saved: window=32 panes=6
[2026-07-14 15:35:16] INFO     v1:300 — Design saved: window=32 panes=6
[2026-07-14 15:35:17] INFO     v1:300 — Design saved: window=32 panes=6
[2026-07-14 15:35:19] INFO     v1:300 — Design saved: window=32 panes=6
[2026-07-14 15:35:19] INFO     v1:300 — Design saved: window=32 panes=6
[2026-07-14 15:35:21] INFO     v1:300 — Design saved: window=32 panes=6
[2026-07-14 15:35:22] INFO     v1:300 — Design saved: window=32 panes=6
[2026-07-14 15:35:45] INFO     v1:300 — Design saved: window=32 panes=6
[2026-07-14 15:35:46] INFO     v1:300 — Design saved: window=32 panes=6
[2026-07-14 15:35:57] INFO     v1:300 — Design saved: window=32 panes=6
[2026-07-14 15:36:00] INFO     v1:300 — Design saved: window=32 panes=6
[2026-07-14 15:36:02] INFO     v1:300 — Design saved: window=32 panes=6
[2026-07-14 15:36:17] INFO     v1:300 — Design saved: window=32 panes=6
[2026-07-14 15:36:21] INFO     v1:300 — Design saved: window=32 panes=6
[2026-07-14 15:36:21] INFO     v1:300 — Design saved: window=32 panes=6
[2026-07-14 15:36:30] INFO     v1:300 — Design saved: window=32 panes=6
[2026-07-14 15:36:34] INFO     v1:300 — Design saved: window=32 panes=6
[2026-07-14 15:36:48] INFO     v1:300 — Design saved: window=32 panes=6
[2026-07-14 15:37:08] INFO     v1:300 — Design saved: window=32 panes=6
[2026-07-14 15:37:14] INFO     v1:300 — Design saved: window=32 panes=6
[2026-07-14 15:37:20] INFO     v1:300 — Design saved: window=32 panes=6
[2026-07-14 15:37:22] INFO     v1:300 — Design saved: window=32 panes=6
[2026-07-14 15:37:30] INFO     v1:300 — Design saved: window=32 panes=6
[2026-07-14 15:38:02] INFO     v1:300 — Design saved: window=32 panes=6
[2026-07-14 15:38:04] INFO     v1:300 — Design saved: window=32 panes=6
[2026-07-14 15:38:05] INFO     v1:300 — Design saved: window=32 panes=6
[2026-07-14 15:38:06] INFO     v1:300 — Design saved: window=32 panes=6
[2026-07-14 15:38:11] INFO     v1:300 — Design saved: window=32 panes=6
[2026-07-14 15:38:16] INFO     v1:300 — Design saved: window=32 panes=6
[2026-07-14 15:38:17] INFO     v1:300 — Design saved: window=32 panes=6
[2026-07-14 15:38:18] INFO     v1:300 — Design saved: window=32 panes=6
[2026-07-14 15:38:20] INFO     v1:300 — Design saved: window=32 panes=6
[2026-07-14 15:38:22] INFO     v1:300 — Design saved: window=32 panes=6
[2026-07-14 15:38:24] INFO     v1:300 — Design saved: window=32 panes=6
[2026-07-14 15:38:25] INFO     v1:300 — Design saved: window=32 panes=6
[2026-07-14 15:38:30] INFO     v1:300 — Design saved: window=32 panes=6
[2026-07-14 15:38:32] INFO     v1:300 — Design saved: window=32 panes=6
[2026-07-14 15:38:44] INFO     v1:300 — Design saved: window=32 panes=6
[2026-07-14 15:38:46] INFO     v1:300 — Design saved: window=32 panes=6
[2026-07-14 15:38:48] INFO     v1:300 — Design saved: window=32 panes=6
[2026-07-14 15:39:01] INFO     v1:300 — Design saved: window=32 panes=6
[2026-07-14 15:39:07] INFO     v1:300 — Design saved: window=32 panes=6
[2026-07-14 15:39:41] INFO     v1:300 — Design saved: window=32 panes=6
[2026-07-14 15:39:46] INFO     v1:300 — Design saved: window=32 panes=6
[2026-07-14 15:39:47] INFO     v1:300 — Design saved: window=32 panes=6
[2026-07-14 15:39:50] INFO     v1:300 — Design saved: window=32 panes=6
[2026-07-14 15:39:51] INFO     v1:300 — Design saved: window=32 panes=6
[2026-07-14 15:39:53] INFO     v1:300 — Design saved: window=32 panes=6
[2026-07-14 15:39:57] INFO     v1:300 — Design saved: window=32 panes=6
[2026-07-14 15:40:05] INFO     v1:300 — Design saved: window=32 panes=6
[2026-07-14 15:40:24] INFO     cad_export:122 — Advanced DXF built: window=32 1200x1400 → 81804 bytes
[2026-07-14 15:40:24] INFO     v1:150 — DXF export: window=32 bytes=81804
[2026-07-14 15:40:26] INFO     v1:300 — Design saved: window=32 panes=6
[2026-07-14 15:54:15] INFO     v1:300 — Design saved: window=32 panes=6
[2026-07-14 16:02:14] INFO     v1:300 — Design saved: window=32 panes=6
[2026-07-14 16:02:14] INFO     v1:300 — Design saved: window=32 panes=6
[2026-07-14 16:02:20] INFO     cad_export:122 — Advanced DXF built: window=31 1700x2100 → 79871 bytes
[2026-07-14 16:02:20] INFO     v1:150 — DXF export: window=31 bytes=79871
[2026-07-14 16:13:55] INFO     logging_config:160 — Quoting Studio — logging initialised (debug=True)
[2026-07-14 16:14:08] INFO     cad_export:122 — Advanced DXF built: window=31 1700x2100 → 79873 bytes
[2026-07-14 16:14:08] INFO     v1:150 — DXF export: window=31 bytes=79873
[2026-07-14 16:14:41] INFO     v1:300 — Design saved: window=31 panes=4
[2026-07-14 16:14:52] INFO     projects:183 — Project deleted: id=16 tenant=1
[2026-07-14 16:15:00] INFO     cad_export:122 — Advanced DXF built: window=24 2000x3000 → 62161 bytes
[2026-07-14 16:15:00] INFO     v1:150 — DXF export: window=24 bytes=62161
[2026-07-14 16:15:50] INFO     cad_export:122 — Advanced DXF built: window=25 1200x1400 → 74030 bytes
[2026-07-14 16:15:50] INFO     v1:150 — DXF export: window=25 bytes=74030
[2026-07-14 16:17:21] INFO     v1:300 — Design saved: window=24 panes=1
[2026-07-14 16:17:21] INFO     v1:377 — save_render: window=24 saved 38565 bytes -> E:\quoting_studio\06-07-2026\quoting_studio\uploads\renders\window-24.png
[2026-07-14 16:17:39] INFO     v1:208 — Engineering DXF: window=24 bytes=56727
[2026-07-14 16:17:48] WARNING  model3d:161 — Profile polygon build failed: No module named 'shapely'
[2026-07-14 16:17:55] INFO     v1:243 — 3D export: window=24 fmt=glb method=auto bytes=1728
[2026-07-14 16:25:47] INFO     logging_config:160 — Quoting Studio — logging initialised (debug=True)
[2026-07-14 16:25:51] INFO     logging_config:160 — Quoting Studio — logging initialised (debug=True)
[2026-07-14 16:25:59] WARNING  model3d:161 — Profile polygon build failed: No module named 'shapely'
[2026-07-14 16:26:01] INFO     v1:243 — 3D export: window=24 fmt=glb method=auto bytes=1728
[2026-07-14 16:26:20] WARNING  model3d:161 — Profile polygon build failed: No module named 'shapely'
[2026-07-14 16:26:20] INFO     v1:243 — 3D export: window=24 fmt=glb method=profile bytes=1728
[2026-07-14 16:26:22] INFO     v1:243 — 3D export: window=24 fmt=glb method=sweep bytes=3844
[2026-07-14 16:26:25] INFO     v1:243 — 3D export: window=24 fmt=glb method=extrude bytes=1728
[2026-07-14 16:27:11] INFO     __init__:96 — 404 Not Found — GET /.well-known/appspecific/com.chrome.devtools.json
[2026-07-14 16:29:41] WARNING  model3d:161 — Profile polygon build failed: No module named 'shapely'
[2026-07-14 16:29:41] INFO     v1:243 — 3D export: window=24 fmt=glb method=auto bytes=1728
[2026-07-14 16:35:40] INFO     logging_config:160 — Quoting Studio — logging initialised (debug=True)
[2026-07-14 16:36:02] INFO     cad_export:124 — Advanced DXF built: window=24 2000x3000 → 59943 bytes
[2026-07-14 16:36:02] INFO     v1:150 — DXF export: window=24 bytes=59943
[2026-07-14 16:39:18] INFO     v1:300 — Design saved: window=24 panes=2
[2026-07-14 16:39:24] INFO     v1:300 — Design saved: window=24 panes=3
[2026-07-14 16:39:28] INFO     v1:300 — Design saved: window=24 panes=4
[2026-07-14 16:39:32] INFO     v1:300 — Design saved: window=24 panes=5
[2026-07-14 16:39:35] INFO     v1:300 — Design saved: window=24 panes=6
[2026-07-14 16:39:40] INFO     v1:300 — Design saved: window=24 panes=7
[2026-07-14 16:39:46] INFO     v1:300 — Design saved: window=24 panes=8
[2026-07-14 16:40:03] INFO     v1:300 — Design saved: window=24 panes=9
[2026-07-14 16:40:07] INFO     v1:300 — Design saved: window=24 panes=10
[2026-07-14 16:40:11] INFO     v1:300 — Design saved: window=24 panes=11
[2026-07-14 16:40:15] INFO     v1:300 — Design saved: window=24 panes=12
[2026-07-14 16:40:28] INFO     v1:300 — Design saved: window=24 panes=12
[2026-07-14 16:40:28] INFO     v1:300 — Design saved: window=24 panes=12
[2026-07-14 16:40:28] INFO     v1:300 — Design saved: window=24 panes=12
[2026-07-14 16:40:34] INFO     cad_export:124 — Advanced DXF built: window=24 2000x3000 → 109603 bytes
[2026-07-14 16:40:34] INFO     v1:150 — DXF export: window=24 bytes=109603
[2026-07-14 16:40:58] WARNING  model3d:161 — Profile polygon build failed: No module named 'shapely'
[2026-07-14 16:41:02] INFO     v1:243 — 3D export: window=24 fmt=glb method=auto bytes=22040
[2026-07-14 16:41:07] INFO     v1:208 — Engineering DXF: window=24 bytes=101456
[2026-07-14 16:42:56] WARNING  model3d:161 — Profile polygon build failed: No module named 'shapely'
[2026-07-14 16:42:56] INFO     v1:243 — 3D export: window=24 fmt=step method=auto bytes=762588
[2026-07-14 16:45:12] INFO     v1:300 — Design saved: window=24 panes=12
[2026-07-14 16:45:39] INFO     v1:300 — Design saved: window=24 panes=12
[2026-07-14 16:45:55] INFO     v1:300 — Design saved: window=24 panes=12
[2026-07-14 16:51:18] INFO     v1:300 — Design saved: window=24 panes=12
[2026-07-14 17:01:45] INFO     logging_config:160 — Quoting Studio — logging initialised (debug=True)
[2026-07-14 17:01:49] INFO     logging_config:160 — Quoting Studio — logging initialised (debug=True)
[2026-07-14 17:01:51] INFO     v1:300 — Design saved: window=24 panes=12
[2026-07-14 17:01:51] INFO     v1:300 — Design saved: window=24 panes=12
[2026-07-14 17:02:19] INFO     v1:300 — Design saved: window=24 panes=13
[2026-07-14 17:02:41] INFO     v1:300 — Design saved: window=24 panes=14
[2026-07-14 17:02:46] INFO     v1:300 — Design saved: window=24 panes=14
[2026-07-14 17:02:48] INFO     v1:300 — Design saved: window=24 panes=14
[2026-07-14 17:02:48] INFO     v1:300 — Design saved: window=24 panes=14
[2026-07-14 17:03:05] INFO     projects:358 — Unit added: id=33 project=13 type=door tpl=doorSingle
[2026-07-14 17:03:09] INFO     v1:300 — Design saved: window=33 panes=1
[2026-07-14 17:03:16] INFO     v1:300 — Design saved: window=33 panes=2
[2026-07-14 17:03:24] INFO     v1:300 — Design saved: window=33 panes=3
[2026-07-14 17:03:29] INFO     v1:300 — Design saved: window=33 panes=4
[2026-07-14 17:03:38] INFO     v1:300 — Design saved: window=33 panes=5
[2026-07-14 17:03:51] INFO     v1:300 — Design saved: window=33 panes=6
[2026-07-14 17:03:56] INFO     v1:300 — Design saved: window=33 panes=7
[2026-07-14 17:04:01] INFO     v1:300 — Design saved: window=33 panes=8
[2026-07-14 17:04:25] INFO     v1:300 — Design saved: window=33 panes=9
[2026-07-14 17:04:31] INFO     v1:300 — Design saved: window=33 panes=10
[2026-07-14 17:04:39] INFO     v1:300 — Design saved: window=33 panes=10
[2026-07-14 17:04:52] INFO     v1:300 — Design saved: window=33 panes=10
[2026-07-14 17:04:52] INFO     v1:300 — Design saved: window=33 panes=10
[2026-07-14 18:26:35] INFO     projects:358 — Unit added: id=34 project=13 type=door tpl=doorSingle
[2026-07-14 18:26:42] INFO     v1:300 — Design saved: window=34 panes=3
[2026-07-14 18:26:46] INFO     v1:300 — Design saved: window=34 panes=3
[2026-07-14 18:26:50] INFO     v1:300 — Design saved: window=34 panes=4
[2026-07-14 18:26:56] INFO     v1:300 — Design saved: window=34 panes=5
[2026-07-14 18:27:03] INFO     v1:300 — Design saved: window=34 panes=6
[2026-07-14 18:27:09] INFO     v1:300 — Design saved: window=34 panes=7
[2026-07-14 18:27:21] INFO     v1:300 — Design saved: window=34 panes=7
[2026-07-14 18:27:25] INFO     v1:300 — Design saved: window=34 panes=7
[2026-07-14 18:27:29] INFO     v1:300 — Design saved: window=34 panes=7
[2026-07-14 18:27:35] INFO     v1:300 — Design saved: window=34 panes=7
[2026-07-14 18:27:36] INFO     v1:300 — Design saved: window=34 panes=7
[2026-07-14 18:27:39] INFO     v1:300 — Design saved: window=34 panes=7
[2026-07-14 18:27:47] INFO     v1:300 — Design saved: window=34 panes=7
[2026-07-14 18:30:42] INFO     v1:300 — Design saved: window=34 panes=7
[2026-07-14 18:30:42] INFO     v1:377 — save_render: window=34 saved 116966 bytes -> E:\quoting_studio\06-07-2026\quoting_studio\uploads\renders\window-34.png
[2026-07-14 18:30:42] INFO     v1:300 — Design saved: window=34 panes=7
[2026-07-14 18:30:42] INFO     v1:300 — Design saved: window=34 panes=7
[2026-07-14 18:32:00] INFO     projects:358 — Unit added: id=35 project=13 type=window tpl=quad
[2026-07-14 18:32:05] INFO     v1:300 — Design saved: window=35 panes=5
[2026-07-14 18:32:13] INFO     v1:300 — Design saved: window=35 panes=6
[2026-07-14 18:32:19] INFO     v1:300 — Design saved: window=35 panes=7
[2026-07-14 18:32:27] INFO     v1:300 — Design saved: window=35 panes=8
[2026-07-14 18:32:37] INFO     v1:300 — Design saved: window=35 panes=12
[2026-07-14 18:32:46] INFO     v1:300 — Design saved: window=35 panes=12
[2026-07-14 18:32:56] INFO     v1:300 — Design saved: window=35 panes=12
[2026-07-14 18:33:05] INFO     v1:300 — Design saved: window=35 panes=12
[2026-07-14 18:33:47] INFO     v1:300 — Design saved: window=35 panes=12
[2026-07-14 18:33:54] INFO     v1:300 — Design saved: window=35 panes=12
[2026-07-14 18:34:02] INFO     v1:300 — Design saved: window=35 panes=12
[2026-07-14 18:34:10] INFO     v1:300 — Design saved: window=35 panes=12
[2026-07-14 18:34:12] INFO     v1:300 — Design saved: window=35 panes=12
[2026-07-14 18:34:13] INFO     v1:300 — Design saved: window=35 panes=12
[2026-07-14 18:34:23] INFO     v1:300 — Design saved: window=35 panes=12
[2026-07-14 18:34:25] INFO     v1:300 — Design saved: window=35 panes=12
[2026-07-14 18:34:26] INFO     v1:300 — Design saved: window=35 panes=12
[2026-07-14 18:34:27] INFO     v1:300 — Design saved: window=35 panes=12
[2026-07-14 18:34:30] INFO     v1:300 — Design saved: window=35 panes=12
[2026-07-14 18:34:32] INFO     v1:300 — Design saved: window=35 panes=12
[2026-07-14 18:38:28] INFO     v1:300 — Design saved: window=35 panes=12
[2026-07-14 18:38:29] INFO     v1:300 — Design saved: window=35 panes=12
[2026-07-14 18:51:57] INFO     v1:300 — Design saved: window=35 panes=12
[2026-07-15 09:54:23] INFO     logging_config:160 — Quoting Studio — logging initialised (debug=True)
[2026-07-15 09:54:29] INFO     logging_config:160 — Quoting Studio — logging initialised (debug=True)
[2026-07-15 09:56:18] INFO     __init__:96 — 404 Not Found — GET /favicon.ico
[2026-07-15 09:56:20] INFO     auth:32 — Login success: aniket@gmail.com (tenant=1)
[2026-07-15 09:56:57] WARNING  model3d:161 — Profile polygon build failed: No module named 'shapely'
[2026-07-15 09:57:00] INFO     v1:243 — 3D export: window=25 fmt=glb method=auto bytes=3452
[2026-07-15 10:07:19] INFO     cad_export:124 — Advanced DXF built: window=24 2000x3000 → 117919 bytes
[2026-07-15 10:07:19] INFO     v1:150 — DXF export: window=24 bytes=117919
[2026-07-15 10:07:35] WARNING  model3d:161 — Profile polygon build failed: No module named 'shapely'
[2026-07-15 10:07:38] INFO     v1:243 — 3D export: window=24 fmt=glb method=auto bytes=27080
[2026-07-15 10:07:38] INFO     v1:208 — Engineering DXF: window=24 bytes=110251
[2026-07-15 10:09:48] INFO     v1:300 — Design saved: window=24 panes=14
[2026-07-15 10:09:49] INFO     v1:300 — Design saved: window=24 panes=14
[2026-07-15 10:09:52] INFO     v1:300 — Design saved: window=24 panes=14
[2026-07-15 10:10:03] INFO     v1:300 — Design saved: window=24 panes=14
[2026-07-15 10:13:31] INFO     v1:300 — Design saved: window=24 panes=14
[2026-07-15 10:13:31] INFO     v1:300 — Design saved: window=24 panes=14
[2026-07-15 10:16:44] INFO     logging_config:160 — Quoting Studio — logging initialised (debug=True)
[2026-07-15 10:17:24] INFO     logging_config:160 — Quoting Studio — logging initialised (debug=True)
[2026-07-15 10:18:56] INFO     logging_config:160 — Quoting Studio — logging initialised (debug=True)
[2026-07-15 10:18:59] INFO     logging_config:160 — Quoting Studio — logging initialised (debug=True)
[2026-07-15 10:19:07] WARNING  model3d:66 — assembly build failed (No module named 'shapely') — legacy fallback
[2026-07-15 10:19:09] WARNING  model3d:181 — Profile polygon build failed: No module named 'shapely'
[2026-07-15 10:19:10] INFO     v1:243 — 3D export: window=25 fmt=glb method=auto bytes=3452
[2026-07-15 10:19:29] WARNING  model3d:66 — assembly build failed (No module named 'shapely') — legacy fallback
[2026-07-15 10:19:29] INFO     v1:243 — 3D export: window=25 fmt=glb method=assembly bytes=3452
[2026-07-15 10:19:37] WARNING  model3d:181 — Profile polygon build failed: No module named 'shapely'
[2026-07-15 10:19:37] INFO     v1:243 — 3D export: window=25 fmt=glb method=profile bytes=3452
[2026-07-15 10:19:41] INFO     v1:243 — 3D export: window=25 fmt=glb method=sweep bytes=6432
[2026-07-15 10:19:42] INFO     v1:243 — 3D export: window=25 fmt=glb method=extrude bytes=3452
[2026-07-15 10:19:44] WARNING  model3d:66 — assembly build failed (No module named 'shapely') — legacy fallback
[2026-07-15 10:19:44] WARNING  model3d:181 — Profile polygon build failed: No module named 'shapely'
[2026-07-15 10:19:44] INFO     v1:243 — 3D export: window=25 fmt=glb method=auto bytes=3452
[2026-07-15 10:20:36] WARNING  model3d:66 — assembly build failed (No module named 'shapely') — legacy fallback
[2026-07-15 10:20:36] WARNING  model3d:181 — Profile polygon build failed: No module named 'shapely'
[2026-07-15 10:20:37] INFO     v1:243 — 3D export: window=34 fmt=glb method=auto bytes=9796
[2026-07-15 10:20:47] WARNING  model3d:66 — assembly build failed (No module named 'shapely') — legacy fallback
[2026-07-15 10:20:48] INFO     v1:243 — 3D export: window=34 fmt=glb method=assembly bytes=9796
[2026-07-15 10:21:09] WARNING  model3d:66 — assembly build failed (No module named 'shapely') — legacy fallback
[2026-07-15 10:21:09] WARNING  model3d:181 — Profile polygon build failed: No module named 'shapely'
[2026-07-15 10:21:10] INFO     v1:243 — 3D export: window=34 fmt=glb method=auto bytes=9796
[2026-07-15 10:21:12] WARNING  model3d:181 — Profile polygon build failed: No module named 'shapely'
[2026-07-15 10:21:12] INFO     v1:243 — 3D export: window=34 fmt=glb method=profile bytes=9796
[2026-07-15 10:21:38] WARNING  model3d:66 — assembly build failed (No module named 'shapely') — legacy fallback
[2026-07-15 10:21:38] WARNING  model3d:181 — Profile polygon build failed: No module named 'shapely'
[2026-07-15 10:21:38] INFO     v1:243 — 3D export: window=34 fmt=step method=auto bytes=354358
[2026-07-15 10:23:10] INFO     logging_config:160 — Quoting Studio — logging initialised (debug=True)
[2026-07-15 10:23:14] INFO     logging_config:160 — Quoting Studio — logging initialised (debug=True)
[2026-07-15 10:24:06] INFO     projects:358 — Unit added: id=36 project=13 type=door tpl=doorDouble
[2026-07-15 10:24:09] INFO     v1:300 — Design saved: window=36 panes=2
[2026-07-15 10:24:16] INFO     v1:300 — Design saved: window=36 panes=2
[2026-07-15 10:24:21] INFO     v1:300 — Design saved: window=36 panes=2
[2026-07-15 10:24:21] INFO     v1:300 — Design saved: window=36 panes=2
[2026-07-15 10:24:50] WARNING  model3d:66 — assembly build failed (No module named 'shapely') — legacy fallback
[2026-07-15 10:24:52] WARNING  model3d:181 — Profile polygon build failed: No module named 'shapely'
[2026-07-15 10:24:53] INFO     v1:243 — 3D export: window=36 fmt=glb method=auto bytes=2304
[2026-07-15 10:27:20] WARNING  model3d:66 — assembly build failed (No module named 'shapely') — legacy fallback
[2026-07-15 10:27:21] INFO     v1:243 — 3D export: window=36 fmt=glb method=assembly bytes=2304
[2026-07-15 10:27:26] WARNING  model3d:181 — Profile polygon build failed: No module named 'shapely'
[2026-07-15 10:27:26] INFO     v1:243 — 3D export: window=36 fmt=glb method=profile bytes=2304
[2026-07-15 10:27:57] WARNING  model3d:66 — assembly build failed (No module named 'shapely') — legacy fallback
[2026-07-15 10:27:57] INFO     v1:243 — 3D export: window=36 fmt=glb method=assembly bytes=2304
[2026-07-15 10:27:58] WARNING  model3d:66 — assembly build failed (No module named 'shapely') — legacy fallback
[2026-07-15 10:27:58] WARNING  model3d:181 — Profile polygon build failed: No module named 'shapely'
[2026-07-15 10:27:59] INFO     v1:243 — 3D export: window=36 fmt=glb method=auto bytes=2304
[2026-07-15 10:28:07] WARNING  model3d:66 — assembly build failed (No module named 'shapely') — legacy fallback
[2026-07-15 10:28:08] INFO     v1:243 — 3D export: window=36 fmt=glb method=assembly bytes=2304
[2026-07-15 10:28:08] WARNING  model3d:66 — assembly build failed (No module named 'shapely') — legacy fallback
[2026-07-15 10:28:08] WARNING  model3d:181 — Profile polygon build failed: No module named 'shapely'
[2026-07-15 10:28:09] INFO     v1:243 — 3D export: window=36 fmt=glb method=auto bytes=2304
[2026-07-15 10:29:04] INFO     v1:300 — Design saved: window=36 panes=2
[2026-07-15 10:29:08] INFO     v1:300 — Design saved: window=36 panes=2
[2026-07-15 10:29:09] INFO     v1:300 — Design saved: window=36 panes=2
[2026-07-15 10:29:23] INFO     v1:300 — Design saved: window=36 panes=2
[2026-07-15 10:29:24] INFO     v1:300 — Design saved: window=36 panes=2
[2026-07-15 10:29:38] INFO     v1:300 — Design saved: window=36 panes=2
[2026-07-15 10:30:11] INFO     v1:300 — Design saved: window=36 panes=2
[2026-07-15 10:30:13] WARNING  model3d:66 — assembly build failed (No module named 'shapely') — legacy fallback
[2026-07-15 10:30:13] INFO     v1:300 — Design saved: window=36 panes=2
[2026-07-15 10:30:13] WARNING  model3d:181 — Profile polygon build failed: No module named 'shapely'
[2026-07-15 10:30:14] INFO     v1:243 — 3D export: window=36 fmt=glb method=auto bytes=2304
[2026-07-15 10:33:59] INFO     logging_config:160 — Quoting Studio — logging initialised (debug=True)
[2026-07-15 10:36:32] INFO     v1:300 — Design saved: window=36 panes=2
[2026-07-15 10:36:32] INFO     v1:300 — Design saved: window=36 panes=2
[2026-07-15 10:39:13] INFO     logging_config:160 — Quoting Studio — logging initialised (debug=True)
[2026-07-15 10:39:42] INFO     logging_config:160 — Quoting Studio — logging initialised (debug=True)
[2026-07-15 10:39:47] INFO     logging_config:160 — Quoting Studio — logging initialised (debug=True)
[2026-07-15 10:40:02] WARNING  model3d:66 — assembly build failed (No module named 'shapely') — legacy fallback
[2026-07-15 10:40:04] WARNING  model3d:181 — Profile polygon build failed: No module named 'shapely'
[2026-07-15 10:40:04] INFO     v1:243 — 3D export: window=36 fmt=glb method=auto bytes=2304
[2026-07-15 10:40:08] WARNING  model3d:66 — assembly build failed (No module named 'shapely') — legacy fallback
[2026-07-15 10:40:09] INFO     v1:243 — 3D export: window=36 fmt=glb method=assembly bytes=2304
[2026-07-15 10:40:22] WARNING  model3d:181 — Profile polygon build failed: No module named 'shapely'
[2026-07-15 10:40:22] INFO     v1:243 — 3D export: window=36 fmt=glb method=profile bytes=2304
[2026-07-15 10:40:25] INFO     v1:243 — 3D export: window=36 fmt=glb method=sweep bytes=4996
[2026-07-15 10:40:49] INFO     v1:243 — 3D export: window=36 fmt=glb method=extrude bytes=2304
[2026-07-15 10:40:54] WARNING  model3d:66 — assembly build failed (No module named 'shapely') — legacy fallback
[2026-07-15 10:40:54] WARNING  model3d:181 — Profile polygon build failed: No module named 'shapely'
[2026-07-15 10:40:54] INFO     v1:243 — 3D export: window=36 fmt=glb method=auto bytes=2304
[2026-07-15 10:40:58] WARNING  model3d:66 — assembly build failed (No module named 'shapely') — legacy fallback
[2026-07-15 10:40:58] INFO     v1:243 — 3D export: window=36 fmt=glb method=assembly bytes=2304
[2026-07-15 10:41:02] WARNING  model3d:181 — Profile polygon build failed: No module named 'shapely'
[2026-07-15 10:41:03] INFO     v1:243 — 3D export: window=36 fmt=glb method=profile bytes=2304
[2026-07-15 10:41:09] INFO     v1:243 — 3D export: window=36 fmt=glb method=sweep bytes=4996
[2026-07-15 10:50:46] INFO     logging_config:160 — Quoting Studio — logging initialised (debug=True)
[2026-07-15 10:50:57] WARNING  model3d:66 — assembly build failed (No module named 'shapely') — legacy fallback
[2026-07-15 10:51:00] WARNING  model3d:181 — Profile polygon build failed: No module named 'shapely'
[2026-07-15 10:51:00] INFO     v1:243 — 3D export: window=36 fmt=glb method=auto bytes=2304
[2026-07-15 10:51:38] WARNING  model3d:66 — assembly build failed (No module named 'shapely') — legacy fallback
[2026-07-15 10:51:38] WARNING  model3d:181 — Profile polygon build failed: No module named 'shapely'
[2026-07-15 10:51:39] INFO     v1:243 — 3D export: window=36 fmt=glb method=auto bytes=2304
[2026-07-15 10:51:44] WARNING  model3d:66 — assembly build failed (No module named 'shapely') — legacy fallback
[2026-07-15 10:51:44] INFO     v1:243 — 3D export: window=36 fmt=glb method=assembly bytes=2304
[2026-07-15 10:52:17] INFO     v1:300 — Design saved: window=36 panes=2
[2026-07-15 10:52:26] INFO     v1:300 — Design saved: window=36 panes=2
[2026-07-15 10:52:32] INFO     v1:300 — Design saved: window=36 panes=2
[2026-07-15 10:58:28] INFO     logging_config:160 — Quoting Studio — logging initialised (debug=True)
[2026-07-15 10:58:42] INFO     logging_config:160 — Quoting Studio — logging initialised (debug=True)
[2026-07-15 10:58:46] INFO     logging_config:160 — Quoting Studio — logging initialised (debug=True)
[2026-07-15 10:59:11] INFO     model3d:63 — 3D assembly build OK: fmt=glb bytes=5968
[2026-07-15 10:59:11] INFO     v1:243 — 3D export: window=36 fmt=glb method=auto bytes=5968
[2026-07-15 10:59:33] INFO     v1:208 — Engineering DXF: window=36 bytes=62575
[2026-07-15 10:59:57] INFO     model3d:63 — 3D assembly build OK: fmt=step bytes=639364
[2026-07-15 10:59:57] INFO     v1:243 — 3D export: window=36 fmt=step method=auto bytes=639364
[2026-07-15 11:01:56] INFO     v1:300 — Design saved: window=36 panes=2
[2026-07-15 11:01:58] INFO     v1:300 — Design saved: window=36 panes=2
[2026-07-15 11:02:00] INFO     v1:300 — Design saved: window=36 panes=2
[2026-07-15 11:02:00] INFO     v1:300 — Design saved: window=36 panes=2
[2026-07-15 11:02:11] INFO     model3d:63 — 3D assembly build OK: fmt=glb bytes=5968
[2026-07-15 11:02:11] INFO     v1:243 — 3D export: window=36 fmt=glb method=assembly bytes=5968
[2026-07-15 11:02:51] WARNING  model3d:181 — Profile polygon build failed: No module named 'shapely'
[2026-07-15 11:02:51] INFO     v1:243 — 3D export: window=36 fmt=glb method=profile bytes=2304
[2026-07-15 11:02:56] INFO     v1:243 — 3D export: window=36 fmt=glb method=sweep bytes=4996
[2026-07-15 11:02:58] INFO     v1:243 — 3D export: window=36 fmt=glb method=extrude bytes=2304
[2026-07-15 11:03:00] INFO     model3d:63 — 3D assembly build OK: fmt=glb bytes=5968
[2026-07-15 11:03:00] INFO     v1:243 — 3D export: window=36 fmt=glb method=assembly bytes=5968
[2026-07-15 11:03:21] INFO     model3d:63 — 3D assembly build OK: fmt=glb bytes=5968
[2026-07-15 11:03:21] INFO     v1:243 — 3D export: window=36 fmt=glb method=auto bytes=5968
[2026-07-15 11:08:03] INFO     model3d:63 — 3D assembly build OK: fmt=glb bytes=5968
[2026-07-15 11:08:03] INFO     v1:243 — 3D export: window=36 fmt=glb method=auto bytes=5968
[2026-07-15 11:08:34] INFO     model3d:63 — 3D assembly build OK: fmt=glb bytes=5968
[2026-07-15 11:08:34] INFO     v1:243 — 3D export: window=36 fmt=glb method=auto bytes=5968
[2026-07-15 11:19:31] INFO     logging_config:160 — Quoting Studio — logging initialised (debug=True)
[2026-07-15 11:19:35] INFO     logging_config:160 — Quoting Studio — logging initialised (debug=True)
[2026-07-15 11:20:14] INFO     model3d:63 — 3D assembly build OK: fmt=glb bytes=5968
[2026-07-15 11:20:14] INFO     v1:241 — 3D export: window=36 fmt=glb method=auto bytes=5968
[2026-07-15 11:20:23] INFO     v1:208 — Engineering DXF: window=36 bytes=62573
[2026-07-15 11:20:31] INFO     __init__:96 — 404 Not Found — GET /.well-known/appspecific/com.chrome.devtools.json
[2026-07-15 11:29:38] INFO     logging_config:160 — Quoting Studio — logging initialised (debug=True)
[2026-07-15 11:29:44] INFO     logging_config:160 — Quoting Studio — logging initialised (debug=True)
[2026-07-15 11:29:55] INFO     model3d:63 — 3D assembly build OK: fmt=glb bytes=5968
[2026-07-15 11:29:55] INFO     v1:241 — 3D export: window=36 fmt=glb method=auto bytes=5968
[2026-07-15 11:30:12] INFO     model3d:63 — 3D assembly build OK: fmt=step bytes=639364
[2026-07-15 11:30:12] INFO     v1:241 — 3D export: window=36 fmt=step method=auto bytes=639364
[2026-07-15 11:30:56] INFO     __init__:96 — 404 Not Found — GET /favicon.ico
[2026-07-15 11:31:30] INFO     model3d:63 — 3D assembly build OK: fmt=step bytes=639364
[2026-07-15 11:31:30] INFO     v1:241 — 3D export: window=36 fmt=step method=auto bytes=639364
[2026-07-15 11:36:01] INFO     cad_export:124 — Advanced DXF built: window=36 2000x2100 → 65915 bytes
[2026-07-15 11:36:01] INFO     v1:150 — DXF export: window=36 bytes=65915
[2026-07-15 11:36:20] INFO     model3d:63 — 3D assembly build OK: fmt=glb bytes=5968
[2026-07-15 11:36:20] INFO     v1:241 — 3D export: window=36 fmt=glb method=auto bytes=5968
[2026-07-15 11:36:21] INFO     v1:208 — Engineering DXF: window=36 bytes=62573
[2026-07-15 11:41:53] INFO     logging_config:160 — Quoting Studio — logging initialised (debug=True)
[2026-07-15 11:46:18] INFO     logging_config:160 — Quoting Studio — logging initialised (debug=True)
[2026-07-15 11:46:21] INFO     logging_config:160 — Quoting Studio — logging initialised (debug=True)
[2026-07-15 11:46:44] INFO     v1:298 — Design saved: window=36 panes=2
[2026-07-15 11:46:49] INFO     v1:298 — Design saved: window=36 panes=2
[2026-07-15 11:46:55] INFO     v1:298 — Design saved: window=36 panes=2
[2026-07-15 11:46:59] INFO     v1:298 — Design saved: window=36 panes=2
[2026-07-15 11:47:02] INFO     v1:298 — Design saved: window=36 panes=2
[2026-07-15 11:47:04] INFO     v1:298 — Design saved: window=36 panes=2
[2026-07-15 11:47:07] INFO     v1:298 — Design saved: window=36 panes=2
[2026-07-15 11:47:13] INFO     v1:298 — Design saved: window=36 panes=2
[2026-07-15 11:47:26] INFO     v1:298 — Design saved: window=36 panes=2
[2026-07-15 11:47:28] INFO     model3d:63 — 3D assembly build OK: fmt=glb bytes=5968
[2026-07-15 11:47:28] INFO     v1:241 — 3D export: window=36 fmt=glb method=auto bytes=5968
[2026-07-15 11:48:25] INFO     model3d:63 — 3D assembly build OK: fmt=step bytes=657890
[2026-07-15 11:48:25] INFO     v1:241 — 3D export: window=36 fmt=step method=auto bytes=657890
[2026-07-15 11:49:54] INFO     v1:298 — Design saved: window=36 panes=2
[2026-07-15 11:50:01] INFO     v1:298 — Design saved: window=36 panes=2
[2026-07-15 11:50:05] INFO     v1:298 — Design saved: window=36 panes=2
[2026-07-15 12:00:15] INFO     v1:298 — Design saved: window=36 panes=2
[2026-07-15 12:07:28] INFO     logging_config:160 — Quoting Studio — logging initialised (debug=True)
[2026-07-15 12:07:32] INFO     v1:298 — Design saved: window=36 panes=2
[2026-07-15 12:07:32] INFO     v1:298 — Design saved: window=36 panes=2
[2026-07-15 12:07:44] INFO     v1:298 — Design saved: window=36 panes=2
[2026-07-15 12:07:47] INFO     v1:298 — Design saved: window=36 panes=2
[2026-07-15 12:07:49] INFO     v1:298 — Design saved: window=36 panes=2
[2026-07-15 12:07:52] INFO     v1:298 — Design saved: window=36 panes=2
[2026-07-15 12:07:54] INFO     v1:298 — Design saved: window=36 panes=2
[2026-07-15 12:07:58] INFO     v1:298 — Design saved: window=36 panes=2
[2026-07-15 12:08:01] INFO     v1:298 — Design saved: window=36 panes=2
[2026-07-15 12:08:02] INFO     v1:298 — Design saved: window=36 panes=2
[2026-07-15 12:08:02] INFO     v1:298 — Design saved: window=36 panes=2
[2026-07-15 12:08:05] INFO     v1:298 — Design saved: window=36 panes=2
[2026-07-15 12:08:07] INFO     model3d:63 — 3D assembly build OK: fmt=glb bytes=5968
[2026-07-15 12:08:07] INFO     v1:241 — 3D export: window=36 fmt=glb method=auto bytes=5968
[2026-07-15 12:08:42] WARNING  model3d:181 — Profile polygon build failed: No module named 'shapely'
[2026-07-15 12:08:43] INFO     v1:241 — 3D export: window=36 fmt=glb method=profile bytes=2304
[2026-07-15 12:08:45] INFO     model3d:63 — 3D assembly build OK: fmt=glb bytes=5968
[2026-07-15 12:08:45] INFO     v1:241 — 3D export: window=36 fmt=glb method=assembly bytes=5968
[2026-07-15 12:08:56] INFO     model3d:63 — 3D assembly build OK: fmt=stl bytes=9084
[2026-07-15 12:08:56] INFO     v1:241 — 3D export: window=36 fmt=stl method=assembly bytes=9084
[2026-07-15 12:15:14] INFO     v1:298 — Design saved: window=36 panes=2
[2026-07-15 12:15:29] INFO     v1:298 — Design saved: window=36 panes=3
[2026-07-15 12:15:37] INFO     v1:298 — Design saved: window=36 panes=4
[2026-07-15 12:15:45] INFO     v1:298 — Design saved: window=36 panes=2
[2026-07-15 12:16:20] INFO     v1:298 — Design saved: window=36 panes=2
[2026-07-15 12:16:22] INFO     v1:298 — Design saved: window=36 panes=2
[2026-07-15 12:16:24] INFO     v1:298 — Design saved: window=36 panes=2
[2026-07-15 12:16:39] INFO     v1:298 — Design saved: window=36 panes=2
[2026-07-15 12:16:39] INFO     v1:298 — Design saved: window=36 panes=2
[2026-07-15 12:21:22] INFO     logging_config:160 — Quoting Studio — logging initialised (debug=True)
[2026-07-15 12:21:26] INFO     logging_config:160 — Quoting Studio — logging initialised (debug=True)
[2026-07-15 12:21:27] ERROR    projects:73 — Error loading project detail id=13: Could not build url for endpoint 'projects.delete' with values ['project_id']. Did you mean 'projects.delete_window' instead?
Traceback (most recent call last):
  File "E:\quoting_studio\06-07-2026\quoting_studio\app\routes\projects.py", line 70, in detail
    return render_template('projects/detail.html',
                           project=project, windows=windows, quotes=quotes)
  File "C:\Users\ADMIN\AppData\Local\Python\pythoncore-3.14-64\Lib\site-packages\flask\templating.py", line 150, in render_template
    return _render(app, template, context)
  File "C:\Users\ADMIN\AppData\Local\Python\pythoncore-3.14-64\Lib\site-packages\flask\templating.py", line 131, in _render
    rv = template.render(context)
  File "C:\Users\ADMIN\AppData\Local\Python\pythoncore-3.14-64\Lib\site-packages\jinja2\environment.py", line 1295, in render
    self.environment.handle_exception()
    ~~~~~~~~~~~~~~~~~~~~~~~~~~~~~~~~~^^
  File "C:\Users\ADMIN\AppData\Local\Python\pythoncore-3.14-64\Lib\site-packages\jinja2\environment.py", line 942, in handle_exception
    raise rewrite_traceback_stack(source=source)
  File "E:\quoting_studio\06-07-2026\quoting_studio\app\templates\projects\detail.html", line 1, in top-level template code
    {% extends 'base.html' %}
  File "E:\quoting_studio\06-07-2026\quoting_studio\app\templates\base.html", line 67, in top-level template code
    {% block body %}{% endblock %}
    ^^^^^^^^^^^^^^^^^^^^^
  File "E:\quoting_studio\06-07-2026\quoting_studio\app\templates\projects\detail.html", line 146, in block 'body'
    <form method="POST" action="{{ url_for('projects.delete', project_id=project.id) }}"
    ^^^^^^^^^^^^^^^^^^^^^
  File "C:\Users\ADMIN\AppData\Local\Python\pythoncore-3.14-64\Lib\site-packages\flask\app.py", line 1084, in url_for
    return self.handle_url_build_error(error, endpoint, values)
           ~~~~~~~~~~~~~~~~~~~~~~~~~~~^^^^^^^^^^^^^^^^^^^^^^^^^
  File "C:\Users\ADMIN\AppData\Local\Python\pythoncore-3.14-64\Lib\site-packages\flask\app.py", line 1073, in url_for
    rv = url_adapter.build(  # type: ignore[union-attr]
        endpoint,
    ...<3 lines>...
        force_external=_external,
    )
  File "C:\Users\ADMIN\AppData\Local\Python\pythoncore-3.14-64\Lib\site-packages\werkzeug\routing\map.py", line 924, in build
    raise BuildError(endpoint, values, method, self)
werkzeug.routing.exceptions.BuildError: Could not build url for endpoint 'projects.delete' with values ['project_id']. Did you mean 'projects.delete_window' instead?
[2026-07-15 12:21:30] ERROR    projects:73 — Error loading project detail id=13: Could not build url for endpoint 'projects.delete' with values ['project_id']. Did you mean 'projects.delete_window' instead?
Traceback (most recent call last):
  File "E:\quoting_studio\06-07-2026\quoting_studio\app\routes\projects.py", line 70, in detail
    return render_template('projects/detail.html',
                           project=project, windows=windows, quotes=quotes)
  File "C:\Users\ADMIN\AppData\Local\Python\pythoncore-3.14-64\Lib\site-packages\flask\templating.py", line 150, in render_template
    return _render(app, template, context)
  File "C:\Users\ADMIN\AppData\Local\Python\pythoncore-3.14-64\Lib\site-packages\flask\templating.py", line 131, in _render
    rv = template.render(context)
  File "C:\Users\ADMIN\AppData\Local\Python\pythoncore-3.14-64\Lib\site-packages\jinja2\environment.py", line 1295, in render
    self.environment.handle_exception()
    ~~~~~~~~~~~~~~~~~~~~~~~~~~~~~~~~~^^
  File "C:\Users\ADMIN\AppData\Local\Python\pythoncore-3.14-64\Lib\site-packages\jinja2\environment.py", line 942, in handle_exception
    raise rewrite_traceback_stack(source=source)
  File "E:\quoting_studio\06-07-2026\quoting_studio\app\templates\projects\detail.html", line 1, in top-level template code
    {% extends 'base.html' %}
  File "E:\quoting_studio\06-07-2026\quoting_studio\app\templates\base.html", line 67, in top-level template code
    {% block body %}{% endblock %}
    ^^^^^^^^^^^^^^^^^^^^^
  File "E:\quoting_studio\06-07-2026\quoting_studio\app\templates\projects\detail.html", line 146, in block 'body'
    <form method="POST" action="{{ url_for('projects.delete', project_id=project.id) }}"
    ^^^^^^^^^^^^^^^^^^^^^
  File "C:\Users\ADMIN\AppData\Local\Python\pythoncore-3.14-64\Lib\site-packages\flask\app.py", line 1084, in url_for
    return self.handle_url_build_error(error, endpoint, values)
           ~~~~~~~~~~~~~~~~~~~~~~~~~~~^^^^^^^^^^^^^^^^^^^^^^^^^
  File "C:\Users\ADMIN\AppData\Local\Python\pythoncore-3.14-64\Lib\site-packages\flask\app.py", line 1073, in url_for
    rv = url_adapter.build(  # type: ignore[union-attr]
        endpoint,
    ...<3 lines>...
        force_external=_external,
    )
  File "C:\Users\ADMIN\AppData\Local\Python\pythoncore-3.14-64\Lib\site-packages\werkzeug\routing\map.py", line 924, in build
    raise BuildError(endpoint, values, method, self)
werkzeug.routing.exceptions.BuildError: Could not build url for endpoint 'projects.delete' with values ['project_id']. Did you mean 'projects.delete_window' instead?
[2026-07-15 12:21:39] ERROR    projects:73 — Error loading project detail id=13: Could not build url for endpoint 'projects.delete' with values ['project_id']. Did you mean 'projects.delete_window' instead?
Traceback (most recent call last):
  File "E:\quoting_studio\06-07-2026\quoting_studio\app\routes\projects.py", line 70, in detail
    return render_template('projects/detail.html',
                           project=project, windows=windows, quotes=quotes)
  File "C:\Users\ADMIN\AppData\Local\Python\pythoncore-3.14-64\Lib\site-packages\flask\templating.py", line 150, in render_template
    return _render(app, template, context)
  File "C:\Users\ADMIN\AppData\Local\Python\pythoncore-3.14-64\Lib\site-packages\flask\templating.py", line 131, in _render
    rv = template.render(context)
  File "C:\Users\ADMIN\AppData\Local\Python\pythoncore-3.14-64\Lib\site-packages\jinja2\environment.py", line 1295, in render
    self.environment.handle_exception()
    ~~~~~~~~~~~~~~~~~~~~~~~~~~~~~~~~~^^
  File "C:\Users\ADMIN\AppData\Local\Python\pythoncore-3.14-64\Lib\site-packages\jinja2\environment.py", line 942, in handle_exception
    raise rewrite_traceback_stack(source=source)
  File "E:\quoting_studio\06-07-2026\quoting_studio\app\templates\projects\detail.html", line 1, in top-level template code
    {% extends 'base.html' %}
  File "E:\quoting_studio\06-07-2026\quoting_studio\app\templates\base.html", line 67, in top-level template code
    {% block body %}{% endblock %}
    ^^^^^^^^^^^^^^^^^^^^^
  File "E:\quoting_studio\06-07-2026\quoting_studio\app\templates\projects\detail.html", line 146, in block 'body'
    <form method="POST" action="{{ url_for('projects.delete', project_id=project.id) }}"
    ^^^^^^^^^^^^^^^^^^^^^
  File "C:\Users\ADMIN\AppData\Local\Python\pythoncore-3.14-64\Lib\site-packages\flask\app.py", line 1084, in url_for
    return self.handle_url_build_error(error, endpoint, values)
           ~~~~~~~~~~~~~~~~~~~~~~~~~~~^^^^^^^^^^^^^^^^^^^^^^^^^
  File "C:\Users\ADMIN\AppData\Local\Python\pythoncore-3.14-64\Lib\site-packages\flask\app.py", line 1073, in url_for
    rv = url_adapter.build(  # type: ignore[union-attr]
        endpoint,
    ...<3 lines>...
        force_external=_external,
    )
  File "C:\Users\ADMIN\AppData\Local\Python\pythoncore-3.14-64\Lib\site-packages\werkzeug\routing\map.py", line 924, in build
    raise BuildError(endpoint, values, method, self)
werkzeug.routing.exceptions.BuildError: Could not build url for endpoint 'projects.delete' with values ['project_id']. Did you mean 'projects.delete_window' instead?
[2026-07-15 12:21:45] ERROR    projects:73 — Error loading project detail id=13: Could not build url for endpoint 'projects.delete' with values ['project_id']. Did you mean 'projects.delete_window' instead?
Traceback (most recent call last):
  File "E:\quoting_studio\06-07-2026\quoting_studio\app\routes\projects.py", line 70, in detail
    return render_template('projects/detail.html',
                           project=project, windows=windows, quotes=quotes)
  File "C:\Users\ADMIN\AppData\Local\Python\pythoncore-3.14-64\Lib\site-packages\flask\templating.py", line 150, in render_template
    return _render(app, template, context)
  File "C:\Users\ADMIN\AppData\Local\Python\pythoncore-3.14-64\Lib\site-packages\flask\templating.py", line 131, in _render
    rv = template.render(context)
  File "C:\Users\ADMIN\AppData\Local\Python\pythoncore-3.14-64\Lib\site-packages\jinja2\environment.py", line 1295, in render
    self.environment.handle_exception()
    ~~~~~~~~~~~~~~~~~~~~~~~~~~~~~~~~~^^
  File "C:\Users\ADMIN\AppData\Local\Python\pythoncore-3.14-64\Lib\site-packages\jinja2\environment.py", line 942, in handle_exception
    raise rewrite_traceback_stack(source=source)
  File "E:\quoting_studio\06-07-2026\quoting_studio\app\templates\projects\detail.html", line 1, in top-level template code
    {% extends 'base.html' %}
  File "E:\quoting_studio\06-07-2026\quoting_studio\app\templates\base.html", line 67, in top-level template code
    {% block body %}{% endblock %}
    ^^^^^^^^^^^^^^^^^^^^^
  File "E:\quoting_studio\06-07-2026\quoting_studio\app\templates\projects\detail.html", line 146, in block 'body'
    <form method="POST" action="{{ url_for('projects.delete', project_id=project.id) }}"
    ^^^^^^^^^^^^^^^^^^^^^
  File "C:\Users\ADMIN\AppData\Local\Python\pythoncore-3.14-64\Lib\site-packages\flask\app.py", line 1084, in url_for
    return self.handle_url_build_error(error, endpoint, values)
           ~~~~~~~~~~~~~~~~~~~~~~~~~~~^^^^^^^^^^^^^^^^^^^^^^^^^
  File "C:\Users\ADMIN\AppData\Local\Python\pythoncore-3.14-64\Lib\site-packages\flask\app.py", line 1073, in url_for
    rv = url_adapter.build(  # type: ignore[union-attr]
        endpoint,
    ...<3 lines>...
        force_external=_external,
    )
  File "C:\Users\ADMIN\AppData\Local\Python\pythoncore-3.14-64\Lib\site-packages\werkzeug\routing\map.py", line 924, in build
    raise BuildError(endpoint, values, method, self)
werkzeug.routing.exceptions.BuildError: Could not build url for endpoint 'projects.delete' with values ['project_id']. Did you mean 'projects.delete_window' instead?
[2026-07-15 12:21:50] INFO     __init__:96 — 404 Not Found — GET /.well-known/appspecific/com.chrome.devtools.json
[2026-07-15 12:21:54] ERROR    projects:73 — Error loading project detail id=13: Could not build url for endpoint 'projects.delete' with values ['project_id']. Did you mean 'projects.delete_window' instead?
Traceback (most recent call last):
  File "E:\quoting_studio\06-07-2026\quoting_studio\app\routes\projects.py", line 70, in detail
    return render_template('projects/detail.html',
                           project=project, windows=windows, quotes=quotes)
  File "C:\Users\ADMIN\AppData\Local\Python\pythoncore-3.14-64\Lib\site-packages\flask\templating.py", line 150, in render_template
    return _render(app, template, context)
  File "C:\Users\ADMIN\AppData\Local\Python\pythoncore-3.14-64\Lib\site-packages\flask\templating.py", line 131, in _render
    rv = template.render(context)
  File "C:\Users\ADMIN\AppData\Local\Python\pythoncore-3.14-64\Lib\site-packages\jinja2\environment.py", line 1295, in render
    self.environment.handle_exception()
    ~~~~~~~~~~~~~~~~~~~~~~~~~~~~~~~~~^^
  File "C:\Users\ADMIN\AppData\Local\Python\pythoncore-3.14-64\Lib\site-packages\jinja2\environment.py", line 942, in handle_exception
    raise rewrite_traceback_stack(source=source)
  File "E:\quoting_studio\06-07-2026\quoting_studio\app\templates\projects\detail.html", line 1, in top-level template code
    {% extends 'base.html' %}
  File "E:\quoting_studio\06-07-2026\quoting_studio\app\templates\base.html", line 67, in top-level template code
    {% block body %}{% endblock %}
    ^^^^^^^^^^^^^^^^^^^^^
  File "E:\quoting_studio\06-07-2026\quoting_studio\app\templates\projects\detail.html", line 146, in block 'body'
    <form method="POST" action="{{ url_for('projects.delete', project_id=project.id) }}"
    ^^^^^^^^^^^^^^^^^^^^^
  File "C:\Users\ADMIN\AppData\Local\Python\pythoncore-3.14-64\Lib\site-packages\flask\app.py", line 1084, in url_for
    return self.handle_url_build_error(error, endpoint, values)
           ~~~~~~~~~~~~~~~~~~~~~~~~~~~^^^^^^^^^^^^^^^^^^^^^^^^^
  File "C:\Users\ADMIN\AppData\Local\Python\pythoncore-3.14-64\Lib\site-packages\flask\app.py", line 1073, in url_for
    rv = url_adapter.build(  # type: ignore[union-attr]
        endpoint,
    ...<3 lines>...
        force_external=_external,
    )
  File "C:\Users\ADMIN\AppData\Local\Python\pythoncore-3.14-64\Lib\site-packages\werkzeug\routing\map.py", line 924, in build
    raise BuildError(endpoint, values, method, self)
werkzeug.routing.exceptions.BuildError: Could not build url for endpoint 'projects.delete' with values ['project_id']. Did you mean 'projects.delete_window' instead?
[2026-07-15 12:21:54] INFO     __init__:96 — 404 Not Found — GET /.well-known/appspecific/com.chrome.devtools.json
[2026-07-15 12:23:25] INFO     logging_config:160 — Quoting Studio — logging initialised (debug=True)
[2026-07-15 12:26:54] INFO     logging_config:160 — Quoting Studio — logging initialised (debug=True)
[2026-07-15 12:27:07] INFO     v1:298 — Design saved: window=25 panes=3
[2026-07-15 12:27:08] INFO     v1:298 — Design saved: window=25 panes=3
[2026-07-15 12:27:08] INFO     v1:298 — Design saved: window=25 panes=3
[2026-07-15 12:27:08] INFO     v1:298 — Design saved: window=25 panes=3
[2026-07-15 12:27:34] INFO     v1:298 — Design saved: window=25 panes=3
[2026-07-15 12:27:36] INFO     v1:298 — Design saved: window=25 panes=3
[2026-07-15 12:27:37] INFO     v1:298 — Design saved: window=25 panes=3
[2026-07-15 12:27:37] INFO     v1:298 — Design saved: window=25 panes=3
[2026-07-15 12:27:37] INFO     v1:298 — Design saved: window=25 panes=3
[2026-07-15 12:27:39] INFO     v1:298 — Design saved: window=33 panes=10
[2026-07-15 12:27:39] INFO     v1:298 — Design saved: window=34 panes=7
[2026-07-15 12:27:40] INFO     v1:298 — Design saved: window=35 panes=12
[2026-07-15 12:27:42] INFO     v1:298 — Design saved: window=36 panes=2
[2026-07-15 12:28:04] INFO     v1:298 — Design saved: window=25 panes=3
[2026-07-15 12:28:05] INFO     v1:298 — Design saved: window=25 panes=3
[2026-07-15 12:28:05] INFO     v1:298 — Design saved: window=25 panes=3
[2026-07-15 12:28:05] INFO     v1:298 — Design saved: window=25 panes=3
[2026-07-15 12:28:19] INFO     v1:298 — Design saved: window=25 panes=3
[2026-07-15 12:28:27] INFO     v1:298 — Design saved: window=25 panes=3
[2026-07-15 12:28:36] INFO     v1:298 — Design saved: window=25 panes=3
[2026-07-15 12:30:24] INFO     v1:298 — Design saved: window=25 panes=3
[2026-07-15 12:30:24] INFO     v1:298 — Design saved: window=25 panes=3
[2026-07-15 12:32:12] INFO     logging_config:160 — Quoting Studio — logging initialised (debug=True)
[2026-07-15 12:32:16] INFO     logging_config:160 — Quoting Studio — logging initialised (debug=True)
[2026-07-15 12:32:29] INFO     v1:298 — Design saved: window=25 panes=3
[2026-07-15 12:32:30] INFO     v1:298 — Design saved: window=25 panes=3
[2026-07-15 12:32:30] INFO     v1:298 — Design saved: window=25 panes=3
[2026-07-15 12:32:30] INFO     v1:298 — Design saved: window=25 panes=3
[2026-07-15 12:34:11] INFO     v1:298 — Design saved: window=34 panes=7
[2026-07-15 12:34:14] INFO     v1:298 — Design saved: window=34 panes=7
[2026-07-15 12:34:16] INFO     v1:298 — Design saved: window=34 panes=7
[2026-07-15 12:34:18] INFO     v1:298 — Design saved: window=34 panes=7
[2026-07-15 12:34:21] INFO     v1:298 — Design saved: window=34 panes=7
[2026-07-15 12:34:26] INFO     v1:298 — Design saved: window=34 panes=7
[2026-07-15 12:34:38] INFO     v1:298 — Design saved: window=34 panes=7
[2026-07-15 12:34:38] INFO     v1:298 — Design saved: window=34 panes=7
[2026-07-15 12:34:38] INFO     v1:298 — Design saved: window=34 panes=7
[2026-07-15 12:34:53] INFO     model3d:63 — 3D assembly build OK: fmt=glb bytes=12160
[2026-07-15 12:34:53] INFO     v1:241 — 3D export: window=34 fmt=glb method=auto bytes=12160
[2026-07-15 12:35:19] INFO     model3d:63 — 3D assembly build OK: fmt=stl bytes=19884
[2026-07-15 12:35:19] INFO     v1:241 — 3D export: window=34 fmt=stl method=auto bytes=19884
[2026-07-15 12:35:36] INFO     model3d:63 — 3D assembly build OK: fmt=stl bytes=19884
[2026-07-15 12:35:36] INFO     v1:241 — 3D export: window=34 fmt=stl method=auto bytes=19884
[2026-07-15 12:37:35] INFO     model3d:63 — 3D assembly build OK: fmt=step bytes=1141822
[2026-07-15 12:37:35] INFO     v1:241 — 3D export: window=34 fmt=step method=auto bytes=1141822
[2026-07-15 12:51:10] INFO     logging_config:160 — Quoting Studio — logging initialised (debug=True)
[2026-07-15 12:51:14] INFO     logging_config:160 — Quoting Studio — logging initialised (debug=True)
[2026-07-15 12:51:27] WARNING  model3d_freecad:98 — FreeCAD stderr: Exception while processing file: E:/qs_fc_25.py [name 'true' is not defined]

[2026-07-15 12:51:28] WARNING  model3d:68 — FreeCAD build failed (FreeCAD script did not complete. stdout: ber F_jambL OK (role=jamb)
  member F_jambR OK (role=jamb)
  member M_mull1 OK (role=mullion)
  member T_tran1 OK (role=transom)
FreeCAD 1.1.1, Libs: 1.1.1R20260414 (Git shallow)
(C) 2001-2026 FreeCAD contributors
FreeCAD is free and open-source software licensed under the terms of LGPL2+ license.

) — trimesh fallback
[2026-07-15 12:51:30] INFO     model3d:76 — trimesh assembly OK: fmt=glb bytes=4536
[2026-07-15 12:51:30] INFO     v1:241 — 3D export: window=25 fmt=glb method=auto bytes=4536
[2026-07-15 12:51:30] WARNING  model3d_freecad:98 — FreeCAD stderr: Exception while processing file: E:/qs_fc_25.py [name 'true' is not defined]

[2026-07-15 12:51:30] WARNING  model3d:68 — FreeCAD build failed (FreeCAD script did not complete. stdout: ber F_jambL OK (role=jamb)
  member F_jambR OK (role=jamb)
  member M_mull1 OK (role=mullion)
  member T_tran1 OK (role=transom)
FreeCAD 1.1.1, Libs: 1.1.1R20260414 (Git shallow)
(C) 2001-2026 FreeCAD contributors
FreeCAD is free and open-source software licensed under the terms of LGPL2+ license.

) — trimesh fallback
[2026-07-15 12:51:33] INFO     v1:241 — 3D export: window=25 fmt=glb method=freecad bytes=3452
[2026-07-15 12:51:48] WARNING  model3d_freecad:98 — FreeCAD stderr: Exception while processing file: E:/qs_fc_25.py [name 'true' is not defined]

[2026-07-15 12:51:48] WARNING  model3d:68 — FreeCAD build failed (FreeCAD script did not complete. stdout: ber F_jambL OK (role=jamb)
  member F_jambR OK (role=jamb)
  member M_mull1 OK (role=mullion)
  member T_tran1 OK (role=transom)
FreeCAD 1.1.1, Libs: 1.1.1R20260414 (Git shallow)
(C) 2001-2026 FreeCAD contributors
FreeCAD is free and open-source software licensed under the terms of LGPL2+ license.

) — trimesh fallback
[2026-07-15 12:51:48] INFO     v1:241 — 3D export: window=25 fmt=step method=freecad bytes=125303
[2026-07-15 12:52:23] WARNING  model3d_freecad:98 — FreeCAD stderr: Exception while processing file: E:/qs_fc_25.py [name 'true' is not defined]

[2026-07-15 12:52:24] WARNING  model3d:68 — FreeCAD build failed (FreeCAD script did not complete. stdout: ber F_jambL OK (role=jamb)
  member F_jambR OK (role=jamb)
  member M_mull1 OK (role=mullion)
  member T_tran1 OK (role=transom)
FreeCAD 1.1.1, Libs: 1.1.1R20260414 (Git shallow)
(C) 2001-2026 FreeCAD contributors
FreeCAD is free and open-source software licensed under the terms of LGPL2+ license.

) — trimesh fallback
[2026-07-15 12:52:24] INFO     model3d:76 — trimesh assembly OK: fmt=glb bytes=4536
[2026-07-15 12:52:24] INFO     v1:241 — 3D export: window=25 fmt=glb method=auto bytes=4536
[2026-07-15 12:52:26] WARNING  model3d_freecad:98 — FreeCAD stderr: Exception while processing file: E:/qs_fc_25.py [name 'true' is not defined]

[2026-07-15 12:52:26] WARNING  model3d:68 — FreeCAD build failed (FreeCAD script did not complete. stdout: ber F_jambL OK (role=jamb)
  member F_jambR OK (role=jamb)
  member M_mull1 OK (role=mullion)
  member T_tran1 OK (role=transom)
FreeCAD 1.1.1, Libs: 1.1.1R20260414 (Git shallow)
(C) 2001-2026 FreeCAD contributors
FreeCAD is free and open-source software licensed under the terms of LGPL2+ license.

) — trimesh fallback
[2026-07-15 12:52:27] INFO     model3d:76 — trimesh assembly OK: fmt=step bytes=255184
[2026-07-15 12:52:27] INFO     v1:241 — 3D export: window=25 fmt=step method=auto bytes=255184
[2026-07-15 12:53:34] INFO     v1:298 — Design saved: window=25 panes=3
[2026-07-15 12:53:38] INFO     v1:298 — Design saved: window=25 panes=3
[2026-07-15 12:53:41] INFO     v1:298 — Design saved: window=25 panes=3
[2026-07-15 12:53:43] INFO     v1:298 — Design saved: window=25 panes=3
[2026-07-15 12:53:45] INFO     v1:298 — Design saved: window=25 panes=3
[2026-07-15 12:53:49] INFO     v1:298 — Design saved: window=25 panes=3
[2026-07-15 12:53:49] INFO     v1:298 — Design saved: window=25 panes=3
[2026-07-15 12:53:49] INFO     v1:298 — Design saved: window=25 panes=3
[2026-07-15 12:54:01] WARNING  model3d_freecad:98 — FreeCAD stderr: Exception while processing file: E:/qs_fc_25.py [name 'true' is not defined]

[2026-07-15 12:54:01] WARNING  model3d:68 — FreeCAD build failed (FreeCAD script did not complete. stdout: ber F_jambL OK (role=jamb)
  member F_jambR OK (role=jamb)
  member M_mull1 OK (role=mullion)
  member T_tran1 OK (role=transom)
FreeCAD 1.1.1, Libs: 1.1.1R20260414 (Git shallow)
(C) 2001-2026 FreeCAD contributors
FreeCAD is free and open-source software licensed under the terms of LGPL2+ license.

) — trimesh fallback
[2026-07-15 12:54:02] INFO     model3d:76 — trimesh assembly OK: fmt=glb bytes=4512
[2026-07-15 12:54:02] INFO     v1:241 — 3D export: window=25 fmt=glb method=auto bytes=4512
[2026-07-15 12:54:26] WARNING  model3d_freecad:98 — FreeCAD stderr: Exception while processing file: E:/qs_fc_25.py [name 'true' is not defined]

[2026-07-15 12:54:27] WARNING  model3d:68 — FreeCAD build failed (FreeCAD script did not complete. stdout: ber F_jambL OK (role=jamb)
  member F_jambR OK (role=jamb)
  member M_mull1 OK (role=mullion)
  member T_tran1 OK (role=transom)
FreeCAD 1.1.1, Libs: 1.1.1R20260414 (Git shallow)
(C) 2001-2026 FreeCAD contributors
FreeCAD is free and open-source software licensed under the terms of LGPL2+ license.

) — trimesh fallback
[2026-07-15 12:54:27] INFO     v1:241 — 3D export: window=25 fmt=glb method=freecad bytes=3452
[2026-07-15 12:54:30] WARNING  model3d_freecad:98 — FreeCAD stderr: Exception while processing file: E:/qs_fc_25.py [name 'true' is not defined]

[2026-07-15 12:54:30] WARNING  model3d:68 — FreeCAD build failed (FreeCAD script did not complete. stdout: ber F_jambL OK (role=jamb)
  member F_jambR OK (role=jamb)
  member M_mull1 OK (role=mullion)
  member T_tran1 OK (role=transom)
FreeCAD 1.1.1, Libs: 1.1.1R20260414 (Git shallow)
(C) 2001-2026 FreeCAD contributors
FreeCAD is free and open-source software licensed under the terms of LGPL2+ license.

) — trimesh fallback
[2026-07-15 12:54:30] INFO     model3d:76 — trimesh assembly OK: fmt=glb bytes=4512
[2026-07-15 12:54:30] INFO     v1:241 — 3D export: window=25 fmt=glb method=assembly bytes=4512
[2026-07-15 12:54:55] WARNING  model3d_freecad:98 — FreeCAD stderr: Exception while processing file: E:/qs_fc_25.py [name 'true' is not defined]

[2026-07-15 12:54:55] WARNING  model3d:68 — FreeCAD build failed (FreeCAD script did not complete. stdout: ber F_jambL OK (role=jamb)
  member F_jambR OK (role=jamb)
  member M_mull1 OK (role=mullion)
  member T_tran1 OK (role=transom)
FreeCAD 1.1.1, Libs: 1.1.1R20260414 (Git shallow)
(C) 2001-2026 FreeCAD contributors
FreeCAD is free and open-source software licensed under the terms of LGPL2+ license.

) — trimesh fallback
[2026-07-15 12:54:55] INFO     model3d:76 — trimesh assembly OK: fmt=glb bytes=4512
[2026-07-15 12:54:55] INFO     v1:241 — 3D export: window=25 fmt=glb method=auto bytes=4512
[2026-07-15 13:55:14] INFO     logging_config:160 — Quoting Studio — logging initialised (debug=True)
[2026-07-15 13:55:18] INFO     logging_config:160 — Quoting Studio — logging initialised (debug=True)
[2026-07-15 13:55:24] WARNING  model3d_freecad:92 — FreeCAD stderr: Exception while processing file: E:/qs_fc_25.py [name 'true' is not defined]

[2026-07-15 13:55:24] WARNING  model3d:68 — FreeCAD build failed (FreeCAD script did not complete. stdout: 45mm bar=90 depth=65)
  M_mull1 ok  (role=mullion L=575mm bar=90 depth=72)
  T_tran1 ok  (role=transom L=1020mm bar=85 depth=65)
FreeCAD 1.1.1, Libs: 1.1.1R20260414 (Git shallow)
(C) 2001-2026 FreeCAD contributors
FreeCAD is free and open-source software licensed under the terms of LGPL2+ license.

) — trimesh fallback
[2026-07-15 13:55:26] INFO     model3d:76 — trimesh assembly OK: fmt=glb bytes=4512
[2026-07-15 13:55:26] INFO     v1:241 — 3D export: window=25 fmt=glb method=auto bytes=4512
[2026-07-15 13:55:27] WARNING  model3d_freecad:92 — FreeCAD stderr: Exception while processing file: E:/qs_fc_25.py [name 'true' is not defined]

[2026-07-15 13:55:27] WARNING  model3d:68 — FreeCAD build failed (FreeCAD script did not complete. stdout: 45mm bar=90 depth=65)
  M_mull1 ok  (role=mullion L=575mm bar=90 depth=72)
  T_tran1 ok  (role=transom L=1020mm bar=85 depth=65)
FreeCAD 1.1.1, Libs: 1.1.1R20260414 (Git shallow)
(C) 2001-2026 FreeCAD contributors
FreeCAD is free and open-source software licensed under the terms of LGPL2+ license.

) — trimesh fallback
[2026-07-15 13:55:30] INFO     v1:241 — 3D export: window=25 fmt=glb method=freecad bytes=3452
[2026-07-15 13:55:41] WARNING  model3d_freecad:92 — FreeCAD stderr: Exception while processing file: E:/qs_fc_25.py [name 'true' is not defined]

[2026-07-15 13:55:41] WARNING  model3d:68 — FreeCAD build failed (FreeCAD script did not complete. stdout: 45mm bar=90 depth=65)
  M_mull1 ok  (role=mullion L=575mm bar=90 depth=72)
  T_tran1 ok  (role=transom L=1020mm bar=85 depth=65)
FreeCAD 1.1.1, Libs: 1.1.1R20260414 (Git shallow)
(C) 2001-2026 FreeCAD contributors
FreeCAD is free and open-source software licensed under the terms of LGPL2+ license.

) — trimesh fallback
[2026-07-15 13:55:41] INFO     model3d:76 — trimesh assembly OK: fmt=glb bytes=4512
[2026-07-15 13:55:41] INFO     v1:241 — 3D export: window=25 fmt=glb method=auto bytes=4512
[2026-07-15 13:58:19] INFO     v1:298 — Design saved: window=25 panes=3
[2026-07-15 13:58:22] INFO     v1:298 — Design saved: window=25 panes=3
[2026-07-15 13:58:24] INFO     v1:298 — Design saved: window=25 panes=3
[2026-07-15 13:58:25] INFO     v1:298 — Design saved: window=25 panes=3
[2026-07-15 13:58:29] INFO     v1:298 — Design saved: window=25 panes=3
[2026-07-15 13:58:30] INFO     v1:298 — Design saved: window=25 panes=3
[2026-07-15 13:58:32] INFO     v1:298 — Design saved: window=25 panes=3
[2026-07-15 13:58:40] INFO     v1:298 — Design saved: window=25 panes=3
[2026-07-15 13:58:40] INFO     v1:298 — Design saved: window=25 panes=3
[2026-07-15 14:03:41] INFO     projects:380 — Unit added: id=37 project=13 type=door tpl=doorSingle
[2026-07-15 14:03:46] INFO     v1:298 — Design saved: window=37 panes=1
[2026-07-15 14:04:00] INFO     v1:298 — Design saved: window=37 panes=2
[2026-07-15 14:04:14] INFO     v1:298 — Design saved: window=37 panes=2
[2026-07-15 14:04:17] INFO     v1:298 — Design saved: window=37 panes=2
[2026-07-15 14:04:18] INFO     v1:298 — Design saved: window=37 panes=2
[2026-07-15 14:04:54] INFO     v1:298 — Design saved: window=37 panes=2
[2026-07-15 14:05:06] INFO     v1:298 — Design saved: window=37 panes=2
[2026-07-15 14:05:08] INFO     v1:298 — Design saved: window=37 panes=2
[2026-07-15 14:05:10] INFO     v1:298 — Design saved: window=37 panes=2
[2026-07-15 14:05:12] INFO     v1:298 — Design saved: window=37 panes=2
[2026-07-15 14:05:13] INFO     v1:298 — Design saved: window=37 panes=2
[2026-07-15 14:05:17] INFO     v1:298 — Design saved: window=37 panes=2
[2026-07-15 14:05:17] INFO     v1:298 — Design saved: window=37 panes=2
[2026-07-15 14:05:17] INFO     v1:298 — Design saved: window=37 panes=2
[2026-07-15 14:05:34] WARNING  model3d_freecad:92 — FreeCAD stderr: Exception while processing file: E:/qs_fc_37.py [name 'true' is not defined]

[2026-07-15 14:05:34] WARNING  model3d:68 — FreeCAD build failed (FreeCAD script did not complete. stdout: ole=sash L=1496mm bar=67 depth=90)
  S2_L ok  (role=sash L=912mm bar=67 depth=90)
  S2_R ok  (role=sash L=912mm bar=67 depth=90)
FreeCAD 1.1.1, Libs: 1.1.1R20260414 (Git shallow)
(C) 2001-2026 FreeCAD contributors
FreeCAD is free and open-source software licensed under the terms of LGPL2+ license.

) — trimesh fallback
[2026-07-15 14:05:34] INFO     model3d:76 — trimesh assembly OK: fmt=glb bytes=5964
[2026-07-15 14:05:34] INFO     v1:241 — 3D export: window=37 fmt=glb method=auto bytes=5964
[2026-07-15 14:16:09] INFO     v1:298 — Design saved: window=37 panes=2
[2026-07-15 14:16:10] INFO     v1:298 — Design saved: window=37 panes=2
[2026-07-15 14:16:11] INFO     v1:298 — Design saved: window=37 panes=2
[2026-07-15 14:16:12] INFO     v1:298 — Design saved: window=37 panes=2
[2026-07-15 14:16:16] INFO     v1:298 — Design saved: window=37 panes=2
[2026-07-15 14:16:20] INFO     v1:298 — Design saved: window=37 panes=2
[2026-07-15 14:16:21] INFO     v1:298 — Design saved: window=37 panes=2
[2026-07-15 14:16:21] INFO     v1:298 — Design saved: window=37 panes=2
[2026-07-15 14:16:21] INFO     v1:298 — Design saved: window=37 panes=2
[2026-07-15 14:16:30] INFO     v1:298 — Design saved: window=37 panes=2
[2026-07-15 14:16:30] INFO     v1:375 — save_render: window=37 saved 38298 bytes -> E:\quoting_studio\06-07-2026\quoting_studio\uploads\renders\window-37.png
[2026-07-15 14:17:59] INFO     v1:298 — Design saved: window=37 panes=2
[2026-07-15 14:18:00] INFO     v1:298 — Design saved: window=37 panes=2
[2026-07-15 14:18:00] INFO     v1:375 — save_render: window=37 saved 46672 bytes -> E:\quoting_studio\06-07-2026\quoting_studio\uploads\renders\window-37.png
[2026-07-15 14:18:00] INFO     v1:298 — Design saved: window=37 panes=2
[2026-07-15 14:18:00] INFO     v1:298 — Design saved: window=37 panes=2
[2026-07-15 14:18:08] INFO     v1:298 — Design saved: window=37 panes=2
[2026-07-15 14:18:10] INFO     v1:298 — Design saved: window=37 panes=2
[2026-07-15 14:18:10] INFO     v1:375 — save_render: window=37 saved 37777 bytes -> E:\quoting_studio\06-07-2026\quoting_studio\uploads\renders\window-37.png
[2026-07-15 14:18:10] INFO     v1:298 — Design saved: window=37 panes=2
[2026-07-15 14:18:10] INFO     v1:298 — Design saved: window=37 panes=2
[2026-07-15 14:18:16] INFO     v1:298 — Design saved: window=37 panes=2
[2026-07-15 14:18:17] INFO     v1:298 — Design saved: window=37 panes=2
[2026-07-15 14:18:17] INFO     v1:375 — save_render: window=37 saved 37462 bytes -> E:\quoting_studio\06-07-2026\quoting_studio\uploads\renders\window-37.png
[2026-07-15 14:18:17] INFO     v1:298 — Design saved: window=37 panes=2
[2026-07-15 14:18:17] INFO     v1:298 — Design saved: window=37 panes=2
[2026-07-15 14:20:41] INFO     v1:298 — Design saved: window=34 panes=7
[2026-07-15 14:20:43] INFO     v1:298 — Design saved: window=34 panes=7
[2026-07-15 14:20:44] INFO     v1:298 — Design saved: window=34 panes=7
[2026-07-15 14:20:45] INFO     v1:298 — Design saved: window=34 panes=7
[2026-07-15 14:20:46] INFO     v1:298 — Design saved: window=34 panes=7
[2026-07-15 14:20:49] INFO     v1:298 — Design saved: window=34 panes=7
[2026-07-15 14:20:51] INFO     v1:298 — Design saved: window=34 panes=7
[2026-07-15 14:20:52] INFO     v1:298 — Design saved: window=34 panes=7
[2026-07-15 14:20:54] INFO     v1:298 — Design saved: window=34 panes=7
[2026-07-15 14:20:55] INFO     v1:298 — Design saved: window=34 panes=7
[2026-07-15 14:21:06] INFO     v1:298 — Design saved: window=34 panes=7
[2026-07-15 14:21:07] INFO     v1:298 — Design saved: window=34 panes=7
[2026-07-15 14:21:13] INFO     v1:298 — Design saved: window=34 panes=7
[2026-07-15 14:21:16] INFO     v1:298 — Design saved: window=34 panes=7
[2026-07-15 14:21:17] INFO     v1:298 — Design saved: window=34 panes=7
[2026-07-15 14:21:19] INFO     v1:298 — Design saved: window=34 panes=7
[2026-07-15 14:21:21] INFO     v1:298 — Design saved: window=34 panes=7
[2026-07-15 14:21:23] INFO     v1:298 — Design saved: window=34 panes=7
[2026-07-15 14:21:25] INFO     v1:298 — Design saved: window=34 panes=7
[2026-07-15 14:21:27] INFO     v1:298 — Design saved: window=34 panes=7
[2026-07-15 14:21:29] INFO     v1:298 — Design saved: window=34 panes=7
[2026-07-15 14:21:31] INFO     v1:298 — Design saved: window=34 panes=7
[2026-07-15 14:21:33] INFO     v1:298 — Design saved: window=34 panes=7
[2026-07-15 14:21:35] INFO     v1:298 — Design saved: window=34 panes=7
[2026-07-15 14:21:36] INFO     v1:298 — Design saved: window=34 panes=7
[2026-07-15 14:21:50] INFO     v1:298 — Design saved: window=34 panes=7
[2026-07-15 14:21:52] INFO     v1:298 — Design saved: window=34 panes=7
[2026-07-15 14:21:57] INFO     v1:298 — Design saved: window=34 panes=7
[2026-07-15 14:21:59] INFO     v1:298 — Design saved: window=34 panes=7
[2026-07-15 14:22:02] INFO     v1:298 — Design saved: window=34 panes=7
[2026-07-15 14:22:03] INFO     v1:298 — Design saved: window=34 panes=7
[2026-07-15 14:22:05] INFO     v1:298 — Design saved: window=34 panes=7
[2026-07-15 14:22:07] INFO     v1:298 — Design saved: window=34 panes=7
[2026-07-15 14:22:09] INFO     v1:298 — Design saved: window=34 panes=7
[2026-07-15 14:22:11] INFO     v1:298 — Design saved: window=34 panes=7
[2026-07-15 14:22:12] INFO     v1:298 — Design saved: window=34 panes=7
[2026-07-15 14:22:14] INFO     v1:298 — Design saved: window=34 panes=7
[2026-07-15 14:22:20] INFO     v1:298 — Design saved: window=34 panes=7
[2026-07-15 14:22:21] INFO     v1:298 — Design saved: window=34 panes=7
[2026-07-15 14:23:23] INFO     v1:298 — Design saved: window=34 panes=7
[2026-07-15 14:26:18] INFO     v1:298 — Design saved: window=34 panes=7
[2026-07-15 14:28:09] INFO     v1:298 — Design saved: window=34 panes=7
[2026-07-15 14:39:05] INFO     v1:298 — Design saved: window=34 panes=7
[2026-07-15 14:43:40] INFO     v1:298 — Design saved: window=34 panes=7
[2026-07-15 14:43:42] INFO     v1:298 — Design saved: window=34 panes=7
[2026-07-15 14:44:03] INFO     v1:298 — Design saved: window=34 panes=7
[2026-07-15 14:44:07] INFO     v1:298 — Design saved: window=34 panes=7
[2026-07-15 14:44:33] INFO     v1:298 — Design saved: window=34 panes=7
[2026-07-15 14:44:35] WARNING  model3d_freecad:92 — FreeCAD stderr: Exception while processing file: E:/qs_fc_34.py [name 'true' is not defined]

[2026-07-15 14:44:35] WARNING  model3d:68 — FreeCAD build failed (FreeCAD script did not complete. stdout: role=sash L=662mm bar=67 depth=90)
  S4_L ok  (role=sash L=967mm bar=67 depth=90)
  S4_R ok  (role=sash L=967mm bar=67 depth=90)
FreeCAD 1.1.1, Libs: 1.1.1R20260414 (Git shallow)
(C) 2001-2026 FreeCAD contributors
FreeCAD is free and open-source software licensed under the terms of LGPL2+ license.

) — trimesh fallback
[2026-07-15 14:44:35] INFO     model3d:76 — trimesh assembly OK: fmt=glb bytes=12160
[2026-07-15 14:44:35] INFO     v1:241 — 3D export: window=34 fmt=glb method=auto bytes=12160
[2026-07-15 14:45:36] INFO     v1:208 — Engineering DXF: window=34 bytes=82508
[2026-07-15 14:45:50] WARNING  model3d_freecad:92 — FreeCAD stderr: Exception while processing file: E:/qs_fc_25.py [name 'true' is not defined]

[2026-07-15 14:45:50] WARNING  model3d:68 — FreeCAD build failed (FreeCAD script did not complete. stdout: 45mm bar=90 depth=65)
  M_mull1 ok  (role=mullion L=575mm bar=90 depth=72)
  T_tran1 ok  (role=transom L=1020mm bar=85 depth=65)
FreeCAD 1.1.1, Libs: 1.1.1R20260414 (Git shallow)
(C) 2001-2026 FreeCAD contributors
FreeCAD is free and open-source software licensed under the terms of LGPL2+ license.

) — trimesh fallback
[2026-07-15 14:45:50] INFO     model3d:76 — trimesh assembly OK: fmt=glb bytes=4512
[2026-07-15 14:45:50] INFO     v1:241 — 3D export: window=25 fmt=glb method=auto bytes=4512
[2026-07-15 14:45:52] INFO     v1:208 — Engineering DXF: window=25 bytes=66702
[2026-07-15 14:54:19] INFO     logging_config:160 — Quoting Studio — logging initialised (debug=True)
[2026-07-15 14:54:23] INFO     v1:298 — Design saved: window=34 panes=7
[2026-07-15 14:54:23] INFO     v1:298 — Design saved: window=34 panes=7
[2026-07-15 14:54:28] WARNING  model3d_freecad:92 — FreeCAD stderr: Exception while processing file: E:/qs_fc_34.py [name 'true' is not defined]

[2026-07-15 14:54:28] WARNING  model3d:68 — FreeCAD build failed (FreeCAD script did not complete. stdout: role=sash L=662mm bar=67 depth=90)
  S4_L ok  (role=sash L=967mm bar=67 depth=90)
  S4_R ok  (role=sash L=967mm bar=67 depth=90)
FreeCAD 1.1.1, Libs: 1.1.1R20260414 (Git shallow)
(C) 2001-2026 FreeCAD contributors
FreeCAD is free and open-source software licensed under the terms of LGPL2+ license.

) — trimesh fallback
[2026-07-15 14:54:35] INFO     model3d:76 — trimesh assembly OK: fmt=glb bytes=12120
[2026-07-15 14:54:35] INFO     v1:241 — 3D export: window=34 fmt=glb method=auto bytes=12120
[2026-07-15 14:55:04] WARNING  model3d_freecad:92 — FreeCAD stderr: Exception while processing file: E:/qs_fc_34.py [name 'true' is not defined]

[2026-07-15 14:55:04] WARNING  model3d:68 — FreeCAD build failed (FreeCAD script did not complete. stdout: role=sash L=662mm bar=67 depth=90)
  S4_L ok  (role=sash L=967mm bar=67 depth=90)
  S4_R ok  (role=sash L=967mm bar=67 depth=90)
FreeCAD 1.1.1, Libs: 1.1.1R20260414 (Git shallow)
(C) 2001-2026 FreeCAD contributors
FreeCAD is free and open-source software licensed under the terms of LGPL2+ license.

) — trimesh fallback
[2026-07-15 14:55:23] INFO     v1:241 — 3D export: window=34 fmt=glb method=freecad bytes=9796
[2026-07-15 14:55:33] WARNING  model3d_freecad:92 — FreeCAD stderr: Exception while processing file: E:/qs_fc_34.py [name 'true' is not defined]

[2026-07-15 14:55:33] WARNING  model3d:68 — FreeCAD build failed (FreeCAD script did not complete. stdout: role=sash L=662mm bar=67 depth=90)
  S4_L ok  (role=sash L=967mm bar=67 depth=90)
  S4_R ok  (role=sash L=967mm bar=67 depth=90)
FreeCAD 1.1.1, Libs: 1.1.1R20260414 (Git shallow)
(C) 2001-2026 FreeCAD contributors
FreeCAD is free and open-source software licensed under the terms of LGPL2+ license.

) — trimesh fallback
[2026-07-15 14:55:33] INFO     model3d:76 — trimesh assembly OK: fmt=glb bytes=12120
[2026-07-15 14:55:33] INFO     v1:241 — 3D export: window=34 fmt=glb method=assembly bytes=12120
[2026-07-15 14:55:46] INFO     v1:241 — 3D export: window=34 fmt=glb method=sweep bytes=14504
[2026-07-15 14:56:03] INFO     v1:241 — 3D export: window=34 fmt=glb method=extrude bytes=9796
[2026-07-15 14:56:06] WARNING  model3d_freecad:92 — FreeCAD stderr: Exception while processing file: E:/qs_fc_34.py [name 'true' is not defined]

[2026-07-15 14:56:06] WARNING  model3d:68 — FreeCAD build failed (FreeCAD script did not complete. stdout: role=sash L=662mm bar=67 depth=90)
  S4_L ok  (role=sash L=967mm bar=67 depth=90)
  S4_R ok  (role=sash L=967mm bar=67 depth=90)
FreeCAD 1.1.1, Libs: 1.1.1R20260414 (Git shallow)
(C) 2001-2026 FreeCAD contributors
FreeCAD is free and open-source software licensed under the terms of LGPL2+ license.

) — trimesh fallback
[2026-07-15 14:56:06] INFO     model3d:76 — trimesh assembly OK: fmt=glb bytes=12120
[2026-07-15 14:56:06] INFO     v1:241 — 3D export: window=34 fmt=glb method=auto bytes=12120
[2026-07-15 14:56:17] INFO     v1:298 — Design saved: window=37 panes=2
[2026-07-15 14:56:31] INFO     v1:298 — Design saved: window=37 panes=2
[2026-07-15 14:56:32] INFO     v1:298 — Design saved: window=37 panes=2
[2026-07-15 14:56:32] INFO     v1:298 — Design saved: window=37 panes=2
[2026-07-15 14:56:32] INFO     v1:298 — Design saved: window=37 panes=2
[2026-07-15 14:56:41] WARNING  model3d_freecad:92 — FreeCAD stderr: Exception while processing file: E:/qs_fc_37.py [name 'true' is not defined]

[2026-07-15 14:56:41] WARNING  model3d:68 — FreeCAD build failed (FreeCAD script did not complete. stdout: ole=sash L=1596mm bar=67 depth=90)
  S2_L ok  (role=sash L=912mm bar=67 depth=90)
  S2_R ok  (role=sash L=912mm bar=67 depth=90)
FreeCAD 1.1.1, Libs: 1.1.1R20260414 (Git shallow)
(C) 2001-2026 FreeCAD contributors
FreeCAD is free and open-source software licensed under the terms of LGPL2+ license.

) — trimesh fallback
[2026-07-15 14:56:41] INFO     model3d:76 — trimesh assembly OK: fmt=glb bytes=5920
[2026-07-15 14:56:41] INFO     v1:241 — 3D export: window=37 fmt=glb method=auto bytes=5920
[2026-07-15 14:57:11] WARNING  model3d_freecad:92 — FreeCAD stderr: Exception while processing file: E:/qs_fc_37.py [name 'true' is not defined]

[2026-07-15 14:57:11] WARNING  model3d:68 — FreeCAD build failed (FreeCAD script did not complete. stdout: ole=sash L=1596mm bar=67 depth=90)
  S2_L ok  (role=sash L=912mm bar=67 depth=90)
  S2_R ok  (role=sash L=912mm bar=67 depth=90)
FreeCAD 1.1.1, Libs: 1.1.1R20260414 (Git shallow)
(C) 2001-2026 FreeCAD contributors
FreeCAD is free and open-source software licensed under the terms of LGPL2+ license.

) — trimesh fallback
[2026-07-15 14:57:11] INFO     model3d:76 — trimesh assembly OK: fmt=step bytes=251842
[2026-07-15 14:57:11] INFO     v1:241 — 3D export: window=37 fmt=step method=auto bytes=251842
[2026-07-15 14:58:41] WARNING  model3d_freecad:92 — FreeCAD stderr: Exception while processing file: E:/qs_fc_37.py [name 'true' is not defined]

[2026-07-15 14:58:41] WARNING  model3d:68 — FreeCAD build failed (FreeCAD script did not complete. stdout: ole=sash L=1596mm bar=67 depth=90)
  S2_L ok  (role=sash L=912mm bar=67 depth=90)
  S2_R ok  (role=sash L=912mm bar=67 depth=90)
FreeCAD 1.1.1, Libs: 1.1.1R20260414 (Git shallow)
(C) 2001-2026 FreeCAD contributors
FreeCAD is free and open-source software licensed under the terms of LGPL2+ license.

) — trimesh fallback
[2026-07-15 14:58:41] INFO     model3d:76 — trimesh assembly OK: fmt=glb bytes=5920
[2026-07-15 14:58:41] INFO     v1:241 — 3D export: window=37 fmt=glb method=auto bytes=5920
[2026-07-15 14:58:43] WARNING  model3d_freecad:92 — FreeCAD stderr: Exception while processing file: E:/qs_fc_37.py [name 'true' is not defined]

[2026-07-15 14:58:43] WARNING  model3d:68 — FreeCAD build failed (FreeCAD script did not complete. stdout: ole=sash L=1596mm bar=67 depth=90)
  S2_L ok  (role=sash L=912mm bar=67 depth=90)
  S2_R ok  (role=sash L=912mm bar=67 depth=90)
FreeCAD 1.1.1, Libs: 1.1.1R20260414 (Git shallow)
(C) 2001-2026 FreeCAD contributors
FreeCAD is free and open-source software licensed under the terms of LGPL2+ license.

) — trimesh fallback
[2026-07-15 14:58:43] INFO     v1:241 — 3D export: window=37 fmt=glb method=freecad bytes=2300
[2026-07-15 14:58:46] WARNING  model3d_freecad:92 — FreeCAD stderr: Exception while processing file: E:/qs_fc_37.py [name 'true' is not defined]

[2026-07-15 14:58:46] WARNING  model3d:68 — FreeCAD build failed (FreeCAD script did not complete. stdout: ole=sash L=1596mm bar=67 depth=90)
  S2_L ok  (role=sash L=912mm bar=67 depth=90)
  S2_R ok  (role=sash L=912mm bar=67 depth=90)
FreeCAD 1.1.1, Libs: 1.1.1R20260414 (Git shallow)
(C) 2001-2026 FreeCAD contributors
FreeCAD is free and open-source software licensed under the terms of LGPL2+ license.

) — trimesh fallback
[2026-07-15 14:58:46] INFO     v1:241 — 3D export: window=37 fmt=step method=freecad bytes=78408
[2026-07-15 15:52:45] INFO     logging_config:160 — Quoting Studio — logging initialised (debug=True)
[2026-07-15 15:59:47] INFO     logging_config:160 — Quoting Studio — logging initialised (debug=True)
[2026-07-15 15:59:52] INFO     logging_config:160 — Quoting Studio — logging initialised (debug=True)
[2026-07-15 16:00:08] ERROR    __init__:121 — Unhandled exception — GET /settings/profile-systems: settings/profile_systems.html
Traceback (most recent call last):
  File "C:\Users\ADMIN\AppData\Local\Python\pythoncore-3.14-64\Lib\site-packages\flask\app.py", line 880, in full_dispatch_request
    rv = self.dispatch_request()
  File "C:\Users\ADMIN\AppData\Local\Python\pythoncore-3.14-64\Lib\site-packages\flask\app.py", line 865, in dispatch_request
    return self.ensure_sync(self.view_functions[rule.endpoint])(**view_args)  # type: ignore[no-any-return]
           ~~~~~~~~~~~~~~~~~~~~~~~~~~~~~~~~~~~~~~~~~~~~~~~~~~~~^^^^^^^^^^^^^
  File "C:\Users\ADMIN\AppData\Local\Python\pythoncore-3.14-64\Lib\site-packages\flask_login\utils.py", line 290, in decorated_view
    return current_app.ensure_sync(func)(*args, **kwargs)
           ~~~~~~~~~~~~~~~~~~~~~~~~~~~~~^^^^^^^^^^^^^^^^^
  File "E:\quoting_studio\06-07-2026\quoting_studio\app\routes\settings.py", line 21, in decorated
    return f(*args, **kwargs)
  File "E:\quoting_studio\06-07-2026\quoting_studio\app\routes\settings.py", line 701, in profile_systems
    return render_template('settings/profile_systems.html',
                           systems=systems, profiles=profiles)
  File "C:\Users\ADMIN\AppData\Local\Python\pythoncore-3.14-64\Lib\site-packages\flask\templating.py", line 149, in render_template
    template = app.jinja_env.get_or_select_template(template_name_or_list)
  File "C:\Users\ADMIN\AppData\Local\Python\pythoncore-3.14-64\Lib\site-packages\jinja2\environment.py", line 1087, in get_or_select_template
    return self.get_template(template_name_or_list, parent, globals)
           ~~~~~~~~~~~~~~~~~^^^^^^^^^^^^^^^^^^^^^^^^^^^^^^^^^^^^^^^^
  File "C:\Users\ADMIN\AppData\Local\Python\pythoncore-3.14-64\Lib\site-packages\jinja2\environment.py", line 1016, in get_template
    return self._load_template(name, globals)
           ~~~~~~~~~~~~~~~~~~~^^^^^^^^^^^^^^^
  File "C:\Users\ADMIN\AppData\Local\Python\pythoncore-3.14-64\Lib\site-packages\jinja2\environment.py", line 975, in _load_template
    template = self.loader.load(self, name, self.make_globals(globals))
  File "C:\Users\ADMIN\AppData\Local\Python\pythoncore-3.14-64\Lib\site-packages\jinja2\loaders.py", line 126, in load
    source, filename, uptodate = self.get_source(environment, name)
                                 ~~~~~~~~~~~~~~~^^^^^^^^^^^^^^^^^^^
  File "C:\Users\ADMIN\AppData\Local\Python\pythoncore-3.14-64\Lib\site-packages\flask\templating.py", line 65, in get_source
    return self._get_source_fast(environment, template)
           ~~~~~~~~~~~~~~~~~~~~~^^^^^^^^^^^^^^^^^^^^^^^
  File "C:\Users\ADMIN\AppData\Local\Python\pythoncore-3.14-64\Lib\site-packages\flask\templating.py", line 99, in _get_source_fast
    raise TemplateNotFound(template)
jinja2.exceptions.TemplateNotFound: settings/profile_systems.html
[2026-07-15 16:00:26] ERROR    __init__:121 — Unhandled exception — GET /settings/profile-systems: settings/profile_systems.html
Traceback (most recent call last):
  File "C:\Users\ADMIN\AppData\Local\Python\pythoncore-3.14-64\Lib\site-packages\flask\app.py", line 880, in full_dispatch_request
    rv = self.dispatch_request()
  File "C:\Users\ADMIN\AppData\Local\Python\pythoncore-3.14-64\Lib\site-packages\flask\app.py", line 865, in dispatch_request
    return self.ensure_sync(self.view_functions[rule.endpoint])(**view_args)  # type: ignore[no-any-return]
           ~~~~~~~~~~~~~~~~~~~~~~~~~~~~~~~~~~~~~~~~~~~~~~~~~~~~^^^^^^^^^^^^^
  File "C:\Users\ADMIN\AppData\Local\Python\pythoncore-3.14-64\Lib\site-packages\flask_login\utils.py", line 290, in decorated_view
    return current_app.ensure_sync(func)(*args, **kwargs)
           ~~~~~~~~~~~~~~~~~~~~~~~~~~~~~^^^^^^^^^^^^^^^^^
  File "E:\quoting_studio\06-07-2026\quoting_studio\app\routes\settings.py", line 21, in decorated
    return f(*args, **kwargs)
  File "E:\quoting_studio\06-07-2026\quoting_studio\app\routes\settings.py", line 701, in profile_systems
    return render_template('settings/profile_systems.html',
                           systems=systems, profiles=profiles)
  File "C:\Users\ADMIN\AppData\Local\Python\pythoncore-3.14-64\Lib\site-packages\flask\templating.py", line 149, in render_template
    template = app.jinja_env.get_or_select_template(template_name_or_list)
  File "C:\Users\ADMIN\AppData\Local\Python\pythoncore-3.14-64\Lib\site-packages\jinja2\environment.py", line 1087, in get_or_select_template
    return self.get_template(template_name_or_list, parent, globals)
           ~~~~~~~~~~~~~~~~~^^^^^^^^^^^^^^^^^^^^^^^^^^^^^^^^^^^^^^^^
  File "C:\Users\ADMIN\AppData\Local\Python\pythoncore-3.14-64\Lib\site-packages\jinja2\environment.py", line 1016, in get_template
    return self._load_template(name, globals)
           ~~~~~~~~~~~~~~~~~~~^^^^^^^^^^^^^^^
  File "C:\Users\ADMIN\AppData\Local\Python\pythoncore-3.14-64\Lib\site-packages\jinja2\environment.py", line 975, in _load_template
    template = self.loader.load(self, name, self.make_globals(globals))
  File "C:\Users\ADMIN\AppData\Local\Python\pythoncore-3.14-64\Lib\site-packages\jinja2\loaders.py", line 126, in load
    source, filename, uptodate = self.get_source(environment, name)
                                 ~~~~~~~~~~~~~~~^^^^^^^^^^^^^^^^^^^
  File "C:\Users\ADMIN\AppData\Local\Python\pythoncore-3.14-64\Lib\site-packages\flask\templating.py", line 65, in get_source
    return self._get_source_fast(environment, template)
           ~~~~~~~~~~~~~~~~~~~~~^^^^^^^^^^^^^^^^^^^^^^^
  File "C:\Users\ADMIN\AppData\Local\Python\pythoncore-3.14-64\Lib\site-packages\flask\templating.py", line 99, in _get_source_fast
    raise TemplateNotFound(template)
jinja2.exceptions.TemplateNotFound: settings/profile_systems.html
[2026-07-15 16:03:28] INFO     logging_config:160 — Quoting Studio — logging initialised (debug=True)
[2026-07-15 16:03:33] INFO     logging_config:160 — Quoting Studio — logging initialised (debug=True)
[2026-07-15 16:03:53] ERROR    __init__:121 — Unhandled exception — GET /settings/profiles: Could not build url for endpoint 'settings.set_profile_role' with values ['profile_id']. Did you mean 'settings.seed_profile' instead?
Traceback (most recent call last):
  File "C:\Users\ADMIN\AppData\Local\Python\pythoncore-3.14-64\Lib\site-packages\flask\app.py", line 880, in full_dispatch_request
    rv = self.dispatch_request()
  File "C:\Users\ADMIN\AppData\Local\Python\pythoncore-3.14-64\Lib\site-packages\flask\app.py", line 865, in dispatch_request
    return self.ensure_sync(self.view_functions[rule.endpoint])(**view_args)  # type: ignore[no-any-return]
           ~~~~~~~~~~~~~~~~~~~~~~~~~~~~~~~~~~~~~~~~~~~~~~~~~~~~^^^^^^^^^^^^^
  File "C:\Users\ADMIN\AppData\Local\Python\pythoncore-3.14-64\Lib\site-packages\flask_login\utils.py", line 290, in decorated_view
    return current_app.ensure_sync(func)(*args, **kwargs)
           ~~~~~~~~~~~~~~~~~~~~~~~~~~~~~^^^^^^^^^^^^^^^^^
  File "E:\quoting_studio\06-07-2026\quoting_studio\app\routes\settings.py", line 21, in decorated
    return f(*args, **kwargs)
  File "E:\quoting_studio\06-07-2026\quoting_studio\app\routes\settings.py", line 454, in profiles_library
    return render_template('settings/profiles_library.html',
                           profiles=profiles,
                           total=total,
                           categories=PROFILE_CATEGORIES,
                           active_cat=cat_filter)
  File "C:\Users\ADMIN\AppData\Local\Python\pythoncore-3.14-64\Lib\site-packages\flask\templating.py", line 150, in render_template
    return _render(app, template, context)
  File "C:\Users\ADMIN\AppData\Local\Python\pythoncore-3.14-64\Lib\site-packages\flask\templating.py", line 131, in _render
    rv = template.render(context)
  File "C:\Users\ADMIN\AppData\Local\Python\pythoncore-3.14-64\Lib\site-packages\jinja2\environment.py", line 1295, in render
    self.environment.handle_exception()
    ~~~~~~~~~~~~~~~~~~~~~~~~~~~~~~~~~^^
  File "C:\Users\ADMIN\AppData\Local\Python\pythoncore-3.14-64\Lib\site-packages\jinja2\environment.py", line 942, in handle_exception
    raise rewrite_traceback_stack(source=source)
  File "E:\quoting_studio\06-07-2026\quoting_studio\app\templates\settings\profiles_library.html", line 1, in top-level template code
    {% extends 'base.html' %}
  File "E:\quoting_studio\06-07-2026\quoting_studio\app\templates\base.html", line 67, in top-level template code
    {% block body %}{% endblock %}
    ^^^^^^^^^^^^^^^^^^^^^
  File "E:\quoting_studio\06-07-2026\quoting_studio\app\templates\settings\profiles_library.html", line 72, in block 'body'
    <form method="POST" action="{{ url_for('settings.set_profile_role', profile_id=p.id) }}"
    ^^^^^^^^^^^
  File "C:\Users\ADMIN\AppData\Local\Python\pythoncore-3.14-64\Lib\site-packages\flask\app.py", line 1084, in url_for
    return self.handle_url_build_error(error, endpoint, values)
           ~~~~~~~~~~~~~~~~~~~~~~~~~~~^^^^^^^^^^^^^^^^^^^^^^^^^
  File "C:\Users\ADMIN\AppData\Local\Python\pythoncore-3.14-64\Lib\site-packages\flask\app.py", line 1073, in url_for
    rv = url_adapter.build(  # type: ignore[union-attr]
        endpoint,
    ...<3 lines>...
        force_external=_external,
    )
  File "C:\Users\ADMIN\AppData\Local\Python\pythoncore-3.14-64\Lib\site-packages\werkzeug\routing\map.py", line 924, in build
    raise BuildError(endpoint, values, method, self)
werkzeug.routing.exceptions.BuildError: Could not build url for endpoint 'settings.set_profile_role' with values ['profile_id']. Did you mean 'settings.seed_profile' instead?
[2026-07-15 16:04:01] ERROR    __init__:121 — Unhandled exception — GET /settings/profiles: Could not build url for endpoint 'settings.set_profile_role' with values ['profile_id']. Did you mean 'settings.seed_profile' instead?
Traceback (most recent call last):
  File "C:\Users\ADMIN\AppData\Local\Python\pythoncore-3.14-64\Lib\site-packages\flask\app.py", line 880, in full_dispatch_request
    rv = self.dispatch_request()
  File "C:\Users\ADMIN\AppData\Local\Python\pythoncore-3.14-64\Lib\site-packages\flask\app.py", line 865, in dispatch_request
    return self.ensure_sync(self.view_functions[rule.endpoint])(**view_args)  # type: ignore[no-any-return]
           ~~~~~~~~~~~~~~~~~~~~~~~~~~~~~~~~~~~~~~~~~~~~~~~~~~~~^^^^^^^^^^^^^
  File "C:\Users\ADMIN\AppData\Local\Python\pythoncore-3.14-64\Lib\site-packages\flask_login\utils.py", line 290, in decorated_view
    return current_app.ensure_sync(func)(*args, **kwargs)
           ~~~~~~~~~~~~~~~~~~~~~~~~~~~~~^^^^^^^^^^^^^^^^^
  File "E:\quoting_studio\06-07-2026\quoting_studio\app\routes\settings.py", line 21, in decorated
    return f(*args, **kwargs)
  File "E:\quoting_studio\06-07-2026\quoting_studio\app\routes\settings.py", line 454, in profiles_library
    return render_template('settings/profiles_library.html',
                           profiles=profiles,
                           total=total,
                           categories=PROFILE_CATEGORIES,
                           active_cat=cat_filter)
  File "C:\Users\ADMIN\AppData\Local\Python\pythoncore-3.14-64\Lib\site-packages\flask\templating.py", line 150, in render_template
    return _render(app, template, context)
  File "C:\Users\ADMIN\AppData\Local\Python\pythoncore-3.14-64\Lib\site-packages\flask\templating.py", line 131, in _render
    rv = template.render(context)
  File "C:\Users\ADMIN\AppData\Local\Python\pythoncore-3.14-64\Lib\site-packages\jinja2\environment.py", line 1295, in render
    self.environment.handle_exception()
    ~~~~~~~~~~~~~~~~~~~~~~~~~~~~~~~~~^^
  File "C:\Users\ADMIN\AppData\Local\Python\pythoncore-3.14-64\Lib\site-packages\jinja2\environment.py", line 942, in handle_exception
    raise rewrite_traceback_stack(source=source)
  File "E:\quoting_studio\06-07-2026\quoting_studio\app\templates\settings\profiles_library.html", line 1, in top-level template code
    {% extends 'base.html' %}
  File "E:\quoting_studio\06-07-2026\quoting_studio\app\templates\base.html", line 67, in top-level template code
    {% block body %}{% endblock %}
    ^^^^^^^^^^^^^^^^^^^^^
  File "E:\quoting_studio\06-07-2026\quoting_studio\app\templates\settings\profiles_library.html", line 72, in block 'body'
    <form method="POST" action="{{ url_for('settings.set_profile_role', profile_id=p.id) }}"
    ^^^^^^^^^^^
  File "C:\Users\ADMIN\AppData\Local\Python\pythoncore-3.14-64\Lib\site-packages\flask\app.py", line 1084, in url_for
    return self.handle_url_build_error(error, endpoint, values)
           ~~~~~~~~~~~~~~~~~~~~~~~~~~~^^^^^^^^^^^^^^^^^^^^^^^^^
  File "C:\Users\ADMIN\AppData\Local\Python\pythoncore-3.14-64\Lib\site-packages\flask\app.py", line 1073, in url_for
    rv = url_adapter.build(  # type: ignore[union-attr]
        endpoint,
    ...<3 lines>...
        force_external=_external,
    )
  File "C:\Users\ADMIN\AppData\Local\Python\pythoncore-3.14-64\Lib\site-packages\werkzeug\routing\map.py", line 924, in build
    raise BuildError(endpoint, values, method, self)
werkzeug.routing.exceptions.BuildError: Could not build url for endpoint 'settings.set_profile_role' with values ['profile_id']. Did you mean 'settings.seed_profile' instead?
[2026-07-15 16:04:55] ERROR    __init__:121 — Unhandled exception — GET /settings/profiles: Could not build url for endpoint 'settings.set_profile_role' with values ['profile_id']. Did you mean 'settings.seed_profile' instead?
Traceback (most recent call last):
  File "C:\Users\ADMIN\AppData\Local\Python\pythoncore-3.14-64\Lib\site-packages\flask\app.py", line 880, in full_dispatch_request
    rv = self.dispatch_request()
  File "C:\Users\ADMIN\AppData\Local\Python\pythoncore-3.14-64\Lib\site-packages\flask\app.py", line 865, in dispatch_request
    return self.ensure_sync(self.view_functions[rule.endpoint])(**view_args)  # type: ignore[no-any-return]
           ~~~~~~~~~~~~~~~~~~~~~~~~~~~~~~~~~~~~~~~~~~~~~~~~~~~~^^^^^^^^^^^^^
  File "C:\Users\ADMIN\AppData\Local\Python\pythoncore-3.14-64\Lib\site-packages\flask_login\utils.py", line 290, in decorated_view
    return current_app.ensure_sync(func)(*args, **kwargs)
           ~~~~~~~~~~~~~~~~~~~~~~~~~~~~~^^^^^^^^^^^^^^^^^
  File "E:\quoting_studio\06-07-2026\quoting_studio\app\routes\settings.py", line 21, in decorated
    return f(*args, **kwargs)
  File "E:\quoting_studio\06-07-2026\quoting_studio\app\routes\settings.py", line 454, in profiles_library
    return render_template('settings/profiles_library.html',
                           profiles=profiles,
                           total=total,
                           categories=PROFILE_CATEGORIES,
                           active_cat=cat_filter)
  File "C:\Users\ADMIN\AppData\Local\Python\pythoncore-3.14-64\Lib\site-packages\flask\templating.py", line 150, in render_template
    return _render(app, template, context)
  File "C:\Users\ADMIN\AppData\Local\Python\pythoncore-3.14-64\Lib\site-packages\flask\templating.py", line 131, in _render
    rv = template.render(context)
  File "C:\Users\ADMIN\AppData\Local\Python\pythoncore-3.14-64\Lib\site-packages\jinja2\environment.py", line 1295, in render
    self.environment.handle_exception()
    ~~~~~~~~~~~~~~~~~~~~~~~~~~~~~~~~~^^
  File "C:\Users\ADMIN\AppData\Local\Python\pythoncore-3.14-64\Lib\site-packages\jinja2\environment.py", line 942, in handle_exception
    raise rewrite_traceback_stack(source=source)
  File "E:\quoting_studio\06-07-2026\quoting_studio\app\templates\settings\profiles_library.html", line 1, in top-level template code
    {% extends 'base.html' %}
  File "E:\quoting_studio\06-07-2026\quoting_studio\app\templates\base.html", line 67, in top-level template code
    {% block body %}{% endblock %}
    ^^^^^^^^^^^^^^^^^^^^^
  File "E:\quoting_studio\06-07-2026\quoting_studio\app\templates\settings\profiles_library.html", line 72, in block 'body'
    <form method="POST" action="{{ url_for('settings.set_profile_role', profile_id=p.id) }}"
    ^^^^^^^^^^^
  File "C:\Users\ADMIN\AppData\Local\Python\pythoncore-3.14-64\Lib\site-packages\flask\app.py", line 1084, in url_for
    return self.handle_url_build_error(error, endpoint, values)
           ~~~~~~~~~~~~~~~~~~~~~~~~~~~^^^^^^^^^^^^^^^^^^^^^^^^^
  File "C:\Users\ADMIN\AppData\Local\Python\pythoncore-3.14-64\Lib\site-packages\flask\app.py", line 1073, in url_for
    rv = url_adapter.build(  # type: ignore[union-attr]
        endpoint,
    ...<3 lines>...
        force_external=_external,
    )
  File "C:\Users\ADMIN\AppData\Local\Python\pythoncore-3.14-64\Lib\site-packages\werkzeug\routing\map.py", line 924, in build
    raise BuildError(endpoint, values, method, self)
werkzeug.routing.exceptions.BuildError: Could not build url for endpoint 'settings.set_profile_role' with values ['profile_id']. Did you mean 'settings.seed_profile' instead?
[2026-07-15 16:06:20] ERROR    __init__:121 — Unhandled exception — GET /settings/profiles: Could not build url for endpoint 'settings.set_profile_role' with values ['profile_id']. Did you mean 'settings.seed_profile' instead?
Traceback (most recent call last):
  File "C:\Users\ADMIN\AppData\Local\Python\pythoncore-3.14-64\Lib\site-packages\flask\app.py", line 880, in full_dispatch_request
    rv = self.dispatch_request()
  File "C:\Users\ADMIN\AppData\Local\Python\pythoncore-3.14-64\Lib\site-packages\flask\app.py", line 865, in dispatch_request
    return self.ensure_sync(self.view_functions[rule.endpoint])(**view_args)  # type: ignore[no-any-return]
           ~~~~~~~~~~~~~~~~~~~~~~~~~~~~~~~~~~~~~~~~~~~~~~~~~~~~^^^^^^^^^^^^^
  File "C:\Users\ADMIN\AppData\Local\Python\pythoncore-3.14-64\Lib\site-packages\flask_login\utils.py", line 290, in decorated_view
    return current_app.ensure_sync(func)(*args, **kwargs)
           ~~~~~~~~~~~~~~~~~~~~~~~~~~~~~^^^^^^^^^^^^^^^^^
  File "E:\quoting_studio\06-07-2026\quoting_studio\app\routes\settings.py", line 21, in decorated
    return f(*args, **kwargs)
  File "E:\quoting_studio\06-07-2026\quoting_studio\app\routes\settings.py", line 454, in profiles_library
    return render_template('settings/profiles_library.html',
                           profiles=profiles,
                           total=total,
                           categories=PROFILE_CATEGORIES,
                           active_cat=cat_filter)
  File "C:\Users\ADMIN\AppData\Local\Python\pythoncore-3.14-64\Lib\site-packages\flask\templating.py", line 150, in render_template
    return _render(app, template, context)
  File "C:\Users\ADMIN\AppData\Local\Python\pythoncore-3.14-64\Lib\site-packages\flask\templating.py", line 131, in _render
    rv = template.render(context)
  File "C:\Users\ADMIN\AppData\Local\Python\pythoncore-3.14-64\Lib\site-packages\jinja2\environment.py", line 1295, in render
    self.environment.handle_exception()
    ~~~~~~~~~~~~~~~~~~~~~~~~~~~~~~~~~^^
  File "C:\Users\ADMIN\AppData\Local\Python\pythoncore-3.14-64\Lib\site-packages\jinja2\environment.py", line 942, in handle_exception
    raise rewrite_traceback_stack(source=source)
  File "E:\quoting_studio\06-07-2026\quoting_studio\app\templates\settings\profiles_library.html", line 1, in top-level template code
    {% extends 'base.html' %}
  File "E:\quoting_studio\06-07-2026\quoting_studio\app\templates\base.html", line 67, in top-level template code
    {% block body %}{% endblock %}
    ^^^^^^^^^^^^^^^^^^^^^
  File "E:\quoting_studio\06-07-2026\quoting_studio\app\templates\settings\profiles_library.html", line 72, in block 'body'
    <form method="POST" action="{{ url_for('settings.set_profile_role', profile_id=p.id) }}"
    ^^^^^^^^^^^
  File "C:\Users\ADMIN\AppData\Local\Python\pythoncore-3.14-64\Lib\site-packages\flask\app.py", line 1084, in url_for
    return self.handle_url_build_error(error, endpoint, values)
           ~~~~~~~~~~~~~~~~~~~~~~~~~~~^^^^^^^^^^^^^^^^^^^^^^^^^
  File "C:\Users\ADMIN\AppData\Local\Python\pythoncore-3.14-64\Lib\site-packages\flask\app.py", line 1073, in url_for
    rv = url_adapter.build(  # type: ignore[union-attr]
        endpoint,
    ...<3 lines>...
        force_external=_external,
    )
  File "C:\Users\ADMIN\AppData\Local\Python\pythoncore-3.14-64\Lib\site-packages\werkzeug\routing\map.py", line 924, in build
    raise BuildError(endpoint, values, method, self)
werkzeug.routing.exceptions.BuildError: Could not build url for endpoint 'settings.set_profile_role' with values ['profile_id']. Did you mean 'settings.seed_profile' instead?
[2026-07-15 16:07:08] ERROR    __init__:121 — Unhandled exception — GET /settings/profile-systems: settings/profile_systems.html
Traceback (most recent call last):
  File "C:\Users\ADMIN\AppData\Local\Python\pythoncore-3.14-64\Lib\site-packages\flask\app.py", line 880, in full_dispatch_request
    rv = self.dispatch_request()
  File "C:\Users\ADMIN\AppData\Local\Python\pythoncore-3.14-64\Lib\site-packages\flask\app.py", line 865, in dispatch_request
    return self.ensure_sync(self.view_functions[rule.endpoint])(**view_args)  # type: ignore[no-any-return]
           ~~~~~~~~~~~~~~~~~~~~~~~~~~~~~~~~~~~~~~~~~~~~~~~~~~~~^^^^^^^^^^^^^
  File "C:\Users\ADMIN\AppData\Local\Python\pythoncore-3.14-64\Lib\site-packages\flask_login\utils.py", line 290, in decorated_view
    return current_app.ensure_sync(func)(*args, **kwargs)
           ~~~~~~~~~~~~~~~~~~~~~~~~~~~~~^^^^^^^^^^^^^^^^^
  File "E:\quoting_studio\06-07-2026\quoting_studio\app\routes\settings.py", line 21, in decorated
    return f(*args, **kwargs)
  File "E:\quoting_studio\06-07-2026\quoting_studio\app\routes\settings.py", line 701, in profile_systems
    return render_template('settings/profile_systems.html',
                           systems=systems, profiles=profiles)
  File "C:\Users\ADMIN\AppData\Local\Python\pythoncore-3.14-64\Lib\site-packages\flask\templating.py", line 149, in render_template
    template = app.jinja_env.get_or_select_template(template_name_or_list)
  File "C:\Users\ADMIN\AppData\Local\Python\pythoncore-3.14-64\Lib\site-packages\jinja2\environment.py", line 1087, in get_or_select_template
    return self.get_template(template_name_or_list, parent, globals)
           ~~~~~~~~~~~~~~~~~^^^^^^^^^^^^^^^^^^^^^^^^^^^^^^^^^^^^^^^^
  File "C:\Users\ADMIN\AppData\Local\Python\pythoncore-3.14-64\Lib\site-packages\jinja2\environment.py", line 1016, in get_template
    return self._load_template(name, globals)
           ~~~~~~~~~~~~~~~~~~~^^^^^^^^^^^^^^^
  File "C:\Users\ADMIN\AppData\Local\Python\pythoncore-3.14-64\Lib\site-packages\jinja2\environment.py", line 975, in _load_template
    template = self.loader.load(self, name, self.make_globals(globals))
  File "C:\Users\ADMIN\AppData\Local\Python\pythoncore-3.14-64\Lib\site-packages\jinja2\loaders.py", line 126, in load
    source, filename, uptodate = self.get_source(environment, name)
                                 ~~~~~~~~~~~~~~~^^^^^^^^^^^^^^^^^^^
  File "C:\Users\ADMIN\AppData\Local\Python\pythoncore-3.14-64\Lib\site-packages\flask\templating.py", line 65, in get_source
    return self._get_source_fast(environment, template)
           ~~~~~~~~~~~~~~~~~~~~~^^^^^^^^^^^^^^^^^^^^^^^
  File "C:\Users\ADMIN\AppData\Local\Python\pythoncore-3.14-64\Lib\site-packages\flask\templating.py", line 99, in _get_source_fast
    raise TemplateNotFound(template)
jinja2.exceptions.TemplateNotFound: settings/profile_systems.html
[2026-07-15 16:07:11] ERROR    __init__:121 — Unhandled exception — GET /settings/profiles: Could not build url for endpoint 'settings.set_profile_role' with values ['profile_id']. Did you mean 'settings.seed_profile' instead?
Traceback (most recent call last):
  File "C:\Users\ADMIN\AppData\Local\Python\pythoncore-3.14-64\Lib\site-packages\flask\app.py", line 880, in full_dispatch_request
    rv = self.dispatch_request()
  File "C:\Users\ADMIN\AppData\Local\Python\pythoncore-3.14-64\Lib\site-packages\flask\app.py", line 865, in dispatch_request
    return self.ensure_sync(self.view_functions[rule.endpoint])(**view_args)  # type: ignore[no-any-return]
           ~~~~~~~~~~~~~~~~~~~~~~~~~~~~~~~~~~~~~~~~~~~~~~~~~~~~^^^^^^^^^^^^^
  File "C:\Users\ADMIN\AppData\Local\Python\pythoncore-3.14-64\Lib\site-packages\flask_login\utils.py", line 290, in decorated_view
    return current_app.ensure_sync(func)(*args, **kwargs)
           ~~~~~~~~~~~~~~~~~~~~~~~~~~~~~^^^^^^^^^^^^^^^^^
  File "E:\quoting_studio\06-07-2026\quoting_studio\app\routes\settings.py", line 21, in decorated
    return f(*args, **kwargs)
  File "E:\quoting_studio\06-07-2026\quoting_studio\app\routes\settings.py", line 454, in profiles_library
    return render_template('settings/profiles_library.html',
                           profiles=profiles,
                           total=total,
                           categories=PROFILE_CATEGORIES,
                           active_cat=cat_filter)
  File "C:\Users\ADMIN\AppData\Local\Python\pythoncore-3.14-64\Lib\site-packages\flask\templating.py", line 150, in render_template
    return _render(app, template, context)
  File "C:\Users\ADMIN\AppData\Local\Python\pythoncore-3.14-64\Lib\site-packages\flask\templating.py", line 131, in _render
    rv = template.render(context)
  File "C:\Users\ADMIN\AppData\Local\Python\pythoncore-3.14-64\Lib\site-packages\jinja2\environment.py", line 1295, in render
    self.environment.handle_exception()
    ~~~~~~~~~~~~~~~~~~~~~~~~~~~~~~~~~^^
  File "C:\Users\ADMIN\AppData\Local\Python\pythoncore-3.14-64\Lib\site-packages\jinja2\environment.py", line 942, in handle_exception
    raise rewrite_traceback_stack(source=source)
  File "E:\quoting_studio\06-07-2026\quoting_studio\app\templates\settings\profiles_library.html", line 1, in top-level template code
    {% extends 'base.html' %}
  File "E:\quoting_studio\06-07-2026\quoting_studio\app\templates\base.html", line 67, in top-level template code
    {% block body %}{% endblock %}
    ^^^^^^^^^^^^^^^^^^^^^
  File "E:\quoting_studio\06-07-2026\quoting_studio\app\templates\settings\profiles_library.html", line 72, in block 'body'
    <form method="POST" action="{{ url_for('settings.set_profile_role', profile_id=p.id) }}"
    ^^^^^^^^^^^
  File "C:\Users\ADMIN\AppData\Local\Python\pythoncore-3.14-64\Lib\site-packages\flask\app.py", line 1084, in url_for
    return self.handle_url_build_error(error, endpoint, values)
           ~~~~~~~~~~~~~~~~~~~~~~~~~~~^^^^^^^^^^^^^^^^^^^^^^^^^
  File "C:\Users\ADMIN\AppData\Local\Python\pythoncore-3.14-64\Lib\site-packages\flask\app.py", line 1073, in url_for
    rv = url_adapter.build(  # type: ignore[union-attr]
        endpoint,
    ...<3 lines>...
        force_external=_external,
    )
  File "C:\Users\ADMIN\AppData\Local\Python\pythoncore-3.14-64\Lib\site-packages\werkzeug\routing\map.py", line 924, in build
    raise BuildError(endpoint, values, method, self)
werkzeug.routing.exceptions.BuildError: Could not build url for endpoint 'settings.set_profile_role' with values ['profile_id']. Did you mean 'settings.seed_profile' instead?
[2026-07-15 16:07:45] WARNING  model3d_freecad:92 — FreeCAD stderr: Exception while processing file: E:/qs_fc_25.py [name 'true' is not defined]

[2026-07-15 16:07:45] WARNING  model3d:68 — FreeCAD build failed (FreeCAD script did not complete. stdout: 45mm bar=90 depth=65)
  M_mull1 ok  (role=mullion L=575mm bar=90 depth=72)
  T_tran1 ok  (role=transom L=1020mm bar=85 depth=65)
FreeCAD 1.1.1, Libs: 1.1.1R20260414 (Git shallow)
(C) 2001-2026 FreeCAD contributors
FreeCAD is free and open-source software licensed under the terms of LGPL2+ license.

) — trimesh fallback
[2026-07-15 16:07:47] INFO     model3d:76 — trimesh assembly OK: fmt=glb bytes=4492
[2026-07-15 16:07:47] INFO     v1:241 — 3D export: window=25 fmt=glb method=auto bytes=4492
[2026-07-15 16:07:56] WARNING  model3d_freecad:92 — FreeCAD stderr: Exception while processing file: E:/qs_fc_25.py [name 'true' is not defined]

[2026-07-15 16:07:56] WARNING  model3d:68 — FreeCAD build failed (FreeCAD script did not complete. stdout: 45mm bar=90 depth=65)
  M_mull1 ok  (role=mullion L=575mm bar=90 depth=72)
  T_tran1 ok  (role=transom L=1020mm bar=85 depth=65)
FreeCAD 1.1.1, Libs: 1.1.1R20260414 (Git shallow)
(C) 2001-2026 FreeCAD contributors
FreeCAD is free and open-source software licensed under the terms of LGPL2+ license.

) — trimesh fallback
[2026-07-15 16:07:58] INFO     v1:241 — 3D export: window=25 fmt=glb method=freecad bytes=3452
[2026-07-15 16:08:02] WARNING  model3d_freecad:92 — FreeCAD stderr: Exception while processing file: E:/qs_fc_25.py [name 'true' is not defined]

[2026-07-15 16:08:02] WARNING  model3d:68 — FreeCAD build failed (FreeCAD script did not complete. stdout: 45mm bar=90 depth=65)
  M_mull1 ok  (role=mullion L=575mm bar=90 depth=72)
  T_tran1 ok  (role=transom L=1020mm bar=85 depth=65)
FreeCAD 1.1.1, Libs: 1.1.1R20260414 (Git shallow)
(C) 2001-2026 FreeCAD contributors
FreeCAD is free and open-source software licensed under the terms of LGPL2+ license.

) — trimesh fallback
[2026-07-15 16:08:02] INFO     model3d:76 — trimesh assembly OK: fmt=glb bytes=4492
[2026-07-15 16:08:02] INFO     v1:241 — 3D export: window=25 fmt=glb method=assembly bytes=4492
[2026-07-15 16:08:05] WARNING  model3d_freecad:92 — FreeCAD stderr: Exception while processing file: E:/qs_fc_25.py [name 'true' is not defined]

[2026-07-15 16:08:05] WARNING  model3d:68 — FreeCAD build failed (FreeCAD script did not complete. stdout: 45mm bar=90 depth=65)
  M_mull1 ok  (role=mullion L=575mm bar=90 depth=72)
  T_tran1 ok  (role=transom L=1020mm bar=85 depth=65)
FreeCAD 1.1.1, Libs: 1.1.1R20260414 (Git shallow)
(C) 2001-2026 FreeCAD contributors
FreeCAD is free and open-source software licensed under the terms of LGPL2+ license.

) — trimesh fallback
[2026-07-15 16:08:05] INFO     model3d:76 — trimesh assembly OK: fmt=glb bytes=4492
[2026-07-15 16:08:05] INFO     v1:241 — 3D export: window=25 fmt=glb method=auto bytes=4492
[2026-07-15 16:10:30] INFO     logging_config:160 — Quoting Studio — logging initialised (debug=True)
[2026-07-15 16:10:34] ERROR    __init__:121 — Unhandled exception — GET /settings/company: Could not build url for endpoint 'settings.profile_systems'. Did you mean 'settings.profile' instead?
Traceback (most recent call last):
  File "C:\Users\ADMIN\AppData\Local\Python\pythoncore-3.14-64\Lib\site-packages\flask\app.py", line 880, in full_dispatch_request
    rv = self.dispatch_request()
  File "C:\Users\ADMIN\AppData\Local\Python\pythoncore-3.14-64\Lib\site-packages\flask\app.py", line 865, in dispatch_request
    return self.ensure_sync(self.view_functions[rule.endpoint])(**view_args)  # type: ignore[no-any-return]
           ~~~~~~~~~~~~~~~~~~~~~~~~~~~~~~~~~~~~~~~~~~~~~~~~~~~~^^^^^^^^^^^^^
  File "C:\Users\ADMIN\AppData\Local\Python\pythoncore-3.14-64\Lib\site-packages\flask_login\utils.py", line 290, in decorated_view
    return current_app.ensure_sync(func)(*args, **kwargs)
           ~~~~~~~~~~~~~~~~~~~~~~~~~~~~~^^^^^^^^^^^^^^^^^
  File "E:\quoting_studio\06-07-2026\quoting_studio\app\routes\settings.py", line 21, in decorated
    return f(*args, **kwargs)
  File "E:\quoting_studio\06-07-2026\quoting_studio\app\routes\settings.py", line 55, in company
    return render_template('settings/company.html', tenant=tenant)
  File "C:\Users\ADMIN\AppData\Local\Python\pythoncore-3.14-64\Lib\site-packages\flask\templating.py", line 150, in render_template
    return _render(app, template, context)
  File "C:\Users\ADMIN\AppData\Local\Python\pythoncore-3.14-64\Lib\site-packages\flask\templating.py", line 131, in _render
    rv = template.render(context)
  File "C:\Users\ADMIN\AppData\Local\Python\pythoncore-3.14-64\Lib\site-packages\jinja2\environment.py", line 1295, in render
    self.environment.handle_exception()
    ~~~~~~~~~~~~~~~~~~~~~~~~~~~~~~~~~^^
  File "C:\Users\ADMIN\AppData\Local\Python\pythoncore-3.14-64\Lib\site-packages\jinja2\environment.py", line 942, in handle_exception
    raise rewrite_traceback_stack(source=source)
  File "E:\quoting_studio\06-07-2026\quoting_studio\app\templates\settings\company.html", line 1, in top-level template code
    {% extends 'base.html' %}
  File "E:\quoting_studio\06-07-2026\quoting_studio\app\templates\base.html", line 67, in top-level template code
    {% block body %}{% endblock %}
    ^^^^^^^^^^^^^^^^^^^^^
  File "E:\quoting_studio\06-07-2026\quoting_studio\app\templates\settings\company.html", line 6, in block 'body'
    {% include 'settings/_sidebar.html' %}
    ^^^^^^^^^^^^^^^^^^^^^^^
  File "E:\quoting_studio\06-07-2026\quoting_studio\app\templates\settings\_sidebar.html", line 22, in top-level template code
    {{ slink('settings.profile_systems', 'Profile Systems') }}
    ^^^^^^^^^^^^^^^^^^^^^^^
  File "C:\Users\ADMIN\AppData\Local\Python\pythoncore-3.14-64\Lib\site-packages\jinja2\runtime.py", line 784, in _invoke
    rv = self._func(*arguments)
  File "E:\quoting_studio\06-07-2026\quoting_studio\app\templates\settings\_sidebar.html", line 6, in template
    <a href="{{ url_for(ep) }}"
    ^^^^^^^^^^^^^^^^^^^^^^^
  File "C:\Users\ADMIN\AppData\Local\Python\pythoncore-3.14-64\Lib\site-packages\flask\app.py", line 1084, in url_for
    return self.handle_url_build_error(error, endpoint, values)
           ~~~~~~~~~~~~~~~~~~~~~~~~~~~^^^^^^^^^^^^^^^^^^^^^^^^^
  File "C:\Users\ADMIN\AppData\Local\Python\pythoncore-3.14-64\Lib\site-packages\flask\app.py", line 1073, in url_for
    rv = url_adapter.build(  # type: ignore[union-attr]
        endpoint,
    ...<3 lines>...
        force_external=_external,
    )
  File "C:\Users\ADMIN\AppData\Local\Python\pythoncore-3.14-64\Lib\site-packages\werkzeug\routing\map.py", line 924, in build
    raise BuildError(endpoint, values, method, self)
werkzeug.routing.exceptions.BuildError: Could not build url for endpoint 'settings.profile_systems'. Did you mean 'settings.profile' instead?
[2026-07-15 16:10:36] ERROR    __init__:121 — Unhandled exception — GET /settings/company: Could not build url for endpoint 'settings.profile_systems'. Did you mean 'settings.profile' instead?
Traceback (most recent call last):
  File "C:\Users\ADMIN\AppData\Local\Python\pythoncore-3.14-64\Lib\site-packages\flask\app.py", line 880, in full_dispatch_request
    rv = self.dispatch_request()
  File "C:\Users\ADMIN\AppData\Local\Python\pythoncore-3.14-64\Lib\site-packages\flask\app.py", line 865, in dispatch_request
    return self.ensure_sync(self.view_functions[rule.endpoint])(**view_args)  # type: ignore[no-any-return]
           ~~~~~~~~~~~~~~~~~~~~~~~~~~~~~~~~~~~~~~~~~~~~~~~~~~~~^^^^^^^^^^^^^
  File "C:\Users\ADMIN\AppData\Local\Python\pythoncore-3.14-64\Lib\site-packages\flask_login\utils.py", line 290, in decorated_view
    return current_app.ensure_sync(func)(*args, **kwargs)
           ~~~~~~~~~~~~~~~~~~~~~~~~~~~~~^^^^^^^^^^^^^^^^^
  File "E:\quoting_studio\06-07-2026\quoting_studio\app\routes\settings.py", line 21, in decorated
    return f(*args, **kwargs)
  File "E:\quoting_studio\06-07-2026\quoting_studio\app\routes\settings.py", line 55, in company
    return render_template('settings/company.html', tenant=tenant)
  File "C:\Users\ADMIN\AppData\Local\Python\pythoncore-3.14-64\Lib\site-packages\flask\templating.py", line 150, in render_template
    return _render(app, template, context)
  File "C:\Users\ADMIN\AppData\Local\Python\pythoncore-3.14-64\Lib\site-packages\flask\templating.py", line 131, in _render
    rv = template.render(context)
  File "C:\Users\ADMIN\AppData\Local\Python\pythoncore-3.14-64\Lib\site-packages\jinja2\environment.py", line 1295, in render
    self.environment.handle_exception()
    ~~~~~~~~~~~~~~~~~~~~~~~~~~~~~~~~~^^
  File "C:\Users\ADMIN\AppData\Local\Python\pythoncore-3.14-64\Lib\site-packages\jinja2\environment.py", line 942, in handle_exception
    raise rewrite_traceback_stack(source=source)
  File "E:\quoting_studio\06-07-2026\quoting_studio\app\templates\settings\company.html", line 1, in top-level template code
    {% extends 'base.html' %}
  File "E:\quoting_studio\06-07-2026\quoting_studio\app\templates\base.html", line 67, in top-level template code
    {% block body %}{% endblock %}
    ^^^^^^^^^^^^^^^^^^^^^
  File "E:\quoting_studio\06-07-2026\quoting_studio\app\templates\settings\company.html", line 6, in block 'body'
    {% include 'settings/_sidebar.html' %}
    ^^^^^^^^^^^^^^^^^^^^^^^
  File "E:\quoting_studio\06-07-2026\quoting_studio\app\templates\settings\_sidebar.html", line 22, in top-level template code
    {{ slink('settings.profile_systems', 'Profile Systems') }}
    ^^^^^^^^^^^^^^^^^^^^^^^
  File "C:\Users\ADMIN\AppData\Local\Python\pythoncore-3.14-64\Lib\site-packages\jinja2\runtime.py", line 784, in _invoke
    rv = self._func(*arguments)
  File "E:\quoting_studio\06-07-2026\quoting_studio\app\templates\settings\_sidebar.html", line 6, in template
    <a href="{{ url_for(ep) }}"
    ^^^^^^^^^^^^^^^^^^^^^^^
  File "C:\Users\ADMIN\AppData\Local\Python\pythoncore-3.14-64\Lib\site-packages\flask\app.py", line 1084, in url_for
    return self.handle_url_build_error(error, endpoint, values)
           ~~~~~~~~~~~~~~~~~~~~~~~~~~~^^^^^^^^^^^^^^^^^^^^^^^^^
  File "C:\Users\ADMIN\AppData\Local\Python\pythoncore-3.14-64\Lib\site-packages\flask\app.py", line 1073, in url_for
    rv = url_adapter.build(  # type: ignore[union-attr]
        endpoint,
    ...<3 lines>...
        force_external=_external,
    )
  File "C:\Users\ADMIN\AppData\Local\Python\pythoncore-3.14-64\Lib\site-packages\werkzeug\routing\map.py", line 924, in build
    raise BuildError(endpoint, values, method, self)
werkzeug.routing.exceptions.BuildError: Could not build url for endpoint 'settings.profile_systems'. Did you mean 'settings.profile' instead?
[2026-07-15 16:10:40] ERROR    __init__:121 — Unhandled exception — GET /settings/company: Could not build url for endpoint 'settings.profile_systems'. Did you mean 'settings.profile' instead?
Traceback (most recent call last):
  File "C:\Users\ADMIN\AppData\Local\Python\pythoncore-3.14-64\Lib\site-packages\flask\app.py", line 880, in full_dispatch_request
    rv = self.dispatch_request()
  File "C:\Users\ADMIN\AppData\Local\Python\pythoncore-3.14-64\Lib\site-packages\flask\app.py", line 865, in dispatch_request
    return self.ensure_sync(self.view_functions[rule.endpoint])(**view_args)  # type: ignore[no-any-return]
           ~~~~~~~~~~~~~~~~~~~~~~~~~~~~~~~~~~~~~~~~~~~~~~~~~~~~^^^^^^^^^^^^^
  File "C:\Users\ADMIN\AppData\Local\Python\pythoncore-3.14-64\Lib\site-packages\flask_login\utils.py", line 290, in decorated_view
    return current_app.ensure_sync(func)(*args, **kwargs)
           ~~~~~~~~~~~~~~~~~~~~~~~~~~~~~^^^^^^^^^^^^^^^^^
  File "E:\quoting_studio\06-07-2026\quoting_studio\app\routes\settings.py", line 21, in decorated
    return f(*args, **kwargs)
  File "E:\quoting_studio\06-07-2026\quoting_studio\app\routes\settings.py", line 55, in company
    return render_template('settings/company.html', tenant=tenant)
  File "C:\Users\ADMIN\AppData\Local\Python\pythoncore-3.14-64\Lib\site-packages\flask\templating.py", line 150, in render_template
    return _render(app, template, context)
  File "C:\Users\ADMIN\AppData\Local\Python\pythoncore-3.14-64\Lib\site-packages\flask\templating.py", line 131, in _render
    rv = template.render(context)
  File "C:\Users\ADMIN\AppData\Local\Python\pythoncore-3.14-64\Lib\site-packages\jinja2\environment.py", line 1295, in render
    self.environment.handle_exception()
    ~~~~~~~~~~~~~~~~~~~~~~~~~~~~~~~~~^^
  File "C:\Users\ADMIN\AppData\Local\Python\pythoncore-3.14-64\Lib\site-packages\jinja2\environment.py", line 942, in handle_exception
    raise rewrite_traceback_stack(source=source)
  File "E:\quoting_studio\06-07-2026\quoting_studio\app\templates\settings\company.html", line 1, in top-level template code
    {% extends 'base.html' %}
  File "E:\quoting_studio\06-07-2026\quoting_studio\app\templates\base.html", line 67, in top-level template code
    {% block body %}{% endblock %}
    ^^^^^^^^^^^^^^^^^^^^^
  File "E:\quoting_studio\06-07-2026\quoting_studio\app\templates\settings\company.html", line 6, in block 'body'
    {% include 'settings/_sidebar.html' %}
    ^^^^^^^^^^^^^^^^^^^^^^^
  File "E:\quoting_studio\06-07-2026\quoting_studio\app\templates\settings\_sidebar.html", line 22, in top-level template code
    {{ slink('settings.profile_systems', 'Profile Systems') }}
    ^^^^^^^^^^^^^^^^^^^^^^^
  File "C:\Users\ADMIN\AppData\Local\Python\pythoncore-3.14-64\Lib\site-packages\jinja2\runtime.py", line 784, in _invoke
    rv = self._func(*arguments)
  File "E:\quoting_studio\06-07-2026\quoting_studio\app\templates\settings\_sidebar.html", line 6, in template
    <a href="{{ url_for(ep) }}"
    ^^^^^^^^^^^^^^^^^^^^^^^
  File "C:\Users\ADMIN\AppData\Local\Python\pythoncore-3.14-64\Lib\site-packages\flask\app.py", line 1084, in url_for
    return self.handle_url_build_error(error, endpoint, values)
           ~~~~~~~~~~~~~~~~~~~~~~~~~~~^^^^^^^^^^^^^^^^^^^^^^^^^
  File "C:\Users\ADMIN\AppData\Local\Python\pythoncore-3.14-64\Lib\site-packages\flask\app.py", line 1073, in url_for
    rv = url_adapter.build(  # type: ignore[union-attr]
        endpoint,
    ...<3 lines>...
        force_external=_external,
    )
  File "C:\Users\ADMIN\AppData\Local\Python\pythoncore-3.14-64\Lib\site-packages\werkzeug\routing\map.py", line 924, in build
    raise BuildError(endpoint, values, method, self)
werkzeug.routing.exceptions.BuildError: Could not build url for endpoint 'settings.profile_systems'. Did you mean 'settings.profile' instead?
[2026-07-15 16:11:45] INFO     logging_config:160 — Quoting Studio — logging initialised (debug=True)
[2026-07-15 16:12:02] ERROR    __init__:121 — Unhandled exception — GET /settings/profiles: Could not build url for endpoint 'settings.set_profile_role' with values ['profile_id']. Did you mean 'settings.seed_profile' instead?
Traceback (most recent call last):
  File "C:\Users\ADMIN\AppData\Local\Python\pythoncore-3.14-64\Lib\site-packages\flask\app.py", line 880, in full_dispatch_request
    rv = self.dispatch_request()
  File "C:\Users\ADMIN\AppData\Local\Python\pythoncore-3.14-64\Lib\site-packages\flask\app.py", line 865, in dispatch_request
    return self.ensure_sync(self.view_functions[rule.endpoint])(**view_args)  # type: ignore[no-any-return]
           ~~~~~~~~~~~~~~~~~~~~~~~~~~~~~~~~~~~~~~~~~~~~~~~~~~~~^^^^^^^^^^^^^
  File "C:\Users\ADMIN\AppData\Local\Python\pythoncore-3.14-64\Lib\site-packages\flask_login\utils.py", line 290, in decorated_view
    return current_app.ensure_sync(func)(*args, **kwargs)
           ~~~~~~~~~~~~~~~~~~~~~~~~~~~~~^^^^^^^^^^^^^^^^^
  File "E:\quoting_studio\06-07-2026\quoting_studio\app\routes\settings.py", line 21, in decorated
    return f(*args, **kwargs)
  File "E:\quoting_studio\06-07-2026\quoting_studio\app\routes\settings.py", line 454, in profiles_library
    return render_template('settings/profiles_library.html',
                           profiles=profiles,
                           total=total,
                           categories=PROFILE_CATEGORIES,
                           active_cat=cat_filter)
  File "C:\Users\ADMIN\AppData\Local\Python\pythoncore-3.14-64\Lib\site-packages\flask\templating.py", line 150, in render_template
    return _render(app, template, context)
  File "C:\Users\ADMIN\AppData\Local\Python\pythoncore-3.14-64\Lib\site-packages\flask\templating.py", line 131, in _render
    rv = template.render(context)
  File "C:\Users\ADMIN\AppData\Local\Python\pythoncore-3.14-64\Lib\site-packages\jinja2\environment.py", line 1295, in render
    self.environment.handle_exception()
    ~~~~~~~~~~~~~~~~~~~~~~~~~~~~~~~~~^^
  File "C:\Users\ADMIN\AppData\Local\Python\pythoncore-3.14-64\Lib\site-packages\jinja2\environment.py", line 942, in handle_exception
    raise rewrite_traceback_stack(source=source)
  File "E:\quoting_studio\06-07-2026\quoting_studio\app\templates\settings\profiles_library.html", line 1, in top-level template code
    {% extends 'base.html' %}
  File "E:\quoting_studio\06-07-2026\quoting_studio\app\templates\base.html", line 67, in top-level template code
    {% block body %}{% endblock %}
    ^^^^^^^^^^^^^^^^^^^^^
  File "E:\quoting_studio\06-07-2026\quoting_studio\app\templates\settings\profiles_library.html", line 72, in block 'body'
    <form method="POST" action="{{ url_for('settings.set_profile_role', profile_id=p.id) }}"
    ^^^^^^^^^^^
  File "C:\Users\ADMIN\AppData\Local\Python\pythoncore-3.14-64\Lib\site-packages\flask\app.py", line 1084, in url_for
    return self.handle_url_build_error(error, endpoint, values)
           ~~~~~~~~~~~~~~~~~~~~~~~~~~~^^^^^^^^^^^^^^^^^^^^^^^^^
  File "C:\Users\ADMIN\AppData\Local\Python\pythoncore-3.14-64\Lib\site-packages\flask\app.py", line 1073, in url_for
    rv = url_adapter.build(  # type: ignore[union-attr]
        endpoint,
    ...<3 lines>...
        force_external=_external,
    )
  File "C:\Users\ADMIN\AppData\Local\Python\pythoncore-3.14-64\Lib\site-packages\werkzeug\routing\map.py", line 924, in build
    raise BuildError(endpoint, values, method, self)
werkzeug.routing.exceptions.BuildError: Could not build url for endpoint 'settings.set_profile_role' with values ['profile_id']. Did you mean 'settings.seed_profile' instead?
[2026-07-15 16:13:27] ERROR    __init__:121 — Unhandled exception — GET /settings/profiles: Could not build url for endpoint 'settings.set_profile_role' with values ['profile_id']. Did you mean 'settings.seed_profile' instead?
Traceback (most recent call last):
  File "C:\Users\ADMIN\AppData\Local\Python\pythoncore-3.14-64\Lib\site-packages\flask\app.py", line 880, in full_dispatch_request
    rv = self.dispatch_request()
  File "C:\Users\ADMIN\AppData\Local\Python\pythoncore-3.14-64\Lib\site-packages\flask\app.py", line 865, in dispatch_request
    return self.ensure_sync(self.view_functions[rule.endpoint])(**view_args)  # type: ignore[no-any-return]
           ~~~~~~~~~~~~~~~~~~~~~~~~~~~~~~~~~~~~~~~~~~~~~~~~~~~~^^^^^^^^^^^^^
  File "C:\Users\ADMIN\AppData\Local\Python\pythoncore-3.14-64\Lib\site-packages\flask_login\utils.py", line 290, in decorated_view
    return current_app.ensure_sync(func)(*args, **kwargs)
           ~~~~~~~~~~~~~~~~~~~~~~~~~~~~~^^^^^^^^^^^^^^^^^
  File "E:\quoting_studio\06-07-2026\quoting_studio\app\routes\settings.py", line 21, in decorated
    return f(*args, **kwargs)
  File "E:\quoting_studio\06-07-2026\quoting_studio\app\routes\settings.py", line 454, in profiles_library
    return render_template('settings/profiles_library.html',
                           profiles=profiles,
                           total=total,
                           categories=PROFILE_CATEGORIES,
                           active_cat=cat_filter)
  File "C:\Users\ADMIN\AppData\Local\Python\pythoncore-3.14-64\Lib\site-packages\flask\templating.py", line 150, in render_template
    return _render(app, template, context)
  File "C:\Users\ADMIN\AppData\Local\Python\pythoncore-3.14-64\Lib\site-packages\flask\templating.py", line 131, in _render
    rv = template.render(context)
  File "C:\Users\ADMIN\AppData\Local\Python\pythoncore-3.14-64\Lib\site-packages\jinja2\environment.py", line 1295, in render
    self.environment.handle_exception()
    ~~~~~~~~~~~~~~~~~~~~~~~~~~~~~~~~~^^
  File "C:\Users\ADMIN\AppData\Local\Python\pythoncore-3.14-64\Lib\site-packages\jinja2\environment.py", line 942, in handle_exception
    raise rewrite_traceback_stack(source=source)
  File "E:\quoting_studio\06-07-2026\quoting_studio\app\templates\settings\profiles_library.html", line 1, in top-level template code
    {% extends 'base.html' %}
  File "E:\quoting_studio\06-07-2026\quoting_studio\app\templates\base.html", line 67, in top-level template code
    {% block body %}{% endblock %}
    ^^^^^^^^^^^^^^^^^^^^^
  File "E:\quoting_studio\06-07-2026\quoting_studio\app\templates\settings\profiles_library.html", line 72, in block 'body'
    <form method="POST" action="{{ url_for('settings.set_profile_role', profile_id=p.id) }}"
    ^^^^^^^^^^^
  File "C:\Users\ADMIN\AppData\Local\Python\pythoncore-3.14-64\Lib\site-packages\flask\app.py", line 1084, in url_for
    return self.handle_url_build_error(error, endpoint, values)
           ~~~~~~~~~~~~~~~~~~~~~~~~~~~^^^^^^^^^^^^^^^^^^^^^^^^^
  File "C:\Users\ADMIN\AppData\Local\Python\pythoncore-3.14-64\Lib\site-packages\flask\app.py", line 1073, in url_for
    rv = url_adapter.build(  # type: ignore[union-attr]
        endpoint,
    ...<3 lines>...
        force_external=_external,
    )
  File "C:\Users\ADMIN\AppData\Local\Python\pythoncore-3.14-64\Lib\site-packages\werkzeug\routing\map.py", line 924, in build
    raise BuildError(endpoint, values, method, self)
werkzeug.routing.exceptions.BuildError: Could not build url for endpoint 'settings.set_profile_role' with values ['profile_id']. Did you mean 'settings.seed_profile' instead?
[2026-07-15 16:22:41] INFO     logging_config:160 — Quoting Studio — logging initialised (debug=True)
[2026-07-15 16:22:50] ERROR    __init__:121 — Unhandled exception — GET /settings/profile-systems: settings/profile_systems.html
Traceback (most recent call last):
  File "C:\Users\ADMIN\AppData\Local\Python\pythoncore-3.14-64\Lib\site-packages\flask\app.py", line 880, in full_dispatch_request
    rv = self.dispatch_request()
  File "C:\Users\ADMIN\AppData\Local\Python\pythoncore-3.14-64\Lib\site-packages\flask\app.py", line 865, in dispatch_request
    return self.ensure_sync(self.view_functions[rule.endpoint])(**view_args)  # type: ignore[no-any-return]
           ~~~~~~~~~~~~~~~~~~~~~~~~~~~~~~~~~~~~~~~~~~~~~~~~~~~~^^^^^^^^^^^^^
  File "C:\Users\ADMIN\AppData\Local\Python\pythoncore-3.14-64\Lib\site-packages\flask_login\utils.py", line 290, in decorated_view
    return current_app.ensure_sync(func)(*args, **kwargs)
           ~~~~~~~~~~~~~~~~~~~~~~~~~~~~~^^^^^^^^^^^^^^^^^
  File "E:\quoting_studio\06-07-2026\quoting_studio\app\routes\settings.py", line 21, in decorated
    return f(*args, **kwargs)
  File "E:\quoting_studio\06-07-2026\quoting_studio\app\routes\settings.py", line 727, in profile_systems
    return render_template('settings/profile_systems.html',
                           systems=systems, profiles=profiles)
  File "C:\Users\ADMIN\AppData\Local\Python\pythoncore-3.14-64\Lib\site-packages\flask\templating.py", line 149, in render_template
    template = app.jinja_env.get_or_select_template(template_name_or_list)
  File "C:\Users\ADMIN\AppData\Local\Python\pythoncore-3.14-64\Lib\site-packages\jinja2\environment.py", line 1087, in get_or_select_template
    return self.get_template(template_name_or_list, parent, globals)
           ~~~~~~~~~~~~~~~~~^^^^^^^^^^^^^^^^^^^^^^^^^^^^^^^^^^^^^^^^
  File "C:\Users\ADMIN\AppData\Local\Python\pythoncore-3.14-64\Lib\site-packages\jinja2\environment.py", line 1016, in get_template
    return self._load_template(name, globals)
           ~~~~~~~~~~~~~~~~~~~^^^^^^^^^^^^^^^
  File "C:\Users\ADMIN\AppData\Local\Python\pythoncore-3.14-64\Lib\site-packages\jinja2\environment.py", line 975, in _load_template
    template = self.loader.load(self, name, self.make_globals(globals))
  File "C:\Users\ADMIN\AppData\Local\Python\pythoncore-3.14-64\Lib\site-packages\jinja2\loaders.py", line 126, in load
    source, filename, uptodate = self.get_source(environment, name)
                                 ~~~~~~~~~~~~~~~^^^^^^^^^^^^^^^^^^^
  File "C:\Users\ADMIN\AppData\Local\Python\pythoncore-3.14-64\Lib\site-packages\flask\templating.py", line 65, in get_source
    return self._get_source_fast(environment, template)
           ~~~~~~~~~~~~~~~~~~~~~^^^^^^^^^^^^^^^^^^^^^^^
  File "C:\Users\ADMIN\AppData\Local\Python\pythoncore-3.14-64\Lib\site-packages\flask\templating.py", line 99, in _get_source_fast
    raise TemplateNotFound(template)
jinja2.exceptions.TemplateNotFound: settings/profile_systems.html
[2026-07-15 16:26:35] INFO     logging_config:160 — Quoting Studio — logging initialised (debug=True)
[2026-07-15 16:26:40] INFO     logging_config:160 — Quoting Studio — logging initialised (debug=True)
[2026-07-15 16:33:43] WARNING  model3d_freecad:92 — FreeCAD stderr: Exception while processing file: E:/qs_fc_25.py [name 'true' is not defined]

[2026-07-15 16:33:43] WARNING  model3d:68 — FreeCAD build failed (FreeCAD script did not complete. stdout: 45mm bar=90 depth=65)
  M_mull1 ok  (role=mullion L=575mm bar=90 depth=72)
  T_tran1 ok  (role=transom L=1020mm bar=85 depth=65)
FreeCAD 1.1.1, Libs: 1.1.1R20260414 (Git shallow)
(C) 2001-2026 FreeCAD contributors
FreeCAD is free and open-source software licensed under the terms of LGPL2+ license.

) — trimesh fallback
[2026-07-15 16:33:45] INFO     model3d:76 — trimesh assembly OK: fmt=glb bytes=4492
[2026-07-15 16:33:45] INFO     v1:241 — 3D export: window=25 fmt=glb method=auto bytes=4492
[2026-07-15 16:34:18] WARNING  model3d_freecad:92 — FreeCAD stderr: Exception while processing file: E:/qs_fc_25.py [name 'true' is not defined]

[2026-07-15 16:34:18] WARNING  model3d:68 — FreeCAD build failed (FreeCAD script did not complete. stdout: 45mm bar=90 depth=65)
  M_mull1 ok  (role=mullion L=575mm bar=90 depth=72)
  T_tran1 ok  (role=transom L=1020mm bar=85 depth=65)
FreeCAD 1.1.1, Libs: 1.1.1R20260414 (Git shallow)
(C) 2001-2026 FreeCAD contributors
FreeCAD is free and open-source software licensed under the terms of LGPL2+ license.

) — trimesh fallback
[2026-07-15 16:34:21] INFO     model3d:76 — trimesh assembly OK: fmt=step bytes=151436
[2026-07-15 16:34:21] INFO     v1:241 — 3D export: window=25 fmt=step method=auto bytes=151436
[2026-07-15 16:35:50] INFO     v1:241 — 3D export: window=25 fmt=glb method=extrude bytes=3452
[2026-07-15 16:35:52] INFO     v1:241 — 3D export: window=25 fmt=glb method=sweep bytes=6432
[2026-07-15 16:36:01] WARNING  model3d:190 — Profile polygon build failed: No module named 'shapely'
[2026-07-15 16:36:01] INFO     v1:241 — 3D export: window=25 fmt=glb method=profile bytes=3452
[2026-07-15 16:36:06] WARNING  model3d_freecad:92 — FreeCAD stderr: Exception while processing file: E:/qs_fc_25.py [name 'true' is not defined]

[2026-07-15 16:36:06] WARNING  model3d:68 — FreeCAD build failed (FreeCAD script did not complete. stdout: 45mm bar=90 depth=65)
  M_mull1 ok  (role=mullion L=575mm bar=90 depth=72)
  T_tran1 ok  (role=transom L=1020mm bar=85 depth=65)
FreeCAD 1.1.1, Libs: 1.1.1R20260414 (Git shallow)
(C) 2001-2026 FreeCAD contributors
FreeCAD is free and open-source software licensed under the terms of LGPL2+ license.

) — trimesh fallback
[2026-07-15 16:36:06] INFO     model3d:76 — trimesh assembly OK: fmt=glb bytes=4492
[2026-07-15 16:36:06] INFO     v1:241 — 3D export: window=25 fmt=glb method=assembly bytes=4492
[2026-07-15 16:36:14] WARNING  model3d_freecad:92 — FreeCAD stderr: Exception while processing file: E:/qs_fc_25.py [name 'true' is not defined]

[2026-07-15 16:36:14] WARNING  model3d:68 — FreeCAD build failed (FreeCAD script did not complete. stdout: 45mm bar=90 depth=65)
  M_mull1 ok  (role=mullion L=575mm bar=90 depth=72)
  T_tran1 ok  (role=transom L=1020mm bar=85 depth=65)
FreeCAD 1.1.1, Libs: 1.1.1R20260414 (Git shallow)
(C) 2001-2026 FreeCAD contributors
FreeCAD is free and open-source software licensed under the terms of LGPL2+ license.

) — trimesh fallback
[2026-07-15 16:36:14] INFO     v1:241 — 3D export: window=25 fmt=glb method=freecad bytes=3452
[2026-07-15 16:36:22] WARNING  model3d_freecad:92 — FreeCAD stderr: Exception while processing file: E:/qs_fc_25.py [name 'true' is not defined]

[2026-07-15 16:36:22] WARNING  model3d:68 — FreeCAD build failed (FreeCAD script did not complete. stdout: 45mm bar=90 depth=65)
  M_mull1 ok  (role=mullion L=575mm bar=90 depth=72)
  T_tran1 ok  (role=transom L=1020mm bar=85 depth=65)
FreeCAD 1.1.1, Libs: 1.1.1R20260414 (Git shallow)
(C) 2001-2026 FreeCAD contributors
FreeCAD is free and open-source software licensed under the terms of LGPL2+ license.

) — trimesh fallback
[2026-07-15 16:36:22] INFO     model3d:76 — trimesh assembly OK: fmt=glb bytes=4492
[2026-07-15 16:36:22] INFO     v1:241 — 3D export: window=25 fmt=glb method=auto bytes=4492
[2026-07-15 16:36:38] WARNING  model3d_freecad:92 — FreeCAD stderr: Exception while processing file: E:/qs_fc_37.py [name 'true' is not defined]

[2026-07-15 16:36:39] WARNING  model3d:68 — FreeCAD build failed (FreeCAD script did not complete. stdout: ole=sash L=1596mm bar=67 depth=90)
  S2_L ok  (role=sash L=912mm bar=67 depth=90)
  S2_R ok  (role=sash L=912mm bar=67 depth=90)
FreeCAD 1.1.1, Libs: 1.1.1R20260414 (Git shallow)
(C) 2001-2026 FreeCAD contributors
FreeCAD is free and open-source software licensed under the terms of LGPL2+ license.

) — trimesh fallback
[2026-07-15 16:36:39] INFO     model3d:76 — trimesh assembly OK: fmt=glb bytes=5920
[2026-07-15 16:36:39] INFO     v1:241 — 3D export: window=37 fmt=glb method=auto bytes=5920
[2026-07-15 16:36:46] WARNING  model3d_freecad:92 — FreeCAD stderr: Exception while processing file: E:/qs_fc_37.py [name 'true' is not defined]

[2026-07-15 16:36:46] WARNING  model3d:68 — FreeCAD build failed (FreeCAD script did not complete. stdout: ole=sash L=1596mm bar=67 depth=90)
  S2_L ok  (role=sash L=912mm bar=67 depth=90)
  S2_R ok  (role=sash L=912mm bar=67 depth=90)
FreeCAD 1.1.1, Libs: 1.1.1R20260414 (Git shallow)
(C) 2001-2026 FreeCAD contributors
FreeCAD is free and open-source software licensed under the terms of LGPL2+ license.

) — trimesh fallback
[2026-07-15 16:36:46] INFO     v1:241 — 3D export: window=37 fmt=glb method=freecad bytes=2300
[2026-07-15 16:36:49] WARNING  model3d_freecad:92 — FreeCAD stderr: Exception while processing file: E:/qs_fc_37.py [name 'true' is not defined]

[2026-07-15 16:36:49] WARNING  model3d:68 — FreeCAD build failed (FreeCAD script did not complete. stdout: ole=sash L=1596mm bar=67 depth=90)
  S2_L ok  (role=sash L=912mm bar=67 depth=90)
  S2_R ok  (role=sash L=912mm bar=67 depth=90)
FreeCAD 1.1.1, Libs: 1.1.1R20260414 (Git shallow)
(C) 2001-2026 FreeCAD contributors
FreeCAD is free and open-source software licensed under the terms of LGPL2+ license.

) — trimesh fallback
[2026-07-15 16:36:49] INFO     model3d:76 — trimesh assembly OK: fmt=glb bytes=5920
[2026-07-15 16:36:49] INFO     v1:241 — 3D export: window=37 fmt=glb method=auto bytes=5920
[2026-07-15 16:36:50] WARNING  model3d_freecad:92 — FreeCAD stderr: Exception while processing file: E:/qs_fc_37.py [name 'true' is not defined]

[2026-07-15 16:36:50] WARNING  model3d:68 — FreeCAD build failed (FreeCAD script did not complete. stdout: ole=sash L=1596mm bar=67 depth=90)
  S2_L ok  (role=sash L=912mm bar=67 depth=90)
  S2_R ok  (role=sash L=912mm bar=67 depth=90)
FreeCAD 1.1.1, Libs: 1.1.1R20260414 (Git shallow)
(C) 2001-2026 FreeCAD contributors
FreeCAD is free and open-source software licensed under the terms of LGPL2+ license.

) — trimesh fallback
[2026-07-15 16:36:50] INFO     model3d:76 — trimesh assembly OK: fmt=step bytes=251860
[2026-07-15 16:36:50] INFO     v1:241 — 3D export: window=37 fmt=step method=auto bytes=251860
[2026-07-15 16:50:06] INFO     logging_config:160 — Quoting Studio — logging initialised (debug=True)
[2026-07-16 10:56:29] INFO     logging_config:160 — Quoting Studio — logging initialised (debug=True)
[2026-07-16 10:56:37] INFO     logging_config:160 — Quoting Studio — logging initialised (debug=True)
[2026-07-16 10:56:54] INFO     __init__:96 — 404 Not Found — GET /favicon.ico
[2026-07-16 10:57:19] INFO     auth:32 — Login success: aniket@gmail.com (tenant=1)
[2026-07-16 11:02:15] INFO     logging_config:160 — Quoting Studio — logging initialised (debug=True)
[2026-07-16 11:04:18] INFO     logging_config:160 — Quoting Studio — logging initialised (debug=True)
[2026-07-16 11:06:13] INFO     v1:298 — Design saved: window=25 panes=3
[2026-07-16 11:06:13] INFO     v1:375 — save_render: window=25 saved 723529 bytes -> E:\quoting_studio\06-07-2026\quoting_studio\uploads\renders\window-25.png
[2026-07-16 11:06:22] WARNING  model3d_freecad:92 — FreeCAD stderr: Exception while processing file: E:/qs_fc_25.py [name 'true' is not defined]

[2026-07-16 11:06:22] WARNING  model3d:68 — FreeCAD build failed (FreeCAD script did not complete. stdout: 45mm bar=90 depth=65)
  M_mull1 ok  (role=mullion L=575mm bar=90 depth=72)
  T_tran1 ok  (role=transom L=1020mm bar=85 depth=65)
FreeCAD 1.1.1, Libs: 1.1.1R20260414 (Git shallow)
(C) 2001-2026 FreeCAD contributors
FreeCAD is free and open-source software licensed under the terms of LGPL2+ license.

) — trimesh fallback
[2026-07-16 11:06:31] INFO     model3d:76 — trimesh assembly OK: fmt=glb bytes=4492
[2026-07-16 11:06:31] INFO     v1:241 — 3D export: window=25 fmt=glb method=auto bytes=4492
[2026-07-16 11:06:37] WARNING  model3d_freecad:92 — FreeCAD stderr: Exception while processing file: E:/qs_fc_25.py [name 'true' is not defined]

[2026-07-16 11:06:37] WARNING  model3d:68 — FreeCAD build failed (FreeCAD script did not complete. stdout: 45mm bar=90 depth=65)
  M_mull1 ok  (role=mullion L=575mm bar=90 depth=72)
  T_tran1 ok  (role=transom L=1020mm bar=85 depth=65)
FreeCAD 1.1.1, Libs: 1.1.1R20260414 (Git shallow)
(C) 2001-2026 FreeCAD contributors
FreeCAD is free and open-source software licensed under the terms of LGPL2+ license.

) — trimesh fallback
[2026-07-16 11:06:58] INFO     v1:241 — 3D export: window=25 fmt=glb method=freecad bytes=3452
[2026-07-16 11:07:01] INFO     projects:380 — Unit added: id=38 project=13 type=door tpl=doorHalfGlazed
[2026-07-16 11:07:06] INFO     v1:298 — Design saved: window=38 panes=2
[2026-07-16 11:07:40] INFO     v1:298 — Design saved: window=38 panes=2
[2026-07-16 11:07:48] INFO     v1:298 — Design saved: window=38 panes=2
[2026-07-16 11:07:51] INFO     v1:298 — Design saved: window=38 panes=2
[2026-07-16 11:07:53] INFO     v1:298 — Design saved: window=38 panes=2
[2026-07-16 11:07:56] INFO     v1:298 — Design saved: window=38 panes=2
[2026-07-16 11:07:58] INFO     v1:298 — Design saved: window=38 panes=2
[2026-07-16 11:08:03] INFO     v1:298 — Design saved: window=38 panes=2
[2026-07-16 11:08:07] INFO     v1:298 — Design saved: window=38 panes=2
[2026-07-16 11:08:15] INFO     v1:298 — Design saved: window=38 panes=2
[2026-07-16 11:08:16] WARNING  model3d_freecad:92 — FreeCAD stderr: Exception while processing file: E:/qs_fc_38.py [name 'true' is not defined]

[2026-07-16 11:08:16] WARNING  model3d:68 — FreeCAD build failed (FreeCAD script did not complete. stdout: ole=sash L=1496mm bar=90 depth=65)
  S1_L ok  (role=sash L=866mm bar=90 depth=65)
  S1_R ok  (role=sash L=866mm bar=90 depth=65)
FreeCAD 1.1.1, Libs: 1.1.1R20260414 (Git shallow)
(C) 2001-2026 FreeCAD contributors
FreeCAD is free and open-source software licensed under the terms of LGPL2+ license.

) — trimesh fallback
[2026-07-16 11:08:16] INFO     model3d:76 — trimesh assembly OK: fmt=glb bytes=5024
[2026-07-16 11:08:16] INFO     v1:241 — 3D export: window=38 fmt=glb method=auto bytes=5024
[2026-07-16 11:08:21] WARNING  model3d_freecad:92 — FreeCAD stderr: Exception while processing file: E:/qs_fc_38.py [name 'true' is not defined]

[2026-07-16 11:08:22] WARNING  model3d:68 — FreeCAD build failed (FreeCAD script did not complete. stdout: ole=sash L=1496mm bar=90 depth=65)
  S1_L ok  (role=sash L=866mm bar=90 depth=65)
  S1_R ok  (role=sash L=866mm bar=90 depth=65)
FreeCAD 1.1.1, Libs: 1.1.1R20260414 (Git shallow)
(C) 2001-2026 FreeCAD contributors
FreeCAD is free and open-source software licensed under the terms of LGPL2+ license.

) — trimesh fallback
[2026-07-16 11:08:22] INFO     model3d:76 — trimesh assembly OK: fmt=glb bytes=5024
[2026-07-16 11:08:22] INFO     v1:241 — 3D export: window=38 fmt=glb method=assembly bytes=5024
[2026-07-16 11:08:30] WARNING  model3d:190 — Profile polygon build failed: No module named 'shapely'
[2026-07-16 11:08:30] INFO     v1:241 — 3D export: window=38 fmt=glb method=profile bytes=2300
[2026-07-16 11:08:37] INFO     v1:241 — 3D export: window=38 fmt=glb method=sweep bytes=4996
[2026-07-16 11:08:43] WARNING  model3d_freecad:92 — FreeCAD stderr: Exception while processing file: E:/qs_fc_38.py [name 'true' is not defined]

[2026-07-16 11:08:43] WARNING  model3d:68 — FreeCAD build failed (FreeCAD script did not complete. stdout: ole=sash L=1496mm bar=90 depth=65)
  S1_L ok  (role=sash L=866mm bar=90 depth=65)
  S1_R ok  (role=sash L=866mm bar=90 depth=65)
FreeCAD 1.1.1, Libs: 1.1.1R20260414 (Git shallow)
(C) 2001-2026 FreeCAD contributors
FreeCAD is free and open-source software licensed under the terms of LGPL2+ license.

) — trimesh fallback
[2026-07-16 11:08:43] INFO     model3d:76 — trimesh assembly OK: fmt=glb bytes=5024
[2026-07-16 11:08:43] INFO     v1:241 — 3D export: window=38 fmt=glb method=auto bytes=5024
[2026-07-16 11:08:44] WARNING  model3d_freecad:92 — FreeCAD stderr: Exception while processing file: E:/qs_fc_38.py [name 'true' is not defined]

[2026-07-16 11:08:44] WARNING  model3d:68 — FreeCAD build failed (FreeCAD script did not complete. stdout: ole=sash L=1496mm bar=90 depth=65)
  S1_L ok  (role=sash L=866mm bar=90 depth=65)
  S1_R ok  (role=sash L=866mm bar=90 depth=65)
FreeCAD 1.1.1, Libs: 1.1.1R20260414 (Git shallow)
(C) 2001-2026 FreeCAD contributors
FreeCAD is free and open-source software licensed under the terms of LGPL2+ license.

) — trimesh fallback
[2026-07-16 11:08:44] INFO     v1:241 — 3D export: window=38 fmt=glb method=freecad bytes=2300
[2026-07-16 11:08:50] WARNING  model3d_freecad:92 — FreeCAD stderr: Exception while processing file: E:/qs_fc_38.py [name 'true' is not defined]

[2026-07-16 11:08:50] WARNING  model3d:68 — FreeCAD build failed (FreeCAD script did not complete. stdout: ole=sash L=1496mm bar=90 depth=65)
  S1_L ok  (role=sash L=866mm bar=90 depth=65)
  S1_R ok  (role=sash L=866mm bar=90 depth=65)
FreeCAD 1.1.1, Libs: 1.1.1R20260414 (Git shallow)
(C) 2001-2026 FreeCAD contributors
FreeCAD is free and open-source software licensed under the terms of LGPL2+ license.

) — trimesh fallback
[2026-07-16 11:08:50] INFO     model3d:76 — trimesh assembly OK: fmt=glb bytes=5024
[2026-07-16 11:08:50] INFO     v1:241 — 3D export: window=38 fmt=glb method=assembly bytes=5024
[2026-07-16 11:09:02] WARNING  model3d_freecad:92 — FreeCAD stderr: Exception while processing file: E:/qs_fc_38.py [name 'true' is not defined]

[2026-07-16 11:09:02] WARNING  model3d:68 — FreeCAD build failed (FreeCAD script did not complete. stdout: ole=sash L=1496mm bar=90 depth=65)
  S1_L ok  (role=sash L=866mm bar=90 depth=65)
  S1_R ok  (role=sash L=866mm bar=90 depth=65)
FreeCAD 1.1.1, Libs: 1.1.1R20260414 (Git shallow)
(C) 2001-2026 FreeCAD contributors
FreeCAD is free and open-source software licensed under the terms of LGPL2+ license.

) — trimesh fallback
[2026-07-16 11:09:02] INFO     model3d:76 — trimesh assembly OK: fmt=step bytes=184835
[2026-07-16 11:09:02] INFO     v1:241 — 3D export: window=38 fmt=step method=assembly bytes=184835
[2026-07-16 11:15:57] INFO     v1:298 — Design saved: window=38 panes=2
[2026-07-16 11:15:57] WARNING  model3d_freecad:92 — FreeCAD stderr: Exception while processing file: E:/qs_fc_38.py [name 'true' is not defined]

[2026-07-16 11:15:57] WARNING  model3d:68 — FreeCAD build failed (FreeCAD script did not complete. stdout: ole=sash L=1496mm bar=90 depth=65)
  S1_L ok  (role=sash L=866mm bar=90 depth=65)
  S1_R ok  (role=sash L=866mm bar=90 depth=65)
FreeCAD 1.1.1, Libs: 1.1.1R20260414 (Git shallow)
(C) 2001-2026 FreeCAD contributors
FreeCAD is free and open-source software licensed under the terms of LGPL2+ license.

) — trimesh fallback
[2026-07-16 11:15:57] INFO     model3d:76 — trimesh assembly OK: fmt=glb bytes=5024
[2026-07-16 11:15:57] INFO     v1:241 — 3D export: window=38 fmt=glb method=auto bytes=5024
[2026-07-16 11:16:26] INFO     v1:298 — Design saved: window=38 panes=2
[2026-07-16 11:18:15] INFO     v1:298 — Design saved: window=38 panes=2
[2026-07-16 11:18:16] INFO     v1:298 — Design saved: window=38 panes=2
[2026-07-16 11:28:22] INFO     logging_config:160 — Quoting Studio — logging initialised (debug=True)
[2026-07-16 11:28:27] INFO     logging_config:160 — Quoting Studio — logging initialised (debug=True)
[2026-07-16 11:28:48] WARNING  model3d_freecad:92 — FreeCAD stderr: Exception while processing file: E:/qs_fc_38.py [name 'true' is not defined]

[2026-07-16 11:28:48] WARNING  model3d:68 — FreeCAD build failed (FreeCAD script did not complete. stdout: ole=sash L=1496mm bar=90 depth=65)
  S1_L ok  (role=sash L=866mm bar=90 depth=65)
  S1_R ok  (role=sash L=866mm bar=90 depth=65)
FreeCAD 1.1.1, Libs: 1.1.1R20260414 (Git shallow)
(C) 2001-2026 FreeCAD contributors
FreeCAD is free and open-source software licensed under the terms of LGPL2+ license.

) — trimesh fallback
[2026-07-16 11:28:50] INFO     model3d:76 — trimesh assembly OK: fmt=glb bytes=5024
[2026-07-16 11:28:50] INFO     v1:241 — 3D export: window=38 fmt=glb method=auto bytes=5024
[2026-07-16 11:30:06] INFO     v1:298 — Design saved: window=38 panes=2
[2026-07-16 11:30:06] INFO     v1:375 — save_render: window=38 saved 77723 bytes -> E:\quoting_studio\06-07-2026\quoting_studio\uploads\renders\window-38.png
[2026-07-16 11:30:13] WARNING  model3d_freecad:92 — FreeCAD stderr: Exception while processing file: E:/qs_fc_38.py [name 'true' is not defined]

[2026-07-16 11:30:13] WARNING  model3d:68 — FreeCAD build failed (FreeCAD script did not complete. stdout: ole=sash L=1496mm bar=90 depth=65)
  S1_L ok  (role=sash L=866mm bar=90 depth=65)
  S1_R ok  (role=sash L=866mm bar=90 depth=65)
FreeCAD 1.1.1, Libs: 1.1.1R20260414 (Git shallow)
(C) 2001-2026 FreeCAD contributors
FreeCAD is free and open-source software licensed under the terms of LGPL2+ license.

) — trimesh fallback
[2026-07-16 11:30:13] INFO     model3d:76 — trimesh assembly OK: fmt=glb bytes=5024
[2026-07-16 11:30:13] INFO     v1:241 — 3D export: window=38 fmt=glb method=auto bytes=5024
[2026-07-16 11:30:16] WARNING  model3d_freecad:92 — FreeCAD stderr: Exception while processing file: E:/qs_fc_38.py [name 'true' is not defined]

[2026-07-16 11:30:16] WARNING  model3d:68 — FreeCAD build failed (FreeCAD script did not complete. stdout: ole=sash L=1496mm bar=90 depth=65)
  S1_L ok  (role=sash L=866mm bar=90 depth=65)
  S1_R ok  (role=sash L=866mm bar=90 depth=65)
FreeCAD 1.1.1, Libs: 1.1.1R20260414 (Git shallow)
(C) 2001-2026 FreeCAD contributors
FreeCAD is free and open-source software licensed under the terms of LGPL2+ license.

) — trimesh fallback
[2026-07-16 11:30:19] INFO     model3d:76 — trimesh assembly OK: fmt=step bytes=184835
[2026-07-16 11:30:19] INFO     v1:241 — 3D export: window=38 fmt=step method=auto bytes=184835
[2026-07-16 11:34:18] INFO     v1:208 — Engineering DXF: window=38 bytes=61691
[2026-07-16 11:34:20] INFO     v1:208 — Engineering DXF: window=38 bytes=61691
[2026-07-16 11:42:22] INFO     logging_config:160 — Quoting Studio — logging initialised (debug=True)
[2026-07-16 11:43:08] INFO     logging_config:160 — Quoting Studio — logging initialised (debug=True)
[2026-07-16 11:43:13] INFO     logging_config:160 — Quoting Studio — logging initialised (debug=True)
[2026-07-16 11:44:47] INFO     v1:298 — Design saved: window=25 panes=3
[2026-07-16 11:44:56] INFO     v1:298 — Design saved: window=25 panes=3
[2026-07-16 11:44:59] INFO     v1:298 — Design saved: window=25 panes=3
[2026-07-16 11:45:01] INFO     v1:298 — Design saved: window=25 panes=3
[2026-07-16 11:45:04] INFO     v1:298 — Design saved: window=25 panes=3
[2026-07-16 11:45:05] WARNING  model3d_freecad:92 — FreeCAD stderr: Exception while processing file: E:/qs_fc_25.py [name 'true' is not defined]

[2026-07-16 11:45:05] WARNING  model3d:68 — FreeCAD build failed (FreeCAD script did not complete. stdout: 45mm bar=90 depth=65)
  M_mull1 ok  (role=mullion L=575mm bar=58 depth=65)
  T_tran1 ok  (role=transom L=1020mm bar=85 depth=65)
FreeCAD 1.1.1, Libs: 1.1.1R20260414 (Git shallow)
(C) 2001-2026 FreeCAD contributors
FreeCAD is free and open-source software licensed under the terms of LGPL2+ license.

) — trimesh fallback
[2026-07-16 11:45:07] INFO     model3d:76 — trimesh assembly OK: fmt=glb bytes=4492
[2026-07-16 11:45:07] INFO     v1:241 — 3D export: window=25 fmt=glb method=auto bytes=4492
[2026-07-16 11:45:29] INFO     v1:208 — Engineering DXF: window=25 bytes=66702
[2026-07-16 11:45:31] WARNING  model3d_freecad:92 — FreeCAD stderr: Exception while processing file: E:/qs_fc_25.py [name 'true' is not defined]

[2026-07-16 11:45:31] WARNING  model3d:68 — FreeCAD build failed (FreeCAD script did not complete. stdout: 45mm bar=90 depth=65)
  M_mull1 ok  (role=mullion L=575mm bar=58 depth=65)
  T_tran1 ok  (role=transom L=1020mm bar=85 depth=65)
FreeCAD 1.1.1, Libs: 1.1.1R20260414 (Git shallow)
(C) 2001-2026 FreeCAD contributors
FreeCAD is free and open-source software licensed under the terms of LGPL2+ license.

) — trimesh fallback
[2026-07-16 11:45:34] INFO     model3d:76 — trimesh assembly OK: fmt=step bytes=151436
[2026-07-16 11:45:34] INFO     v1:241 — 3D export: window=25 fmt=step method=auto bytes=151436
[2026-07-16 11:46:26] INFO     v1:298 — Design saved: window=25 panes=3
[2026-07-16 11:48:17] INFO     v1:298 — Design saved: window=25 panes=3
[2026-07-16 11:48:17] INFO     v1:298 — Design saved: window=25 panes=3
[2026-07-16 11:49:56] WARNING  model3d_freecad:92 — FreeCAD stderr: Exception while processing file: E:/qs_fc_25.py [name 'true' is not defined]

[2026-07-16 11:49:56] WARNING  model3d:68 — FreeCAD build failed (FreeCAD script did not complete. stdout: 45mm bar=90 depth=65)
  M_mull1 ok  (role=mullion L=575mm bar=58 depth=65)
  T_tran1 ok  (role=transom L=1020mm bar=85 depth=65)
FreeCAD 1.1.1, Libs: 1.1.1R20260414 (Git shallow)
(C) 2001-2026 FreeCAD contributors
FreeCAD is free and open-source software licensed under the terms of LGPL2+ license.

) — trimesh fallback
[2026-07-16 11:49:56] INFO     model3d:76 — trimesh assembly OK: fmt=glb bytes=4492
[2026-07-16 11:49:56] INFO     v1:241 — 3D export: window=25 fmt=glb method=auto bytes=4492
[2026-07-16 11:50:05] INFO     projects:380 — Unit added: id=39 project=13 type=window tpl=double
[2026-07-16 11:50:24] INFO     v1:298 — Design saved: window=39 panes=2
[2026-07-16 11:50:26] INFO     v1:298 — Design saved: window=39 panes=2
[2026-07-16 11:50:34] INFO     v1:298 — Design saved: window=39 panes=2
[2026-07-16 11:50:38] INFO     v1:298 — Design saved: window=39 panes=2
[2026-07-16 11:50:40] INFO     v1:298 — Design saved: window=39 panes=2
[2026-07-16 11:50:42] INFO     v1:298 — Design saved: window=39 panes=2
[2026-07-16 11:50:44] INFO     v1:298 — Design saved: window=39 panes=2
[2026-07-16 11:50:46] INFO     v1:298 — Design saved: window=39 panes=2
[2026-07-16 11:50:55] INFO     v1:298 — Design saved: window=39 panes=2
[2026-07-16 11:50:55] INFO     v1:375 — save_render: window=39 saved 794914 bytes -> E:\quoting_studio\06-07-2026\quoting_studio\uploads\renders\window-39.png
[2026-07-16 11:50:55] INFO     v1:298 — Design saved: window=39 panes=2
[2026-07-16 11:50:55] INFO     v1:298 — Design saved: window=39 panes=2
[2026-07-16 11:51:01] WARNING  model3d_freecad:92 — FreeCAD stderr: Exception while processing file: E:/qs_fc_39.py [name 'true' is not defined]

[2026-07-16 11:51:01] WARNING  model3d:68 — FreeCAD build failed (FreeCAD script did not complete. stdout: 1145mm bar=90 depth=65)
  F_jambR ok  (role=jamb L=1145mm bar=90 depth=65)
  M_mull1 ok  (role=mullion L=1145mm bar=58 depth=65)
FreeCAD 1.1.1, Libs: 1.1.1R20260414 (Git shallow)
(C) 2001-2026 FreeCAD contributors
FreeCAD is free and open-source software licensed under the terms of LGPL2+ license.

) — trimesh fallback
[2026-07-16 11:51:01] INFO     model3d:76 — trimesh assembly OK: fmt=glb bytes=3684
[2026-07-16 11:51:01] INFO     v1:241 — 3D export: window=39 fmt=glb method=auto bytes=3684
[2026-07-16 11:51:07] WARNING  model3d_freecad:92 — FreeCAD stderr: Exception while processing file: E:/qs_fc_39.py [name 'true' is not defined]

[2026-07-16 11:51:07] WARNING  model3d:68 — FreeCAD build failed (FreeCAD script did not complete. stdout: 1145mm bar=90 depth=65)
  F_jambR ok  (role=jamb L=1145mm bar=90 depth=65)
  M_mull1 ok  (role=mullion L=1145mm bar=58 depth=65)
FreeCAD 1.1.1, Libs: 1.1.1R20260414 (Git shallow)
(C) 2001-2026 FreeCAD contributors
FreeCAD is free and open-source software licensed under the terms of LGPL2+ license.

) — trimesh fallback
[2026-07-16 11:51:07] INFO     model3d:76 — trimesh assembly OK: fmt=step bytes=117462
[2026-07-16 11:51:07] INFO     v1:241 — 3D export: window=39 fmt=step method=auto bytes=117462
[2026-07-16 11:52:12] INFO     logging_config:160 — Quoting Studio — logging initialised (debug=True)
[2026-07-16 11:52:30] INFO     logging_config:160 — Quoting Studio — logging initialised (debug=True)
[2026-07-16 11:52:34] INFO     logging_config:160 — Quoting Studio — logging initialised (debug=True)
[2026-07-16 11:53:53] WARNING  model3d_freecad:92 — FreeCAD stderr: Exception while processing file: E:/qs_fc_25.py [name 'true' is not defined]

[2026-07-16 11:53:53] WARNING  model3d:68 — FreeCAD build failed (FreeCAD script did not complete. stdout: 45mm bar=67 depth=90)
  M_mull1 ok  (role=mullion L=575mm bar=58 depth=65)
  T_tran1 ok  (role=transom L=1066mm bar=85 depth=65)
FreeCAD 1.1.1, Libs: 1.1.1R20260414 (Git shallow)
(C) 2001-2026 FreeCAD contributors
FreeCAD is free and open-source software licensed under the terms of LGPL2+ license.

) — trimesh fallback
[2026-07-16 11:53:55] INFO     model3d:76 — trimesh assembly OK: fmt=glb bytes=4492
[2026-07-16 11:53:55] INFO     v1:241 — 3D export: window=25 fmt=glb method=auto bytes=4492
[2026-07-16 11:54:01] WARNING  model3d_freecad:92 — FreeCAD stderr: Exception while processing file: E:/qs_fc_25.py [name 'true' is not defined]

[2026-07-16 11:54:01] WARNING  model3d:68 — FreeCAD build failed (FreeCAD script did not complete. stdout: 45mm bar=67 depth=90)
  M_mull1 ok  (role=mullion L=575mm bar=58 depth=65)
  T_tran1 ok  (role=transom L=1066mm bar=85 depth=65)
FreeCAD 1.1.1, Libs: 1.1.1R20260414 (Git shallow)
(C) 2001-2026 FreeCAD contributors
FreeCAD is free and open-source software licensed under the terms of LGPL2+ license.

) — trimesh fallback
[2026-07-16 11:54:04] INFO     model3d:76 — trimesh assembly OK: fmt=step bytes=151496
[2026-07-16 11:54:04] INFO     v1:241 — 3D export: window=25 fmt=step method=auto bytes=151496
[2026-07-16 11:55:05] WARNING  model3d_freecad:92 — FreeCAD stderr: Exception while processing file: E:/qs_fc_25.py [name 'false' is not defined]

[2026-07-16 11:55:05] WARNING  model3d:68 — FreeCAD build failed (FreeCAD script did not complete. stdout: 45mm bar=67 depth=90)
  M_mull1 ok  (role=mullion L=575mm bar=58 depth=65)
  T_tran1 ok  (role=transom L=1066mm bar=85 depth=65)
FreeCAD 1.1.1, Libs: 1.1.1R20260414 (Git shallow)
(C) 2001-2026 FreeCAD contributors
FreeCAD is free and open-source software licensed under the terms of LGPL2+ license.

) — trimesh fallback
[2026-07-16 11:55:05] INFO     model3d:76 — trimesh assembly OK: fmt=stl bytes=5484
[2026-07-16 11:55:05] INFO     v1:241 — 3D export: window=25 fmt=stl method=auto bytes=5484
[2026-07-16 12:04:05] INFO     logging_config:160 — Quoting Studio — logging initialised (debug=True)
[2026-07-16 12:05:36] INFO     logging_config:160 — Quoting Studio — logging initialised (debug=True)
[2026-07-16 12:05:39] INFO     logging_config:160 — Quoting Studio — logging initialised (debug=True)
[2026-07-16 12:05:51] WARNING  model3d_freecad:92 — FreeCAD stderr: Exception while processing file: E:/qs_fc_25.py [name 'true' is not defined]

[2026-07-16 12:05:51] WARNING  model3d:68 — FreeCAD build failed (FreeCAD script did not complete. stdout: 45mm bar=67 depth=90)
  M_mull1 ok  (role=mullion L=575mm bar=58 depth=65)
  T_tran1 ok  (role=transom L=1066mm bar=85 depth=65)
FreeCAD 1.1.1, Libs: 1.1.1R20260414 (Git shallow)
(C) 2001-2026 FreeCAD contributors
FreeCAD is free and open-source software licensed under the terms of LGPL2+ license.

) — trimesh fallback
[2026-07-16 12:05:53] INFO     model3d:76 — trimesh assembly OK: fmt=glb bytes=4492
[2026-07-16 12:05:53] INFO     v1:241 — 3D export: window=25 fmt=glb method=auto bytes=4492
[2026-07-16 12:06:47] INFO     v1:302 — Design saved: window=25 panes=3
[2026-07-16 12:06:54] INFO     v1:302 — Design saved: window=25 panes=3
[2026-07-16 12:06:54] INFO     v1:302 — Design saved: window=25 panes=3
[2026-07-16 12:06:54] INFO     v1:302 — Design saved: window=25 panes=3
[2026-07-16 12:06:56] INFO     v1:302 — Design saved: window=37 panes=2
[2026-07-16 12:06:57] INFO     v1:302 — Design saved: window=34 panes=7
[2026-07-16 12:06:57] INFO     v1:302 — Design saved: window=38 panes=2
[2026-07-16 12:07:08] INFO     v1:302 — Design saved: window=39 panes=2
[2026-07-16 12:07:09] INFO     v1:302 — Design saved: window=39 panes=2
[2026-07-16 12:07:11] INFO     v1:302 — Design saved: window=39 panes=2
[2026-07-16 12:07:11] WARNING  model3d_freecad:92 — FreeCAD stderr: Exception while processing file: E:/qs_fc_39.py [name 'true' is not defined]

[2026-07-16 12:07:11] WARNING  model3d:68 — FreeCAD build failed (FreeCAD script did not complete. stdout: 1145mm bar=67 depth=90)
  F_jambR ok  (role=jamb L=1145mm bar=67 depth=90)
  M_mull1 ok  (role=mullion L=1145mm bar=58 depth=65)
FreeCAD 1.1.1, Libs: 1.1.1R20260414 (Git shallow)
(C) 2001-2026 FreeCAD contributors
FreeCAD is free and open-source software licensed under the terms of LGPL2+ license.

) — trimesh fallback
[2026-07-16 12:07:11] INFO     model3d:76 — trimesh assembly OK: fmt=glb bytes=3684
[2026-07-16 12:07:11] INFO     v1:241 — 3D export: window=39 fmt=glb method=auto bytes=3684
[2026-07-16 12:07:35] INFO     v1:302 — Design saved: window=25 panes=3
[2026-07-16 12:07:39] INFO     v1:302 — Design saved: window=25 panes=3
[2026-07-16 12:07:40] INFO     v1:302 — Design saved: window=25 panes=3
[2026-07-16 12:07:40] INFO     v1:302 — Design saved: window=25 panes=3
[2026-07-16 12:07:40] INFO     v1:302 — Design saved: window=25 panes=3
[2026-07-16 12:07:47] INFO     v1:302 — Design saved: window=37 panes=2
[2026-07-16 12:07:48] INFO     v1:302 — Design saved: window=37 panes=2
[2026-07-16 12:07:48] INFO     v1:302 — Design saved: window=37 panes=2
[2026-07-16 12:07:48] INFO     v1:302 — Design saved: window=37 panes=2
[2026-07-16 12:07:53] INFO     v1:302 — Design saved: window=34 panes=7
[2026-07-16 12:07:53] INFO     v1:302 — Design saved: window=34 panes=7
[2026-07-16 12:07:53] INFO     v1:302 — Design saved: window=34 panes=7
[2026-07-16 12:07:59] INFO     v1:302 — Design saved: window=38 panes=2
[2026-07-16 12:07:59] INFO     v1:302 — Design saved: window=38 panes=2
[2026-07-16 12:07:59] INFO     v1:302 — Design saved: window=38 panes=2
[2026-07-16 12:07:59] INFO     v1:302 — Design saved: window=38 panes=2
[2026-07-16 12:08:09] WARNING  model3d_freecad:92 — FreeCAD stderr: Exception while processing file: E:/qs_fc_39.py [name 'true' is not defined]

[2026-07-16 12:08:09] WARNING  model3d:68 — FreeCAD build failed (FreeCAD script did not complete. stdout: 1145mm bar=67 depth=90)
  F_jambR ok  (role=jamb L=1145mm bar=67 depth=90)
  M_mull1 ok  (role=mullion L=1145mm bar=58 depth=65)
FreeCAD 1.1.1, Libs: 1.1.1R20260414 (Git shallow)
(C) 2001-2026 FreeCAD contributors
FreeCAD is free and open-source software licensed under the terms of LGPL2+ license.

) — trimesh fallback
[2026-07-16 12:08:09] INFO     model3d:76 — trimesh assembly OK: fmt=glb bytes=3684
[2026-07-16 12:08:09] INFO     v1:241 — 3D export: window=39 fmt=glb method=auto bytes=3684
[2026-07-16 12:08:18] WARNING  model3d_freecad:92 — FreeCAD stderr: Exception while processing file: E:/qs_fc_39.py [name 'true' is not defined]

[2026-07-16 12:08:18] WARNING  model3d:68 — FreeCAD build failed (FreeCAD script did not complete. stdout: 1145mm bar=67 depth=90)
  F_jambR ok  (role=jamb L=1145mm bar=67 depth=90)
  M_mull1 ok  (role=mullion L=1145mm bar=58 depth=65)
FreeCAD 1.1.1, Libs: 1.1.1R20260414 (Git shallow)
(C) 2001-2026 FreeCAD contributors
FreeCAD is free and open-source software licensed under the terms of LGPL2+ license.

) — trimesh fallback
[2026-07-16 12:08:20] INFO     model3d:76 — trimesh assembly OK: fmt=step bytes=117510
[2026-07-16 12:08:20] INFO     v1:241 — 3D export: window=39 fmt=step method=auto bytes=117510
[2026-07-16 12:10:44] INFO     v1:302 — Design saved: window=39 panes=2
[2026-07-16 12:10:48] INFO     v1:302 — Design saved: window=39 panes=2
[2026-07-16 12:10:48] INFO     v1:302 — Design saved: window=39 panes=2
[2026-07-16 12:21:44] INFO     logging_config:160 — Quoting Studio — logging initialised (debug=True)
[2026-07-16 12:22:08] INFO     logging_config:160 — Quoting Studio — logging initialised (debug=True)
[2026-07-16 12:22:17] WARNING  model3d_freecad:92 — FreeCAD stderr: Exception while processing file: E:/qs_fc_25.py [name 'true' is not defined]

[2026-07-16 12:22:17] WARNING  model3d:68 — FreeCAD build failed (FreeCAD script did not complete. stdout: 45mm bar=67 depth=90)
  M_mull1 ok  (role=mullion L=575mm bar=58 depth=65)
  T_tran1 ok  (role=transom L=1066mm bar=85 depth=65)
FreeCAD 1.1.1, Libs: 1.1.1R20260414 (Git shallow)
(C) 2001-2026 FreeCAD contributors
FreeCAD is free and open-source software licensed under the terms of LGPL2+ license.

) — trimesh fallback
[2026-07-16 12:22:17] INFO     model3d_assembly:67 — 3D assembly [win=25 sys=1]: head=HD-90(DXF) cill=SF-165(DXF) jamb=HNG-184(DXF) mullion=GB-58(DXF) transom=SUP-100(DXF) sash=MS-83(DXF)
[2026-07-16 12:22:17] INFO     model3d_assembly:92 — 3D assembly: 6/6 members have real DXF loops
[2026-07-16 12:22:19] INFO     model3d:76 — trimesh assembly OK: fmt=glb bytes=4492
[2026-07-16 12:22:19] INFO     v1:241 — 3D export: window=25 fmt=glb method=auto bytes=4492
[2026-07-16 12:22:27] INFO     __init__:96 — 404 Not Found — GET /.well-known/appspecific/com.chrome.devtools.json
[2026-07-16 12:32:51] INFO     logging_config:160 — Quoting Studio — logging initialised (debug=True)
[2026-07-16 12:33:13] INFO     model3d:63 — FreeCAD 3D OK: fmt=glb bytes=125372
[2026-07-16 12:33:13] INFO     v1:241 — 3D export: window=25 fmt=glb method=auto bytes=125372
[2026-07-16 12:33:22] INFO     model3d:63 — FreeCAD 3D OK: fmt=step bytes=1640
[2026-07-16 12:33:22] INFO     v1:241 — 3D export: window=25 fmt=step method=auto bytes=1640
[2026-07-16 12:33:41] INFO     model3d:63 — FreeCAD 3D OK: fmt=stl bytes=310084
[2026-07-16 12:33:41] INFO     v1:241 — 3D export: window=25 fmt=stl method=auto bytes=310084
[2026-07-16 12:34:29] INFO     model3d:63 — FreeCAD 3D OK: fmt=glb bytes=125372
[2026-07-16 12:34:29] INFO     v1:241 — 3D export: window=25 fmt=glb method=auto bytes=125372
[2026-07-16 12:37:01] INFO     model3d:63 — FreeCAD 3D OK: fmt=step bytes=1640
[2026-07-16 12:37:01] INFO     v1:241 — 3D export: window=39 fmt=step method=auto bytes=1640
[2026-07-16 12:40:24] INFO     logging_config:160 — Quoting Studio — logging initialised (debug=True)
[2026-07-16 12:40:32] INFO     model3d:63 — FreeCAD 3D OK: fmt=glb bytes=125372
[2026-07-16 12:40:32] INFO     v1:241 — 3D export: window=25 fmt=glb method=auto bytes=125372
[2026-07-16 12:40:40] INFO     model3d:63 — FreeCAD 3D OK: fmt=step bytes=1640
[2026-07-16 12:40:40] INFO     v1:241 — 3D export: window=25 fmt=step method=auto bytes=1640
[2026-07-16 12:44:02] INFO     model3d:63 — FreeCAD 3D OK: fmt=glb bytes=397968
[2026-07-16 12:44:02] INFO     v1:241 — 3D export: window=37 fmt=glb method=auto bytes=397968
[2026-07-16 12:44:25] INFO     model3d:63 — FreeCAD 3D OK: fmt=step bytes=1640
[2026-07-16 12:44:25] INFO     v1:241 — 3D export: window=37 fmt=step method=auto bytes=1640
[2026-07-16 12:44:41] INFO     model3d:63 — FreeCAD 3D OK: fmt=stl bytes=991084
[2026-07-16 12:44:41] INFO     v1:241 — 3D export: window=37 fmt=stl method=auto bytes=991084
[2026-07-16 12:45:00] INFO     model3d:63 — FreeCAD 3D OK: fmt=glb bytes=397968
[2026-07-16 12:45:00] INFO     v1:241 — 3D export: window=37 fmt=glb method=auto bytes=397968
[2026-07-16 12:55:48] INFO     model3d:63 — FreeCAD 3D OK: fmt=glb bytes=397968
[2026-07-16 12:55:48] INFO     v1:241 — 3D export: window=37 fmt=glb method=auto bytes=397968
[2026-07-16 12:55:50] INFO     v1:208 — Engineering DXF: window=37 bytes=62093
[2026-07-16 13:00:38] INFO     model3d:63 — FreeCAD 3D OK: fmt=glb bytes=397968
[2026-07-16 13:00:38] INFO     v1:241 — 3D export: window=37 fmt=glb method=auto bytes=397968
[2026-07-16 13:01:16] INFO     __init__:96 — 404 Not Found — GET /.well-known/appspecific/com.chrome.devtools.json
[2026-07-16 13:01:37] INFO     v1:302 — Design saved: window=37 panes=2
[2026-07-16 13:01:37] INFO     v1:379 — save_render: window=37 saved 50988 bytes -> E:\quoting_studio\06-07-2026\quoting_studio\uploads\renders\window-37.png
[2026-07-16 13:04:57] INFO     v1:302 — Design saved: window=37 panes=2
[2026-07-16 13:05:00] INFO     v1:302 — Design saved: window=37 panes=2
[2026-07-16 13:05:00] INFO     v1:302 — Design saved: window=37 panes=2
[2026-07-16 13:05:00] INFO     v1:302 — Design saved: window=37 panes=2
[2026-07-16 13:05:25] INFO     v1:302 — Design saved: window=38 panes=2
[2026-07-16 13:05:32] INFO     v1:302 — Design saved: window=38 panes=2
[2026-07-16 13:05:41] INFO     v1:302 — Design saved: window=38 panes=2
[2026-07-16 13:05:42] INFO     v1:302 — Design saved: window=38 panes=2
[2026-07-16 13:05:42] INFO     v1:302 — Design saved: window=38 panes=2
[2026-07-16 13:05:42] INFO     v1:302 — Design saved: window=38 panes=2
[2026-07-16 13:06:12] INFO     __init__:96 — 404 Not Found — GET /favicon.ico
[2026-07-16 14:09:50] INFO     logging_config:160 — Quoting Studio — logging initialised (debug=True)
[2026-07-16 14:09:55] INFO     logging_config:160 — Quoting Studio — logging initialised (debug=True)
[2026-07-16 14:38:07] INFO     projects:380 — Unit added: id=40 project=13 type=door tpl=patioSlide3
[2026-07-16 14:38:13] INFO     v1:302 — Design saved: window=40 panes=3
[2026-07-16 14:38:15] INFO     v1:302 — Design saved: window=40 panes=3
[2026-07-16 14:38:32] INFO     v1:302 — Design saved: window=40 panes=3
[2026-07-16 14:38:34] INFO     v1:302 — Design saved: window=40 panes=3
[2026-07-16 14:38:42] INFO     v1:302 — Design saved: window=40 panes=3
[2026-07-16 14:38:48] INFO     v1:302 — Design saved: window=40 panes=3
[2026-07-16 14:39:02] INFO     v1:302 — Design saved: window=40 panes=4
[2026-07-16 14:39:05] INFO     v1:302 — Design saved: window=40 panes=4
[2026-07-16 14:39:13] INFO     v1:302 — Design saved: window=40 panes=4
[2026-07-16 14:39:21] INFO     v1:302 — Design saved: window=40 panes=4
[2026-07-16 14:39:32] INFO     v1:302 — Design saved: window=40 panes=4
[2026-07-16 14:39:56] INFO     v1:302 — Design saved: window=40 panes=4
[2026-07-16 14:40:06] INFO     v1:302 — Design saved: window=40 panes=4
[2026-07-16 14:40:09] INFO     v1:302 — Design saved: window=40 panes=4
[2026-07-16 14:40:13] INFO     v1:302 — Design saved: window=40 panes=4
[2026-07-16 14:40:18] INFO     v1:302 — Design saved: window=40 panes=4
[2026-07-16 14:40:22] INFO     v1:302 — Design saved: window=40 panes=4
[2026-07-16 14:40:26] INFO     v1:302 — Design saved: window=40 panes=4
[2026-07-16 14:40:30] INFO     v1:302 — Design saved: window=40 panes=4
[2026-07-16 14:40:34] INFO     v1:302 — Design saved: window=40 panes=4
[2026-07-16 14:40:42] INFO     v1:302 — Design saved: window=40 panes=4
[2026-07-16 14:40:56] INFO     v1:302 — Design saved: window=40 panes=4
[2026-07-16 14:41:08] INFO     v1:302 — Design saved: window=40 panes=4
[2026-07-16 14:41:12] INFO     v1:302 — Design saved: window=40 panes=4
[2026-07-16 14:41:22] INFO     v1:302 — Design saved: window=40 panes=4
[2026-07-16 14:42:12] INFO     v1:302 — Design saved: window=40 panes=4
[2026-07-16 14:42:21] INFO     v1:302 — Design saved: window=40 panes=4
[2026-07-16 14:42:57] INFO     v1:302 — Design saved: window=40 panes=4
[2026-07-16 14:43:05] INFO     v1:302 — Design saved: window=40 panes=4
[2026-07-16 14:43:10] INFO     v1:302 — Design saved: window=40 panes=4
[2026-07-16 14:43:20] INFO     v1:302 — Design saved: window=40 panes=4
[2026-07-16 14:43:25] INFO     v1:302 — Design saved: window=40 panes=4
[2026-07-16 14:43:35] INFO     v1:302 — Design saved: window=40 panes=4
[2026-07-16 14:43:37] INFO     v1:302 — Design saved: window=40 panes=4
[2026-07-16 14:43:48] INFO     v1:302 — Design saved: window=40 panes=4
[2026-07-16 14:44:01] INFO     v1:302 — Design saved: window=40 panes=4
[2026-07-16 14:44:06] INFO     v1:302 — Design saved: window=40 panes=4
[2026-07-16 14:44:09] INFO     v1:302 — Design saved: window=40 panes=4
[2026-07-16 14:44:11] INFO     v1:302 — Design saved: window=40 panes=4
[2026-07-16 14:44:16] INFO     v1:302 — Design saved: window=40 panes=4
[2026-07-16 14:44:17] INFO     v1:302 — Design saved: window=40 panes=4
[2026-07-16 14:44:20] INFO     v1:302 — Design saved: window=40 panes=4
[2026-07-16 14:44:22] INFO     v1:302 — Design saved: window=40 panes=4
[2026-07-16 14:44:23] INFO     v1:302 — Design saved: window=40 panes=4
[2026-07-16 14:44:26] INFO     v1:302 — Design saved: window=40 panes=4
[2026-07-16 14:44:28] INFO     v1:302 — Design saved: window=40 panes=4
[2026-07-16 14:44:29] INFO     v1:302 — Design saved: window=40 panes=4
[2026-07-16 14:44:29] INFO     v1:379 — save_render: window=40 saved 273085 bytes -> E:\quoting_studio\06-07-2026\quoting_studio\uploads\renders\window-40.png
[2026-07-16 14:44:29] INFO     v1:302 — Design saved: window=40 panes=4
[2026-07-16 14:44:29] INFO     v1:302 — Design saved: window=40 panes=4
[2026-07-16 14:44:54] INFO     v1:302 — Design saved: window=40 panes=7
[2026-07-16 14:44:58] INFO     v1:302 — Design saved: window=40 panes=10
[2026-07-16 14:45:03] INFO     v1:302 — Design saved: window=40 panes=10
[2026-07-16 14:45:06] INFO     v1:302 — Design saved: window=40 panes=10
[2026-07-16 14:45:13] INFO     v1:302 — Design saved: window=40 panes=10
[2026-07-16 14:45:15] INFO     v1:302 — Design saved: window=40 panes=10
[2026-07-16 14:45:15] INFO     v1:379 — save_render: window=40 saved 198566 bytes -> E:\quoting_studio\06-07-2026\quoting_studio\uploads\renders\window-40.png
[2026-07-16 14:45:15] INFO     v1:302 — Design saved: window=40 panes=10
[2026-07-16 14:45:15] INFO     v1:302 — Design saved: window=40 panes=10
[2026-07-16 14:58:26] INFO     logging_config:160 — Quoting Studio — logging initialised (debug=True)
[2026-07-16 14:58:54] WARNING  model3d:68 — FreeCAD build failed (FreeCAD produced a STEP with no solid geometry (1640 bytes). Check member build logs above.) — trimesh fallback
[2026-07-16 14:58:54] INFO     model3d_assembly:67 — 3D assembly [win=25 sys=1]: head=HD-90(DXF) cill=SF-165(DXF) jamb=HNG-184(DXF) mullion=GB-58(DXF) transom=SUP-100(DXF) sash=MS-83(DXF)
[2026-07-16 14:58:54] INFO     model3d_assembly:92 — 3D assembly: 6/6 members have real DXF loops
[2026-07-16 14:59:02] INFO     model3d:63 — FreeCAD 3D OK: fmt=glb bytes=125372
[2026-07-16 14:59:02] INFO     v1:241 — 3D export: window=25 fmt=glb method=auto bytes=125372
[2026-07-16 14:59:16] WARNING  model3d:79 — trimesh assembly failed (BRep_API: command not done) — legacy fallback
[2026-07-16 14:59:16] WARNING  model3d:81 — assembly traceback:
Traceback (most recent call last):
  File "E:\quoting_studio\06-07-2026\quoting_studio\app\services\model3d.py", line 74, in generate_3d
    data = generate_3d_assembly(window, panes, tenant_id=tenant_id, fmt=fmt)
  File "E:\quoting_studio\06-07-2026\quoting_studio\app\services\model3d_assembly.py", line 96, in generate_3d_assembly
    return _build_step(window, asm)
  File "E:\quoting_studio\06-07-2026\quoting_studio\app\services\model3d_assembly.py", line 375, in _build_step
    s = _member_solid_cq(cq, m, rings, sec_bar, sec_dep, cx, cy)
  File "E:\quoting_studio\06-07-2026\quoting_studio\app\services\model3d_assembly.py", line 424, in _member_solid_cq
    wp = wp.polyline([(yC - sec_bar/2.0 + u, v) for u, v in outer])\
         ~~~~~~~~~~~^^^^^^^^^^^^^^^^^^^^^^^^^^^^^^^^^^^^^^^^^^^^^^^
  File "C:\Users\ADMIN\AppData\Local\Python\pythoncore-3.14-64\Lib\site-packages\cadquery\cq.py", line 2725, in polyline
    edges.append(Edge.makeLine(startPoint, endPoint))
                 ~~~~~~~~~~~~~^^^^^^^^^^^^^^^^^^^^^^
  File "C:\Users\ADMIN\AppData\Local\Python\pythoncore-3.14-64\Lib\site-packages\cadquery\occ_impl\shapes.py", line 2859, in makeLine
    BRepBuilderAPI_MakeEdge(Vector(v1).toPnt(), Vector(v2).toPnt()).Edge()
    ~~~~~~~~~~~~~~~~~~~~~~~~~~~~~~~~~~~~~~~~~~~~~~~~~~~~~~~~~~~~~~~~~~~~^^
OCP.OCP.StdFail.StdFail_NotDone: BRep_API: command not done

[2026-07-16 14:59:16] WARNING  model3d:340 — cadquery profile frame failed: BRep_API: command not done
[2026-07-16 14:59:17] INFO     v1:241 — 3D export: window=25 fmt=step method=auto bytes=125303
[2026-07-16 15:01:28] INFO     logging_config:160 — Quoting Studio — logging initialised (debug=True)
[2026-07-16 15:01:31] INFO     model3d:63 — FreeCAD 3D OK: fmt=stl bytes=310084
[2026-07-16 15:01:31] INFO     v1:241 — 3D export: window=25 fmt=stl method=auto bytes=310084
[2026-07-16 15:01:46] INFO     model3d:63 — FreeCAD 3D OK: fmt=glb bytes=125372
[2026-07-16 15:01:46] INFO     v1:241 — 3D export: window=25 fmt=glb method=auto bytes=125372
[2026-07-16 15:02:08] INFO     model3d:63 — FreeCAD 3D OK: fmt=step bytes=1640
[2026-07-16 15:02:08] INFO     v1:241 — 3D export: window=25 fmt=step method=auto bytes=1640
[2026-07-16 15:41:30] INFO     logging_config:160 — Quoting Studio — logging initialised (debug=True)
[2026-07-16 15:41:53] INFO     model3d:63 — FreeCAD 3D OK: fmt=glb bytes=125372
[2026-07-16 15:41:53] INFO     v1:241 — 3D export: window=25 fmt=glb method=auto bytes=125372
[2026-07-16 15:41:58] WARNING  model3d:68 — FreeCAD build failed (FreeCAD produced a STEP with no solid geometry (1640 bytes). Check member build logs above.) — trimesh fallback
[2026-07-16 15:41:58] INFO     model3d_assembly:67 — 3D assembly [win=25 sys=1]: head=HD-90(DXF) cill=SF-165(DXF) jamb=HNG-184(DXF) mullion=GB-58(DXF) transom=SUP-100(DXF) sash=MS-83(DXF)
[2026-07-16 15:41:58] INFO     model3d_assembly:92 — 3D assembly: 6/6 members have real DXF loops
[2026-07-16 15:42:01] WARNING  model3d:79 — trimesh assembly failed (BRep_API: command not done) — legacy fallback
[2026-07-16 15:42:01] WARNING  model3d:81 — assembly traceback:
Traceback (most recent call last):
  File "E:\quoting_studio\06-07-2026\quoting_studio\app\services\model3d.py", line 74, in generate_3d
    data = generate_3d_assembly(window, panes, tenant_id=tenant_id, fmt=fmt)
  File "E:\quoting_studio\06-07-2026\quoting_studio\app\services\model3d_assembly.py", line 96, in generate_3d_assembly
    return _build_step(window, asm)
  File "E:\quoting_studio\06-07-2026\quoting_studio\app\services\model3d_assembly.py", line 375, in _build_step
    s = _member_solid_cq(cq, m, rings, sec_bar, sec_dep, cx, cy)
  File "E:\quoting_studio\06-07-2026\quoting_studio\app\services\model3d_assembly.py", line 424, in _member_solid_cq
    wp = wp.polyline([(yC - sec_bar/2.0 + u, v) for u, v in outer])\
         ~~~~~~~~~~~^^^^^^^^^^^^^^^^^^^^^^^^^^^^^^^^^^^^^^^^^^^^^^^
  File "C:\Users\ADMIN\AppData\Local\Python\pythoncore-3.14-64\Lib\site-packages\cadquery\cq.py", line 2725, in polyline
    edges.append(Edge.makeLine(startPoint, endPoint))
                 ~~~~~~~~~~~~~^^^^^^^^^^^^^^^^^^^^^^
  File "C:\Users\ADMIN\AppData\Local\Python\pythoncore-3.14-64\Lib\site-packages\cadquery\occ_impl\shapes.py", line 2859, in makeLine
    BRepBuilderAPI_MakeEdge(Vector(v1).toPnt(), Vector(v2).toPnt()).Edge()
    ~~~~~~~~~~~~~~~~~~~~~~~~~~~~~~~~~~~~~~~~~~~~~~~~~~~~~~~~~~~~~~~~~~~~^^
OCP.OCP.StdFail.StdFail_NotDone: BRep_API: command not done

[2026-07-16 15:42:04] INFO     v1:241 — 3D export: window=25 fmt=step method=auto bytes=6015987
[2026-07-16 15:47:45] INFO     model3d:63 — FreeCAD 3D OK: fmt=glb bytes=125372
[2026-07-16 15:47:45] INFO     v1:241 — 3D export: window=25 fmt=glb method=auto bytes=125372
[2026-07-16 15:47:50] INFO     model3d:63 — FreeCAD 3D OK: fmt=stl bytes=310084
[2026-07-16 15:47:50] INFO     v1:241 — 3D export: window=25 fmt=stl method=auto bytes=310084
[2026-07-16 15:47:55] INFO     model3d:63 — FreeCAD 3D OK: fmt=glb bytes=125372
[2026-07-16 15:47:55] INFO     v1:241 — 3D export: window=25 fmt=glb method=auto bytes=125372
[2026-07-16 15:51:10] INFO     model3d:63 — FreeCAD 3D OK: fmt=glb bytes=125372
[2026-07-16 15:51:10] INFO     v1:241 — 3D export: window=25 fmt=glb method=auto bytes=125372
[2026-07-16 15:51:21] INFO     __init__:96 — 404 Not Found — GET /favicon.ico
[2026-07-16 15:51:28] INFO     __init__:96 — 404 Not Found — GET /.well-known/appspecific/com.chrome.devtools.json
[2026-07-16 16:08:21] INFO     model3d:63 — FreeCAD 3D OK: fmt=glb bytes=125372
[2026-07-16 16:08:21] INFO     v1:241 — 3D export: window=25 fmt=glb method=auto bytes=125372
[2026-07-16 16:26:41] INFO     logging_config:160 — Quoting Studio — logging initialised (debug=True)
[2026-07-16 16:26:46] INFO     logging_config:160 — Quoting Studio — logging initialised (debug=True)
[2026-07-16 16:27:01] INFO     model3d:63 — FreeCAD 3D OK: fmt=glb bytes=125372
[2026-07-16 16:27:01] INFO     v1:241 — 3D export: window=25 fmt=glb method=auto bytes=125372
[2026-07-16 16:27:09] INFO     model3d_assembly:67 — 3D assembly [win=25 sys=1]: head=HD-90(DXF) cill=SF-165(DXF) jamb=HNG-184(DXF) mullion=GB-58(DXF) transom=SUP-100(DXF) sash=MS-83(DXF)
[2026-07-16 16:27:09] INFO     model3d_assembly:92 — 3D assembly: 6/6 members have real DXF loops
[2026-07-16 16:27:12] INFO     model3d:76 — trimesh assembly OK: fmt=step bytes=2988880
[2026-07-16 16:27:12] INFO     v1:241 — 3D export: window=25 fmt=step method=auto bytes=2988880
[2026-07-16 16:28:19] INFO     model3d:63 — FreeCAD 3D OK: fmt=stl bytes=310084
[2026-07-16 16:28:19] INFO     v1:241 — 3D export: window=25 fmt=stl method=auto bytes=310084
[2026-07-16 16:28:59] INFO     model3d:63 — FreeCAD 3D OK: fmt=glb bytes=125372
[2026-07-16 16:28:59] INFO     v1:241 — 3D export: window=25 fmt=glb method=auto bytes=125372
[2026-07-16 16:31:45] INFO     v1:302 — Design saved: window=25 panes=3
[2026-07-16 16:31:47] INFO     v1:302 — Design saved: window=25 panes=3
[2026-07-16 16:31:49] INFO     v1:302 — Design saved: window=25 panes=3
[2026-07-16 16:31:53] INFO     v1:302 — Design saved: window=25 panes=3
[2026-07-16 16:31:56] INFO     v1:302 — Design saved: window=25 panes=3
[2026-07-16 16:32:19] INFO     v1:302 — Design saved: window=25 panes=3
[2026-07-16 16:38:25] INFO     v1:302 — Design saved: window=25 panes=3
[2026-07-16 16:41:37] INFO     logging_config:160 — Quoting Studio — logging initialised (debug=True)
[2026-07-16 16:41:40] INFO     v1:302 — Design saved: window=25 panes=3
[2026-07-16 16:41:52] INFO     v1:302 — Design saved: window=25 panes=3
[2026-07-16 16:41:57] INFO     model3d:63 — FreeCAD 3D OK: fmt=glb bytes=125372
[2026-07-16 16:41:57] INFO     v1:241 — 3D export: window=25 fmt=glb method=auto bytes=125372
[2026-07-16 16:42:05] INFO     model3d_assembly:67 — 3D assembly [win=25 sys=1]: head=HD-90(DXF) cill=SF-165(DXF) jamb=HNG-184(DXF) mullion=GB-58(DXF) transom=SUP-100(DXF) sash=MS-83(DXF)
[2026-07-16 16:42:05] INFO     model3d_assembly:92 — 3D assembly: 6/6 members have real DXF loops
[2026-07-16 16:42:09] INFO     model3d:76 — trimesh assembly OK: fmt=step bytes=1541512
[2026-07-16 16:42:09] INFO     v1:241 — 3D export: window=25 fmt=step method=auto bytes=1541512
[2026-07-16 16:50:28] INFO     v1:302 — Design saved: window=25 panes=3
[2026-07-16 17:03:36] INFO     v1:302 — Design saved: window=25 panes=3
[2026-07-16 17:14:18] INFO     logging_config:160 — Quoting Studio — logging initialised (debug=True)
[2026-07-16 17:14:19] INFO     v1:302 — Design saved: window=25 panes=3
[2026-07-16 17:14:22] INFO     v1:302 — Design saved: window=25 panes=3
[2026-07-16 17:14:22] INFO     v1:302 — Design saved: window=25 panes=3
[2026-07-16 17:14:30] INFO     model3d:63 — FreeCAD 3D OK: fmt=glb bytes=125372
[2026-07-16 17:14:30] INFO     v1:241 — 3D export: window=25 fmt=glb method=auto bytes=125372
[2026-07-16 17:14:33] INFO     model3d_assembly:67 — 3D assembly [win=25 sys=1]: head=HD-90(DXF) cill=SF-165(DXF) jamb=HNG-184(DXF) mullion=GB-58(DXF) transom=SUP-100(DXF) sash=MS-83(DXF)
[2026-07-16 17:14:33] INFO     model3d_assembly:92 — 3D assembly: 6/6 members have real DXF loops
[2026-07-16 17:14:36] INFO     model3d:76 — trimesh assembly OK: fmt=step bytes=1588018
[2026-07-16 17:14:36] INFO     v1:241 — 3D export: window=25 fmt=step method=auto bytes=1588018
[2026-07-16 17:15:42] INFO     model3d:63 — FreeCAD 3D OK: fmt=stl bytes=310084
[2026-07-16 17:15:42] INFO     v1:241 — 3D export: window=25 fmt=stl method=auto bytes=310084
[2026-07-16 17:48:40] INFO     logging_config:160 — Quoting Studio — logging initialised (debug=True)
[2026-07-16 17:48:50] INFO     model3d:63 — FreeCAD 3D OK: fmt=glb bytes=125372
[2026-07-16 17:48:50] INFO     v1:241 — 3D export: window=25 fmt=glb method=auto bytes=125372
[2026-07-16 17:49:00] INFO     model3d_assembly:67 — 3D assembly [win=25 sys=1]: head=HD-90(DXF) cill=SF-165(DXF) jamb=HNG-184(DXF) mullion=GB-58(DXF) transom=SUP-100(DXF) sash=MS-83(DXF)
[2026-07-16 17:49:00] INFO     model3d_assembly:92 — 3D assembly: 6/6 members have real DXF loops
[2026-07-16 17:49:03] INFO     model3d:76 — trimesh assembly OK: fmt=step bytes=1588018
[2026-07-16 17:49:03] INFO     v1:241 — 3D export: window=25 fmt=step method=auto bytes=1588018
[2026-07-16 17:49:10] INFO     model3d:63 — FreeCAD 3D OK: fmt=stl bytes=310084
[2026-07-16 17:49:10] INFO     v1:241 — 3D export: window=25 fmt=stl method=auto bytes=310084
[2026-07-16 17:49:14] INFO     model3d:63 — FreeCAD 3D OK: fmt=glb bytes=125372
[2026-07-16 17:49:14] INFO     v1:241 — 3D export: window=25 fmt=glb method=auto bytes=125372
[2026-07-16 17:55:43] INFO     model3d:63 — FreeCAD 3D OK: fmt=glb bytes=125372
[2026-07-16 17:55:43] INFO     v1:241 — 3D export: window=25 fmt=glb method=auto bytes=125372
[2026-07-16 17:56:02] INFO     model3d:63 — FreeCAD 3D OK: fmt=stl bytes=310084
[2026-07-16 17:56:02] INFO     v1:241 — 3D export: window=25 fmt=stl method=auto bytes=310084
[2026-07-16 17:56:03] INFO     model3d_assembly:67 — 3D assembly [win=25 sys=1]: head=HD-90(DXF) cill=SF-165(DXF) jamb=JB-67(DXF) mullion=GB-58(DXF) transom=SUP-100(DXF) sash=MS-83(DXF)
[2026-07-16 17:56:03] INFO     model3d_assembly:92 — 3D assembly: 6/6 members have real DXF loops
[2026-07-16 17:56:04] INFO     model3d:76 — trimesh assembly OK: fmt=step bytes=2581830
[2026-07-16 17:56:04] INFO     v1:241 — 3D export: window=25 fmt=step method=auto bytes=2581830
[2026-07-16 17:56:05] INFO     model3d:63 — FreeCAD 3D OK: fmt=glb bytes=125372
[2026-07-16 17:56:05] INFO     v1:241 — 3D export: window=25 fmt=glb method=auto bytes=125372
[2026-07-16 18:23:17] INFO     model3d:63 — FreeCAD 3D OK: fmt=glb bytes=1723832
[2026-07-16 18:23:17] INFO     v1:241 — 3D export: window=40 fmt=glb method=auto bytes=1723832
[2026-07-16 18:23:27] INFO     model3d_assembly:67 — 3D assembly [win=40 sys=None]: head=HD-90(DXF) cill=SL-165(DXF) jamb=JB-67(DXF) mullion=GB-61(DXF) transom=GB-61-T(DXF) sash=TRS-108(DXF)
[2026-07-16 18:23:27] INFO     model3d_assembly:92 — 3D assembly: 53/53 members have real DXF loops
[2026-07-16 18:23:38] INFO     model3d:76 — trimesh assembly OK: fmt=step bytes=35386433
[2026-07-16 18:23:38] INFO     v1:241 — 3D export: window=40 fmt=step method=auto bytes=35386433
[2026-07-16 18:23:54] INFO     model3d:63 — FreeCAD 3D OK: fmt=stl bytes=4301884
[2026-07-16 18:23:54] INFO     v1:241 — 3D export: window=40 fmt=stl method=auto bytes=4301884
[2026-07-16 18:23:56] INFO     model3d:63 — FreeCAD 3D OK: fmt=glb bytes=1723832
[2026-07-16 18:23:56] INFO     v1:241 — 3D export: window=40 fmt=glb method=auto bytes=1723832
[2026-07-16 18:36:45] INFO     v1:302 — Design saved: window=40 panes=10
[2026-07-16 18:36:48] INFO     v1:302 — Design saved: window=40 panes=10
[2026-07-16 18:36:49] INFO     v1:302 — Design saved: window=40 panes=10
[2026-07-16 18:36:50] INFO     v1:302 — Design saved: window=40 panes=10
[2026-07-16 18:36:51] INFO     v1:302 — Design saved: window=40 panes=10
[2026-07-16 18:36:52] INFO     v1:302 — Design saved: window=40 panes=10
[2026-07-16 18:37:08] INFO     v1:302 — Design saved: window=40 panes=10
[2026-07-16 18:37:13] INFO     v1:302 — Design saved: window=40 panes=10
[2026-07-16 18:37:28] INFO     v1:302 — Design saved: window=40 panes=10
[2026-07-17 09:55:30] INFO     logging_config:160 — Quoting Studio — logging initialised (debug=True)
[2026-07-17 09:55:36] INFO     logging_config:160 — Quoting Studio — logging initialised (debug=True)
[2026-07-17 09:55:46] INFO     __init__:96 — 404 Not Found — GET /favicon.ico
[2026-07-17 09:55:48] INFO     auth:32 — Login success: aniket@gmail.com (tenant=1)
[2026-07-17 09:56:29] INFO     model3d:63 — FreeCAD 3D OK: fmt=glb bytes=125372
[2026-07-17 09:56:29] INFO     v1:241 — 3D export: window=25 fmt=glb method=auto bytes=125372
[2026-07-17 09:56:42] INFO     model3d_assembly:67 — 3D assembly [win=25 sys=1]: head=HD-90(DXF) cill=SF-165(DXF) jamb=JB-67(DXF) mullion=GB-58(DXF) transom=SUP-100(DXF) sash=MS-83(DXF)
[2026-07-17 09:56:42] INFO     model3d_assembly:92 — 3D assembly: 6/6 members have real DXF loops
[2026-07-17 09:56:50] INFO     model3d:63 — FreeCAD 3D OK: fmt=glb bytes=125372
[2026-07-17 09:56:50] INFO     v1:241 — 3D export: window=25 fmt=glb method=auto bytes=125372
[2026-07-17 09:57:11] INFO     model3d:76 — trimesh assembly OK: fmt=step bytes=2581821
[2026-07-17 09:57:11] INFO     v1:241 — 3D export: window=25 fmt=step method=auto bytes=2581821
[2026-07-17 10:11:20] INFO     logging_config:160 — Quoting Studio — logging initialised (debug=True)
[2026-07-17 10:12:03] INFO     model3d:63 — FreeCAD 3D OK: fmt=glb bytes=125356
[2026-07-17 10:12:03] INFO     v1:241 — 3D export: window=25 fmt=glb method=auto bytes=125356
[2026-07-17 10:12:19] INFO     model3d_assembly:67 — 3D assembly [win=25 sys=1]: head=HD-90(DXF) cill=SF-165(DXF) jamb=JB-67(DXF) mullion=GB-58(DXF) transom=SUP-100(DXF) sash=MS-83(DXF)
[2026-07-17 10:12:19] INFO     model3d_assembly:92 — 3D assembly: 6/6 members have real DXF loops
[2026-07-17 10:12:22] INFO     model3d:76 — trimesh assembly OK: fmt=step bytes=2513036
[2026-07-17 10:12:22] INFO     v1:241 — 3D export: window=25 fmt=step method=auto bytes=2513036
[2026-07-17 10:12:24] INFO     model3d:63 — FreeCAD 3D OK: fmt=stl bytes=310084
[2026-07-17 10:12:24] INFO     v1:241 — 3D export: window=25 fmt=stl method=auto bytes=310084
[2026-07-17 10:13:18] INFO     logging_config:160 — Quoting Studio — logging initialised (debug=True)
[2026-07-17 10:13:28] INFO     model3d:63 — FreeCAD 3D OK: fmt=glb bytes=125356
[2026-07-17 10:13:28] INFO     v1:241 — 3D export: window=25 fmt=glb method=auto bytes=125356
[2026-07-17 10:16:54] INFO     logging_config:160 — Quoting Studio — logging initialised (debug=True)
[2026-07-17 10:16:58] INFO     logging_config:160 — Quoting Studio — logging initialised (debug=True)
[2026-07-17 10:17:23] INFO     model3d:63 — FreeCAD 3D OK: fmt=glb bytes=125320
[2026-07-17 10:17:23] INFO     v1:241 — 3D export: window=25 fmt=glb method=auto bytes=125320
[2026-07-17 10:17:46] INFO     model3d_assembly:69 — 3D assembly [win=25 sys=1]: head=HD-90(DXF) cill=SF-165(DXF) jamb=JB-67(DXF) mullion=GB-58(DXF) transom=SUP-100(DXF) sash=MS-83(DXF)
[2026-07-17 10:17:46] INFO     model3d_assembly:81 — 3D assembly: 6/6 members have real DXF sections
[2026-07-17 10:17:50] INFO     model3d:76 — trimesh assembly OK: fmt=step bytes=2512604
[2026-07-17 10:17:50] INFO     v1:241 — 3D export: window=25 fmt=step method=auto bytes=2512604
[2026-07-17 10:17:51] INFO     model3d:63 — FreeCAD 3D OK: fmt=glb bytes=125320
[2026-07-17 10:17:51] INFO     v1:241 — 3D export: window=25 fmt=glb method=auto bytes=125320
[2026-07-17 10:17:51] INFO     model3d:63 — FreeCAD 3D OK: fmt=stl bytes=310084
[2026-07-17 10:17:51] INFO     v1:241 — 3D export: window=25 fmt=stl method=auto bytes=310084
[2026-07-17 10:20:01] INFO     logging_config:160 — Quoting Studio — logging initialised (debug=True)
[2026-07-17 10:21:26] INFO     logging_config:160 — Quoting Studio — logging initialised (debug=True)
[2026-07-17 10:21:39] INFO     v1:302 — Design saved: window=25 panes=4
[2026-07-17 10:21:42] INFO     v1:302 — Design saved: window=25 panes=4
[2026-07-17 10:21:48] INFO     v1:302 — Design saved: window=25 panes=4
[2026-07-17 10:21:50] INFO     v1:302 — Design saved: window=25 panes=4
[2026-07-17 10:21:53] INFO     v1:302 — Design saved: window=25 panes=4
[2026-07-17 10:21:58] INFO     model3d:63 — FreeCAD 3D OK: fmt=glb bytes=142904
[2026-07-17 10:21:58] INFO     v1:241 — 3D export: window=25 fmt=glb method=auto bytes=142904
[2026-07-17 10:22:18] INFO     v1:302 — Design saved: window=25 panes=4
[2026-07-17 10:22:20] INFO     v1:302 — Design saved: window=25 panes=4
[2026-07-17 10:23:03] INFO     v1:302 — Design saved: window=25 panes=4
[2026-07-17 10:23:03] INFO     v1:379 — save_render: window=25 saved 140355 bytes -> E:\quoting_studio\06-07-2026\quoting_studio\uploads\renders\window-25.png
[2026-07-17 10:23:03] INFO     v1:302 — Design saved: window=25 panes=4
[2026-07-17 10:23:03] INFO     v1:302 — Design saved: window=25 panes=4
[2026-07-17 10:24:15] INFO     model3d:63 — FreeCAD 3D OK: fmt=glb bytes=142904
[2026-07-17 10:24:15] INFO     v1:241 — 3D export: window=25 fmt=glb method=auto bytes=142904
[2026-07-17 10:43:14] INFO     logging_config:160 — Quoting Studio — logging initialised (debug=True)
[2026-07-17 10:43:37] INFO     model3d:63 — FreeCAD 3D OK: fmt=glb bytes=142904
[2026-07-17 10:43:37] INFO     v1:241 — 3D export: window=25 fmt=glb method=auto bytes=142904
[2026-07-17 10:43:49] INFO     model3d_assembly:69 — 3D assembly [win=25 sys=1]: head=HD-90(DXF) cill=SF-165(DXF) jamb=JB-67(DXF) mullion=GB-58(DXF) transom=SUP-100(DXF) sash=MS-83(DXF)
[2026-07-17 10:43:49] INFO     model3d_assembly:81 — 3D assembly: 7/7 members have real DXF sections
[2026-07-17 10:43:53] INFO     model3d:76 — trimesh assembly OK: fmt=step bytes=2823385
[2026-07-17 10:43:53] INFO     v1:241 — 3D export: window=25 fmt=step method=auto bytes=2823385
[2026-07-17 10:43:53] INFO     model3d:63 — FreeCAD 3D OK: fmt=glb bytes=142904
[2026-07-17 10:43:53] INFO     v1:241 — 3D export: window=25 fmt=glb method=auto bytes=142904
[2026-07-17 10:50:22] INFO     model3d:63 — FreeCAD 3D OK: fmt=stl bytes=353884
[2026-07-17 10:50:22] INFO     v1:241 — 3D export: window=25 fmt=stl method=auto bytes=353884
[2026-07-17 11:09:47] INFO     logging_config:160 — Quoting Studio — logging initialised (debug=True)
[2026-07-17 11:09:59] INFO     model3d:63 — FreeCAD 3D OK: fmt=glb bytes=143668
[2026-07-17 11:09:59] INFO     v1:241 — 3D export: window=25 fmt=glb method=auto bytes=143668
[2026-07-17 11:10:14] INFO     v1:208 — Engineering DXF: window=25 bytes=104400
[2026-07-17 11:10:17] INFO     model3d_assembly:69 — 3D assembly [win=25 sys=1]: head=HD-90(DXF) cill=SF-165(DXF) jamb=JB-67(DXF) mullion=GB-58(DXF) transom=SUP-100(DXF) sash=MS-83(DXF)
[2026-07-17 11:10:17] INFO     model3d_assembly:81 — 3D assembly: 7/7 members have real DXF sections
[2026-07-17 11:10:21] INFO     model3d:76 — trimesh assembly OK: fmt=step bytes=2823385
[2026-07-17 11:10:21] INFO     v1:241 — 3D export: window=25 fmt=step method=auto bytes=2823385
[2026-07-17 11:10:21] INFO     model3d:63 — FreeCAD 3D OK: fmt=glb bytes=143668
[2026-07-17 11:10:21] INFO     v1:241 — 3D export: window=25 fmt=glb method=auto bytes=143668
[2026-07-20 10:38:16] INFO     logging_config:160 — Quoting Studio — logging initialised (debug=True)
[2026-07-20 10:38:22] INFO     logging_config:160 — Quoting Studio — logging initialised (debug=True)
[2026-07-20 10:38:48] INFO     __init__:96 — 404 Not Found — GET /favicon.ico
[2026-07-20 10:38:58] INFO     auth:32 — Login success: aniket@gmail.com (tenant=1)
[2026-07-20 10:40:44] INFO     projects:380 — Unit added: id=41 project=13 type=door tpl=doorSingle
[2026-07-20 10:40:48] INFO     v1:302 — Design saved: window=41 panes=7
[2026-07-20 10:40:54] INFO     v1:302 — Design saved: window=41 panes=7
[2026-07-20 11:00:58] INFO     v1:302 — Design saved: window=41 panes=7
[2026-07-20 11:00:58] INFO     v1:302 — Design saved: window=41 panes=7
[2026-07-20 11:02:12] INFO     model3d_assembly:69 — 3D assembly [win=25 sys=1]: head=HD-90(DXF) cill=SF-165(DXF) jamb=JB-67(DXF) mullion=GB-58(DXF) transom=SUP-100(DXF) sash=MS-83(DXF)
[2026-07-20 11:02:12] INFO     model3d_assembly:81 — 3D assembly: 7/7 members have real DXF sections
[2026-07-20 11:02:30] INFO     model3d_assembly:69 — 3D assembly [win=25 sys=1]: head=HD-90(DXF) cill=SF-165(DXF) jamb=JB-67(DXF) mullion=GB-58(DXF) transom=SUP-100(DXF) sash=MS-83(DXF)
[2026-07-20 11:02:30] INFO     model3d_assembly:81 — 3D assembly: 7/7 members have real DXF sections
[2026-07-20 11:02:30] INFO     model3d:76 — trimesh assembly OK: fmt=step bytes=2823385
[2026-07-20 11:02:30] INFO     v1:241 — 3D export: window=25 fmt=step method=auto bytes=2823385
[2026-07-20 11:02:31] INFO     model3d:76 — trimesh assembly OK: fmt=step bytes=2823394
[2026-07-20 11:02:31] INFO     v1:241 — 3D export: window=25 fmt=step method=auto bytes=2823394
[2026-07-20 11:02:39] INFO     model3d:63 — FreeCAD 3D OK: fmt=glb bytes=143668
[2026-07-20 11:02:39] INFO     v1:241 — 3D export: window=25 fmt=glb method=auto bytes=143668
[2026-07-21 16:17:10] INFO     logging_config:160 — Quoting Studio — logging initialised (debug=True)
[2026-07-21 16:27:29] INFO     logging_config:160 — Quoting Studio — logging initialised (debug=True)
[2026-07-21 16:27:30] INFO     logging_config:160 — Quoting Studio — logging initialised (debug=True)
[2026-07-21 16:27:45] INFO     __init__:96 — 404 Not Found — GET /favicon.ico
[2026-07-21 16:27:49] INFO     auth:32 — Login success: aniket@gmail.com (tenant=1)
[2026-07-21 16:28:12] INFO     model3d:63 — FreeCAD 3D OK: fmt=glb bytes=245332
[2026-07-21 16:28:12] INFO     v1:241 — 3D export: window=11 fmt=glb method=auto bytes=245332
[2026-07-21 16:28:26] INFO     model3d_assembly:69 — 3D assembly [win=11 sys=None]: head=HD-90(DXF) cill=SL-165(DXF) jamb=JB-67(DXF) mullion=GB-61(DXF) transom=GB-61-T(DXF) sash=TRS-108(DXF)
[2026-07-21 16:28:26] INFO     model3d_assembly:81 — 3D assembly: 8/8 members have real DXF sections
[2026-07-21 16:28:37] INFO     model3d:76 — trimesh assembly OK: fmt=step bytes=4097690
[2026-07-21 16:28:37] INFO     v1:241 — 3D export: window=11 fmt=step method=auto bytes=4097690
[2026-07-21 16:30:56] INFO     logging_config:160 — Quoting Studio — logging initialised (debug=True)
[2026-07-21 16:30:57] INFO     logging_config:160 — Quoting Studio — logging initialised (debug=True)
[2026-07-30 15:17:31] INFO     logging_config:160 — Quoting Studio — logging initialised (debug=True)
[2026-07-30 15:17:36] INFO     logging_config:160 — Quoting Studio — logging initialised (debug=True)
[2026-07-30 15:17:45] INFO     __init__:96 — 404 Not Found — GET /favicon.ico
[2026-07-30 15:17:50] INFO     auth:32 — Login success: aniket@gmail.com (tenant=1)
[2026-07-30 15:18:55] INFO     v1:302 — Design saved: window=37 panes=2
[2026-07-30 15:18:57] INFO     v1:302 — Design saved: window=37 panes=2
[2026-07-30 15:18:58] INFO     v1:302 — Design saved: window=37 panes=2
[2026-07-30 15:19:02] INFO     v1:302 — Design saved: window=37 panes=2
[2026-07-30 15:19:06] INFO     v1:302 — Design saved: window=37 panes=2
[2026-07-30 15:19:06] INFO     v1:302 — Design saved: window=37 panes=2
[2026-07-31 15:27:24] INFO     logging_config:160 — Quoting Studio — logging initialised (debug=True)
[2026-07-31 15:27:28] INFO     logging_config:160 — Quoting Studio — logging initialised (debug=True)
[2026-07-31 15:27:36] INFO     __init__:96 — 404 Not Found — GET /favicon.ico
[2026-07-31 15:27:37] INFO     auth:32 — Login success: aniket@gmail.com (tenant=1)
[2026-08-13 18:33:07] INFO     logging_config:160 — Quoting Studio — logging initialised (debug=True)
[2026-08-13 18:33:10] INFO     logging_config:160 — Quoting Studio — logging initialised (debug=True)
[2026-08-13 18:33:44] INFO     __init__:96 — 404 Not Found — GET /favicon.ico
[2026-08-14 10:00:53] INFO     logging_config:160 — Quoting Studio — logging initialised (debug=True)
[2026-08-14 10:00:59] INFO     logging_config:160 — Quoting Studio — logging initialised (debug=True)
[2026-08-14 10:01:09] INFO     __init__:96 — 404 Not Found — GET /favicon.ico
[2026-08-14 10:02:11] ERROR    auth:40 — Unexpected error during login for admin@quotingstudio.com: (pymysql.err.OperationalError) (1045, "Access denied for user 'root'@'localhost' (using password: YES)")
(Background on this error at: https://sqlalche.me/e/20/e3q8)
Traceback (most recent call last):
  File "D:\Quoting Studio\quoting_studio\venv\Lib\site-packages\sqlalchemy\engine\base.py", line 144, in __init__
    self._dbapi_connection = engine.raw_connection()
                             ^^^^^^^^^^^^^^^^^^^^^^^
  File "D:\Quoting Studio\quoting_studio\venv\Lib\site-packages\sqlalchemy\engine\base.py", line 3319, in raw_connection
    return self.pool.connect()
           ^^^^^^^^^^^^^^^^^^^
  File "D:\Quoting Studio\quoting_studio\venv\Lib\site-packages\sqlalchemy\pool\base.py", line 448, in connect
    return _ConnectionFairy._checkout(self)
           ^^^^^^^^^^^^^^^^^^^^^^^^^^^^^^^^
  File "D:\Quoting Studio\quoting_studio\venv\Lib\site-packages\sqlalchemy\pool\base.py", line 1272, in _checkout
    fairy = _ConnectionRecord.checkout(pool)
            ^^^^^^^^^^^^^^^^^^^^^^^^^^^^^^^^
  File "D:\Quoting Studio\quoting_studio\venv\Lib\site-packages\sqlalchemy\pool\base.py", line 712, in checkout
    rec = pool._do_get()
          ^^^^^^^^^^^^^^
  File "D:\Quoting Studio\quoting_studio\venv\Lib\site-packages\sqlalchemy\pool\impl.py", line 178, in _do_get
    with util.safe_reraise():
         ^^^^^^^^^^^^^^^^^^^
  File "D:\Quoting Studio\quoting_studio\venv\Lib\site-packages\sqlalchemy\util\langhelpers.py", line 122, in __exit__
    raise exc_value.with_traceback(exc_tb)
  File "D:\Quoting Studio\quoting_studio\venv\Lib\site-packages\sqlalchemy\pool\impl.py", line 176, in _do_get
    return self._create_connection()
           ^^^^^^^^^^^^^^^^^^^^^^^^^
  File "D:\Quoting Studio\quoting_studio\venv\Lib\site-packages\sqlalchemy\pool\base.py", line 389, in _create_connection
    return _ConnectionRecord(self)
           ^^^^^^^^^^^^^^^^^^^^^^^
  File "D:\Quoting Studio\quoting_studio\venv\Lib\site-packages\sqlalchemy\pool\base.py", line 674, in __init__
    self.__connect()
  File "D:\Quoting Studio\quoting_studio\venv\Lib\site-packages\sqlalchemy\pool\base.py", line 900, in __connect
    with util.safe_reraise():
         ^^^^^^^^^^^^^^^^^^^
  File "D:\Quoting Studio\quoting_studio\venv\Lib\site-packages\sqlalchemy\util\langhelpers.py", line 122, in __exit__
    raise exc_value.with_traceback(exc_tb)
  File "D:\Quoting Studio\quoting_studio\venv\Lib\site-packages\sqlalchemy\pool\base.py", line 896, in __connect
    self.dbapi_connection = connection = pool._invoke_creator(self)
                                         ^^^^^^^^^^^^^^^^^^^^^^^^^^
  File "D:\Quoting Studio\quoting_studio\venv\Lib\site-packages\sqlalchemy\engine\create.py", line 667, in connect
    return dialect.connect(*cargs_tup, **cparams)
           ^^^^^^^^^^^^^^^^^^^^^^^^^^^^^^^^^^^^^^
  File "D:\Quoting Studio\quoting_studio\venv\Lib\site-packages\sqlalchemy\engine\default.py", line 630, in connect
    return self.loaded_dbapi.connect(*cargs, **cparams)  # type: ignore[no-any-return]  # NOQA: E501
           ^^^^^^^^^^^^^^^^^^^^^^^^^^^^^^^^^^^^^^^^^^^^
  File "D:\Quoting Studio\quoting_studio\venv\Lib\site-packages\pymysql\connections.py", line 361, in __init__
    self.connect()
  File "D:\Quoting Studio\quoting_studio\venv\Lib\site-packages\pymysql\connections.py", line 669, in connect
    self._request_authentication()
  File "D:\Quoting Studio\quoting_studio\venv\Lib\site-packages\pymysql\connections.py", line 979, in _request_authentication
    auth_packet = _auth.caching_sha2_password_auth(self, auth_packet)
                  ^^^^^^^^^^^^^^^^^^^^^^^^^^^^^^^^^^^^^^^^^^^^^^^^^^^
  File "D:\Quoting Studio\quoting_studio\venv\Lib\site-packages\pymysql\_auth.py", line 268, in caching_sha2_password_auth
    pkt = _roundtrip(conn, data)
          ^^^^^^^^^^^^^^^^^^^^^^
  File "D:\Quoting Studio\quoting_studio\venv\Lib\site-packages\pymysql\_auth.py", line 121, in _roundtrip
    pkt = conn._read_packet()
          ^^^^^^^^^^^^^^^^^^^
  File "D:\Quoting Studio\quoting_studio\venv\Lib\site-packages\pymysql\connections.py", line 775, in _read_packet
    packet.raise_for_error()
  File "D:\Quoting Studio\quoting_studio\venv\Lib\site-packages\pymysql\protocol.py", line 219, in raise_for_error
    err.raise_mysql_exception(self._data)
  File "D:\Quoting Studio\quoting_studio\venv\Lib\site-packages\pymysql\err.py", line 150, in raise_mysql_exception
    raise errorclass(errno, errval)
pymysql.err.OperationalError: (1045, "Access denied for user 'root'@'localhost' (using password: YES)")

The above exception was the direct cause of the following exception:

Traceback (most recent call last):
  File "D:\Quoting Studio\quoting_studio\app\routes\auth.py", line 26, in login
    user = User.query.filter_by(email=email, is_active=True).first()
           ^^^^^^^^^^^^^^^^^^^^^^^^^^^^^^^^^^^^^^^^^^^^^^^^^^^^^^^^^
  File "D:\Quoting Studio\quoting_studio\venv\Lib\site-packages\sqlalchemy\orm\query.py", line 2766, in first
    return self.limit(1)._iter().first()  # type: ignore
           ^^^^^^^^^^^^^^^^^^^^^
  File "D:\Quoting Studio\quoting_studio\venv\Lib\site-packages\sqlalchemy\orm\query.py", line 2864, in _iter
    result: Union[ScalarResult[_T], Result[_T]] = self.session.execute(
                                                  ^^^^^^^^^^^^^^^^^^^^^
  File "D:\Quoting Studio\quoting_studio\venv\Lib\site-packages\sqlalchemy\orm\session.py", line 2373, in execute
    return self._execute_internal(
           ^^^^^^^^^^^^^^^^^^^^^^^
  File "D:\Quoting Studio\quoting_studio\venv\Lib\site-packages\sqlalchemy\orm\session.py", line 2261, in _execute_internal
    conn = self._connection_for_bind(bind)
           ^^^^^^^^^^^^^^^^^^^^^^^^^^^^^^^
  File "D:\Quoting Studio\quoting_studio\venv\Lib\site-packages\sqlalchemy\orm\session.py", line 2113, in _connection_for_bind
    return trans._connection_for_bind(engine, execution_options)
           ^^^^^^^^^^^^^^^^^^^^^^^^^^^^^^^^^^^^^^^^^^^^^^^^^^^^^
  File "<string>", line 2, in _connection_for_bind
  File "D:\Quoting Studio\quoting_studio\venv\Lib\site-packages\sqlalchemy\orm\state_changes.py", line 137, in _go
    ret_value = fn(self, *arg, **kw)
                ^^^^^^^^^^^^^^^^^^^^
  File "D:\Quoting Studio\quoting_studio\venv\Lib\site-packages\sqlalchemy\orm\session.py", line 1191, in _connection_for_bind
    conn = bind.connect()
           ^^^^^^^^^^^^^^
  File "D:\Quoting Studio\quoting_studio\venv\Lib\site-packages\sqlalchemy\engine\base.py", line 3295, in connect
    return self._connection_cls(self)
           ^^^^^^^^^^^^^^^^^^^^^^^^^^
  File "D:\Quoting Studio\quoting_studio\venv\Lib\site-packages\sqlalchemy\engine\base.py", line 146, in __init__
    Connection._handle_dbapi_exception_noconnection(
  File "D:\Quoting Studio\quoting_studio\venv\Lib\site-packages\sqlalchemy\engine\base.py", line 2450, in _handle_dbapi_exception_noconnection
    raise sqlalchemy_exception.with_traceback(exc_info[2]) from e
  File "D:\Quoting Studio\quoting_studio\venv\Lib\site-packages\sqlalchemy\engine\base.py", line 144, in __init__
    self._dbapi_connection = engine.raw_connection()
                             ^^^^^^^^^^^^^^^^^^^^^^^
  File "D:\Quoting Studio\quoting_studio\venv\Lib\site-packages\sqlalchemy\engine\base.py", line 3319, in raw_connection
    return self.pool.connect()
           ^^^^^^^^^^^^^^^^^^^
  File "D:\Quoting Studio\quoting_studio\venv\Lib\site-packages\sqlalchemy\pool\base.py", line 448, in connect
    return _ConnectionFairy._checkout(self)
           ^^^^^^^^^^^^^^^^^^^^^^^^^^^^^^^^
  File "D:\Quoting Studio\quoting_studio\venv\Lib\site-packages\sqlalchemy\pool\base.py", line 1272, in _checkout
    fairy = _ConnectionRecord.checkout(pool)
            ^^^^^^^^^^^^^^^^^^^^^^^^^^^^^^^^
  File "D:\Quoting Studio\quoting_studio\venv\Lib\site-packages\sqlalchemy\pool\base.py", line 712, in checkout
    rec = pool._do_get()
          ^^^^^^^^^^^^^^
  File "D:\Quoting Studio\quoting_studio\venv\Lib\site-packages\sqlalchemy\pool\impl.py", line 178, in _do_get
    with util.safe_reraise():
         ^^^^^^^^^^^^^^^^^^^
  File "D:\Quoting Studio\quoting_studio\venv\Lib\site-packages\sqlalchemy\util\langhelpers.py", line 122, in __exit__
    raise exc_value.with_traceback(exc_tb)
  File "D:\Quoting Studio\quoting_studio\venv\Lib\site-packages\sqlalchemy\pool\impl.py", line 176, in _do_get
    return self._create_connection()
           ^^^^^^^^^^^^^^^^^^^^^^^^^
  File "D:\Quoting Studio\quoting_studio\venv\Lib\site-packages\sqlalchemy\pool\base.py", line 389, in _create_connection
    return _ConnectionRecord(self)
           ^^^^^^^^^^^^^^^^^^^^^^^
  File "D:\Quoting Studio\quoting_studio\venv\Lib\site-packages\sqlalchemy\pool\base.py", line 674, in __init__
    self.__connect()
  File "D:\Quoting Studio\quoting_studio\venv\Lib\site-packages\sqlalchemy\pool\base.py", line 900, in __connect
    with util.safe_reraise():
         ^^^^^^^^^^^^^^^^^^^
  File "D:\Quoting Studio\quoting_studio\venv\Lib\site-packages\sqlalchemy\util\langhelpers.py", line 122, in __exit__
    raise exc_value.with_traceback(exc_tb)
  File "D:\Quoting Studio\quoting_studio\venv\Lib\site-packages\sqlalchemy\pool\base.py", line 896, in __connect
    self.dbapi_connection = connection = pool._invoke_creator(self)
                                         ^^^^^^^^^^^^^^^^^^^^^^^^^^
  File "D:\Quoting Studio\quoting_studio\venv\Lib\site-packages\sqlalchemy\engine\create.py", line 667, in connect
    return dialect.connect(*cargs_tup, **cparams)
           ^^^^^^^^^^^^^^^^^^^^^^^^^^^^^^^^^^^^^^
  File "D:\Quoting Studio\quoting_studio\venv\Lib\site-packages\sqlalchemy\engine\default.py", line 630, in connect
    return self.loaded_dbapi.connect(*cargs, **cparams)  # type: ignore[no-any-return]  # NOQA: E501
           ^^^^^^^^^^^^^^^^^^^^^^^^^^^^^^^^^^^^^^^^^^^^
  File "D:\Quoting Studio\quoting_studio\venv\Lib\site-packages\pymysql\connections.py", line 361, in __init__
    self.connect()
  File "D:\Quoting Studio\quoting_studio\venv\Lib\site-packages\pymysql\connections.py", line 669, in connect
    self._request_authentication()
  File "D:\Quoting Studio\quoting_studio\venv\Lib\site-packages\pymysql\connections.py", line 979, in _request_authentication
    auth_packet = _auth.caching_sha2_password_auth(self, auth_packet)
                  ^^^^^^^^^^^^^^^^^^^^^^^^^^^^^^^^^^^^^^^^^^^^^^^^^^^
  File "D:\Quoting Studio\quoting_studio\venv\Lib\site-packages\pymysql\_auth.py", line 268, in caching_sha2_password_auth
    pkt = _roundtrip(conn, data)
          ^^^^^^^^^^^^^^^^^^^^^^
  File "D:\Quoting Studio\quoting_studio\venv\Lib\site-packages\pymysql\_auth.py", line 121, in _roundtrip
    pkt = conn._read_packet()
          ^^^^^^^^^^^^^^^^^^^
  File "D:\Quoting Studio\quoting_studio\venv\Lib\site-packages\pymysql\connections.py", line 775, in _read_packet
    packet.raise_for_error()
  File "D:\Quoting Studio\quoting_studio\venv\Lib\site-packages\pymysql\protocol.py", line 219, in raise_for_error
    err.raise_mysql_exception(self._data)
  File "D:\Quoting Studio\quoting_studio\venv\Lib\site-packages\pymysql\err.py", line 150, in raise_mysql_exception
    raise errorclass(errno, errval)
sqlalchemy.exc.OperationalError: (pymysql.err.OperationalError) (1045, "Access denied for user 'root'@'localhost' (using password: YES)")
(Background on this error at: https://sqlalche.me/e/20/e3q8)
[2026-08-14 10:05:42] ERROR    auth:40 — Unexpected error during login for aniket@gmail.com: (pymysql.err.OperationalError) (1045, "Access denied for user 'root'@'localhost' (using password: YES)")
(Background on this error at: https://sqlalche.me/e/20/e3q8)
Traceback (most recent call last):
  File "D:\Quoting Studio\quoting_studio\venv\Lib\site-packages\sqlalchemy\engine\base.py", line 144, in __init__
    self._dbapi_connection = engine.raw_connection()
                             ^^^^^^^^^^^^^^^^^^^^^^^
  File "D:\Quoting Studio\quoting_studio\venv\Lib\site-packages\sqlalchemy\engine\base.py", line 3319, in raw_connection
    return self.pool.connect()
           ^^^^^^^^^^^^^^^^^^^
  File "D:\Quoting Studio\quoting_studio\venv\Lib\site-packages\sqlalchemy\pool\base.py", line 448, in connect
    return _ConnectionFairy._checkout(self)
           ^^^^^^^^^^^^^^^^^^^^^^^^^^^^^^^^
  File "D:\Quoting Studio\quoting_studio\venv\Lib\site-packages\sqlalchemy\pool\base.py", line 1272, in _checkout
    fairy = _ConnectionRecord.checkout(pool)
            ^^^^^^^^^^^^^^^^^^^^^^^^^^^^^^^^
  File "D:\Quoting Studio\quoting_studio\venv\Lib\site-packages\sqlalchemy\pool\base.py", line 712, in checkout
    rec = pool._do_get()
          ^^^^^^^^^^^^^^
  File "D:\Quoting Studio\quoting_studio\venv\Lib\site-packages\sqlalchemy\pool\impl.py", line 178, in _do_get
    with util.safe_reraise():
         ^^^^^^^^^^^^^^^^^^^
  File "D:\Quoting Studio\quoting_studio\venv\Lib\site-packages\sqlalchemy\util\langhelpers.py", line 122, in __exit__
    raise exc_value.with_traceback(exc_tb)
  File "D:\Quoting Studio\quoting_studio\venv\Lib\site-packages\sqlalchemy\pool\impl.py", line 176, in _do_get
    return self._create_connection()
           ^^^^^^^^^^^^^^^^^^^^^^^^^
  File "D:\Quoting Studio\quoting_studio\venv\Lib\site-packages\sqlalchemy\pool\base.py", line 389, in _create_connection
    return _ConnectionRecord(self)
           ^^^^^^^^^^^^^^^^^^^^^^^
  File "D:\Quoting Studio\quoting_studio\venv\Lib\site-packages\sqlalchemy\pool\base.py", line 674, in __init__
    self.__connect()
  File "D:\Quoting Studio\quoting_studio\venv\Lib\site-packages\sqlalchemy\pool\base.py", line 900, in __connect
    with util.safe_reraise():
         ^^^^^^^^^^^^^^^^^^^
  File "D:\Quoting Studio\quoting_studio\venv\Lib\site-packages\sqlalchemy\util\langhelpers.py", line 122, in __exit__
    raise exc_value.with_traceback(exc_tb)
  File "D:\Quoting Studio\quoting_studio\venv\Lib\site-packages\sqlalchemy\pool\base.py", line 896, in __connect
    self.dbapi_connection = connection = pool._invoke_creator(self)
                                         ^^^^^^^^^^^^^^^^^^^^^^^^^^
  File "D:\Quoting Studio\quoting_studio\venv\Lib\site-packages\sqlalchemy\engine\create.py", line 667, in connect
    return dialect.connect(*cargs_tup, **cparams)
           ^^^^^^^^^^^^^^^^^^^^^^^^^^^^^^^^^^^^^^
  File "D:\Quoting Studio\quoting_studio\venv\Lib\site-packages\sqlalchemy\engine\default.py", line 630, in connect
    return self.loaded_dbapi.connect(*cargs, **cparams)  # type: ignore[no-any-return]  # NOQA: E501
           ^^^^^^^^^^^^^^^^^^^^^^^^^^^^^^^^^^^^^^^^^^^^
  File "D:\Quoting Studio\quoting_studio\venv\Lib\site-packages\pymysql\connections.py", line 361, in __init__
    self.connect()
  File "D:\Quoting Studio\quoting_studio\venv\Lib\site-packages\pymysql\connections.py", line 669, in connect
    self._request_authentication()
  File "D:\Quoting Studio\quoting_studio\venv\Lib\site-packages\pymysql\connections.py", line 979, in _request_authentication
    auth_packet = _auth.caching_sha2_password_auth(self, auth_packet)
                  ^^^^^^^^^^^^^^^^^^^^^^^^^^^^^^^^^^^^^^^^^^^^^^^^^^^
  File "D:\Quoting Studio\quoting_studio\venv\Lib\site-packages\pymysql\_auth.py", line 268, in caching_sha2_password_auth
    pkt = _roundtrip(conn, data)
          ^^^^^^^^^^^^^^^^^^^^^^
  File "D:\Quoting Studio\quoting_studio\venv\Lib\site-packages\pymysql\_auth.py", line 121, in _roundtrip
    pkt = conn._read_packet()
          ^^^^^^^^^^^^^^^^^^^
  File "D:\Quoting Studio\quoting_studio\venv\Lib\site-packages\pymysql\connections.py", line 775, in _read_packet
    packet.raise_for_error()
  File "D:\Quoting Studio\quoting_studio\venv\Lib\site-packages\pymysql\protocol.py", line 219, in raise_for_error
    err.raise_mysql_exception(self._data)
  File "D:\Quoting Studio\quoting_studio\venv\Lib\site-packages\pymysql\err.py", line 150, in raise_mysql_exception
    raise errorclass(errno, errval)
pymysql.err.OperationalError: (1045, "Access denied for user 'root'@'localhost' (using password: YES)")

The above exception was the direct cause of the following exception:

Traceback (most recent call last):
  File "D:\Quoting Studio\quoting_studio\app\routes\auth.py", line 26, in login
    user = User.query.filter_by(email=email, is_active=True).first()
           ^^^^^^^^^^^^^^^^^^^^^^^^^^^^^^^^^^^^^^^^^^^^^^^^^^^^^^^^^
  File "D:\Quoting Studio\quoting_studio\venv\Lib\site-packages\sqlalchemy\orm\query.py", line 2766, in first
    return self.limit(1)._iter().first()  # type: ignore
           ^^^^^^^^^^^^^^^^^^^^^
  File "D:\Quoting Studio\quoting_studio\venv\Lib\site-packages\sqlalchemy\orm\query.py", line 2864, in _iter
    result: Union[ScalarResult[_T], Result[_T]] = self.session.execute(
                                                  ^^^^^^^^^^^^^^^^^^^^^
  File "D:\Quoting Studio\quoting_studio\venv\Lib\site-packages\sqlalchemy\orm\session.py", line 2373, in execute
    return self._execute_internal(
           ^^^^^^^^^^^^^^^^^^^^^^^
  File "D:\Quoting Studio\quoting_studio\venv\Lib\site-packages\sqlalchemy\orm\session.py", line 2261, in _execute_internal
    conn = self._connection_for_bind(bind)
           ^^^^^^^^^^^^^^^^^^^^^^^^^^^^^^^
  File "D:\Quoting Studio\quoting_studio\venv\Lib\site-packages\sqlalchemy\orm\session.py", line 2113, in _connection_for_bind
    return trans._connection_for_bind(engine, execution_options)
           ^^^^^^^^^^^^^^^^^^^^^^^^^^^^^^^^^^^^^^^^^^^^^^^^^^^^^
  File "<string>", line 2, in _connection_for_bind
  File "D:\Quoting Studio\quoting_studio\venv\Lib\site-packages\sqlalchemy\orm\state_changes.py", line 137, in _go
    ret_value = fn(self, *arg, **kw)
                ^^^^^^^^^^^^^^^^^^^^
  File "D:\Quoting Studio\quoting_studio\venv\Lib\site-packages\sqlalchemy\orm\session.py", line 1191, in _connection_for_bind
    conn = bind.connect()
           ^^^^^^^^^^^^^^
  File "D:\Quoting Studio\quoting_studio\venv\Lib\site-packages\sqlalchemy\engine\base.py", line 3295, in connect
    return self._connection_cls(self)
           ^^^^^^^^^^^^^^^^^^^^^^^^^^
  File "D:\Quoting Studio\quoting_studio\venv\Lib\site-packages\sqlalchemy\engine\base.py", line 146, in __init__
    Connection._handle_dbapi_exception_noconnection(
  File "D:\Quoting Studio\quoting_studio\venv\Lib\site-packages\sqlalchemy\engine\base.py", line 2450, in _handle_dbapi_exception_noconnection
    raise sqlalchemy_exception.with_traceback(exc_info[2]) from e
  File "D:\Quoting Studio\quoting_studio\venv\Lib\site-packages\sqlalchemy\engine\base.py", line 144, in __init__
    self._dbapi_connection = engine.raw_connection()
                             ^^^^^^^^^^^^^^^^^^^^^^^
  File "D:\Quoting Studio\quoting_studio\venv\Lib\site-packages\sqlalchemy\engine\base.py", line 3319, in raw_connection
    return self.pool.connect()
           ^^^^^^^^^^^^^^^^^^^
  File "D:\Quoting Studio\quoting_studio\venv\Lib\site-packages\sqlalchemy\pool\base.py", line 448, in connect
    return _ConnectionFairy._checkout(self)
           ^^^^^^^^^^^^^^^^^^^^^^^^^^^^^^^^
  File "D:\Quoting Studio\quoting_studio\venv\Lib\site-packages\sqlalchemy\pool\base.py", line 1272, in _checkout
    fairy = _ConnectionRecord.checkout(pool)
            ^^^^^^^^^^^^^^^^^^^^^^^^^^^^^^^^
  File "D:\Quoting Studio\quoting_studio\venv\Lib\site-packages\sqlalchemy\pool\base.py", line 712, in checkout
    rec = pool._do_get()
          ^^^^^^^^^^^^^^
  File "D:\Quoting Studio\quoting_studio\venv\Lib\site-packages\sqlalchemy\pool\impl.py", line 178, in _do_get
    with util.safe_reraise():
         ^^^^^^^^^^^^^^^^^^^
  File "D:\Quoting Studio\quoting_studio\venv\Lib\site-packages\sqlalchemy\util\langhelpers.py", line 122, in __exit__
    raise exc_value.with_traceback(exc_tb)
  File "D:\Quoting Studio\quoting_studio\venv\Lib\site-packages\sqlalchemy\pool\impl.py", line 176, in _do_get
    return self._create_connection()
           ^^^^^^^^^^^^^^^^^^^^^^^^^
  File "D:\Quoting Studio\quoting_studio\venv\Lib\site-packages\sqlalchemy\pool\base.py", line 389, in _create_connection
    return _ConnectionRecord(self)
           ^^^^^^^^^^^^^^^^^^^^^^^
  File "D:\Quoting Studio\quoting_studio\venv\Lib\site-packages\sqlalchemy\pool\base.py", line 674, in __init__
    self.__connect()
  File "D:\Quoting Studio\quoting_studio\venv\Lib\site-packages\sqlalchemy\pool\base.py", line 900, in __connect
    with util.safe_reraise():
         ^^^^^^^^^^^^^^^^^^^
  File "D:\Quoting Studio\quoting_studio\venv\Lib\site-packages\sqlalchemy\util\langhelpers.py", line 122, in __exit__
    raise exc_value.with_traceback(exc_tb)
  File "D:\Quoting Studio\quoting_studio\venv\Lib\site-packages\sqlalchemy\pool\base.py", line 896, in __connect
    self.dbapi_connection = connection = pool._invoke_creator(self)
                                         ^^^^^^^^^^^^^^^^^^^^^^^^^^
  File "D:\Quoting Studio\quoting_studio\venv\Lib\site-packages\sqlalchemy\engine\create.py", line 667, in connect
    return dialect.connect(*cargs_tup, **cparams)
           ^^^^^^^^^^^^^^^^^^^^^^^^^^^^^^^^^^^^^^
  File "D:\Quoting Studio\quoting_studio\venv\Lib\site-packages\sqlalchemy\engine\default.py", line 630, in connect
    return self.loaded_dbapi.connect(*cargs, **cparams)  # type: ignore[no-any-return]  # NOQA: E501
           ^^^^^^^^^^^^^^^^^^^^^^^^^^^^^^^^^^^^^^^^^^^^
  File "D:\Quoting Studio\quoting_studio\venv\Lib\site-packages\pymysql\connections.py", line 361, in __init__
    self.connect()
  File "D:\Quoting Studio\quoting_studio\venv\Lib\site-packages\pymysql\connections.py", line 669, in connect
    self._request_authentication()
  File "D:\Quoting Studio\quoting_studio\venv\Lib\site-packages\pymysql\connections.py", line 979, in _request_authentication
    auth_packet = _auth.caching_sha2_password_auth(self, auth_packet)
                  ^^^^^^^^^^^^^^^^^^^^^^^^^^^^^^^^^^^^^^^^^^^^^^^^^^^
  File "D:\Quoting Studio\quoting_studio\venv\Lib\site-packages\pymysql\_auth.py", line 268, in caching_sha2_password_auth
    pkt = _roundtrip(conn, data)
          ^^^^^^^^^^^^^^^^^^^^^^
  File "D:\Quoting Studio\quoting_studio\venv\Lib\site-packages\pymysql\_auth.py", line 121, in _roundtrip
    pkt = conn._read_packet()
          ^^^^^^^^^^^^^^^^^^^
  File "D:\Quoting Studio\quoting_studio\venv\Lib\site-packages\pymysql\connections.py", line 775, in _read_packet
    packet.raise_for_error()
  File "D:\Quoting Studio\quoting_studio\venv\Lib\site-packages\pymysql\protocol.py", line 219, in raise_for_error
    err.raise_mysql_exception(self._data)
  File "D:\Quoting Studio\quoting_studio\venv\Lib\site-packages\pymysql\err.py", line 150, in raise_mysql_exception
    raise errorclass(errno, errval)
sqlalchemy.exc.OperationalError: (pymysql.err.OperationalError) (1045, "Access denied for user 'root'@'localhost' (using password: YES)")
(Background on this error at: https://sqlalche.me/e/20/e3q8)
[2026-08-14 10:10:48] ERROR    auth:81 — DB error checking duplicate email: (pymysql.err.OperationalError) (1045, "Access denied for user 'root'@'localhost' (using password: YES)")
(Background on this error at: https://sqlalche.me/e/20/e3q8)
Traceback (most recent call last):
  File "D:\Quoting Studio\quoting_studio\venv\Lib\site-packages\sqlalchemy\engine\base.py", line 144, in __init__
    self._dbapi_connection = engine.raw_connection()
                             ^^^^^^^^^^^^^^^^^^^^^^^
  File "D:\Quoting Studio\quoting_studio\venv\Lib\site-packages\sqlalchemy\engine\base.py", line 3319, in raw_connection
    return self.pool.connect()
           ^^^^^^^^^^^^^^^^^^^
  File "D:\Quoting Studio\quoting_studio\venv\Lib\site-packages\sqlalchemy\pool\base.py", line 448, in connect
    return _ConnectionFairy._checkout(self)
           ^^^^^^^^^^^^^^^^^^^^^^^^^^^^^^^^
  File "D:\Quoting Studio\quoting_studio\venv\Lib\site-packages\sqlalchemy\pool\base.py", line 1272, in _checkout
    fairy = _ConnectionRecord.checkout(pool)
            ^^^^^^^^^^^^^^^^^^^^^^^^^^^^^^^^
  File "D:\Quoting Studio\quoting_studio\venv\Lib\site-packages\sqlalchemy\pool\base.py", line 712, in checkout
    rec = pool._do_get()
          ^^^^^^^^^^^^^^
  File "D:\Quoting Studio\quoting_studio\venv\Lib\site-packages\sqlalchemy\pool\impl.py", line 178, in _do_get
    with util.safe_reraise():
         ^^^^^^^^^^^^^^^^^^^
  File "D:\Quoting Studio\quoting_studio\venv\Lib\site-packages\sqlalchemy\util\langhelpers.py", line 122, in __exit__
    raise exc_value.with_traceback(exc_tb)
  File "D:\Quoting Studio\quoting_studio\venv\Lib\site-packages\sqlalchemy\pool\impl.py", line 176, in _do_get
    return self._create_connection()
           ^^^^^^^^^^^^^^^^^^^^^^^^^
  File "D:\Quoting Studio\quoting_studio\venv\Lib\site-packages\sqlalchemy\pool\base.py", line 389, in _create_connection
    return _ConnectionRecord(self)
           ^^^^^^^^^^^^^^^^^^^^^^^
  File "D:\Quoting Studio\quoting_studio\venv\Lib\site-packages\sqlalchemy\pool\base.py", line 674, in __init__
    self.__connect()
  File "D:\Quoting Studio\quoting_studio\venv\Lib\site-packages\sqlalchemy\pool\base.py", line 900, in __connect
    with util.safe_reraise():
         ^^^^^^^^^^^^^^^^^^^
  File "D:\Quoting Studio\quoting_studio\venv\Lib\site-packages\sqlalchemy\util\langhelpers.py", line 122, in __exit__
    raise exc_value.with_traceback(exc_tb)
  File "D:\Quoting Studio\quoting_studio\venv\Lib\site-packages\sqlalchemy\pool\base.py", line 896, in __connect
    self.dbapi_connection = connection = pool._invoke_creator(self)
                                         ^^^^^^^^^^^^^^^^^^^^^^^^^^
  File "D:\Quoting Studio\quoting_studio\venv\Lib\site-packages\sqlalchemy\engine\create.py", line 667, in connect
    return dialect.connect(*cargs_tup, **cparams)
           ^^^^^^^^^^^^^^^^^^^^^^^^^^^^^^^^^^^^^^
  File "D:\Quoting Studio\quoting_studio\venv\Lib\site-packages\sqlalchemy\engine\default.py", line 630, in connect
    return self.loaded_dbapi.connect(*cargs, **cparams)  # type: ignore[no-any-return]  # NOQA: E501
           ^^^^^^^^^^^^^^^^^^^^^^^^^^^^^^^^^^^^^^^^^^^^
  File "D:\Quoting Studio\quoting_studio\venv\Lib\site-packages\pymysql\connections.py", line 361, in __init__
    self.connect()
  File "D:\Quoting Studio\quoting_studio\venv\Lib\site-packages\pymysql\connections.py", line 669, in connect
    self._request_authentication()
  File "D:\Quoting Studio\quoting_studio\venv\Lib\site-packages\pymysql\connections.py", line 979, in _request_authentication
    auth_packet = _auth.caching_sha2_password_auth(self, auth_packet)
                  ^^^^^^^^^^^^^^^^^^^^^^^^^^^^^^^^^^^^^^^^^^^^^^^^^^^
  File "D:\Quoting Studio\quoting_studio\venv\Lib\site-packages\pymysql\_auth.py", line 268, in caching_sha2_password_auth
    pkt = _roundtrip(conn, data)
          ^^^^^^^^^^^^^^^^^^^^^^
  File "D:\Quoting Studio\quoting_studio\venv\Lib\site-packages\pymysql\_auth.py", line 121, in _roundtrip
    pkt = conn._read_packet()
          ^^^^^^^^^^^^^^^^^^^
  File "D:\Quoting Studio\quoting_studio\venv\Lib\site-packages\pymysql\connections.py", line 775, in _read_packet
    packet.raise_for_error()
  File "D:\Quoting Studio\quoting_studio\venv\Lib\site-packages\pymysql\protocol.py", line 219, in raise_for_error
    err.raise_mysql_exception(self._data)
  File "D:\Quoting Studio\quoting_studio\venv\Lib\site-packages\pymysql\err.py", line 150, in raise_mysql_exception
    raise errorclass(errno, errval)
pymysql.err.OperationalError: (1045, "Access denied for user 'root'@'localhost' (using password: YES)")

The above exception was the direct cause of the following exception:

Traceback (most recent call last):
  File "D:\Quoting Studio\quoting_studio\app\routes\auth.py", line 78, in register
    if not errors and User.query.filter_by(email=email).first():
                      ^^^^^^^^^^^^^^^^^^^^^^^^^^^^^^^^^^^^^^^^^
  File "D:\Quoting Studio\quoting_studio\venv\Lib\site-packages\sqlalchemy\orm\query.py", line 2766, in first
    return self.limit(1)._iter().first()  # type: ignore
           ^^^^^^^^^^^^^^^^^^^^^
  File "D:\Quoting Studio\quoting_studio\venv\Lib\site-packages\sqlalchemy\orm\query.py", line 2864, in _iter
    result: Union[ScalarResult[_T], Result[_T]] = self.session.execute(
                                                  ^^^^^^^^^^^^^^^^^^^^^
  File "D:\Quoting Studio\quoting_studio\venv\Lib\site-packages\sqlalchemy\orm\session.py", line 2373, in execute
    return self._execute_internal(
           ^^^^^^^^^^^^^^^^^^^^^^^
  File "D:\Quoting Studio\quoting_studio\venv\Lib\site-packages\sqlalchemy\orm\session.py", line 2261, in _execute_internal
    conn = self._connection_for_bind(bind)
           ^^^^^^^^^^^^^^^^^^^^^^^^^^^^^^^
  File "D:\Quoting Studio\quoting_studio\venv\Lib\site-packages\sqlalchemy\orm\session.py", line 2113, in _connection_for_bind
    return trans._connection_for_bind(engine, execution_options)
           ^^^^^^^^^^^^^^^^^^^^^^^^^^^^^^^^^^^^^^^^^^^^^^^^^^^^^
  File "<string>", line 2, in _connection_for_bind
  File "D:\Quoting Studio\quoting_studio\venv\Lib\site-packages\sqlalchemy\orm\state_changes.py", line 137, in _go
    ret_value = fn(self, *arg, **kw)
                ^^^^^^^^^^^^^^^^^^^^
  File "D:\Quoting Studio\quoting_studio\venv\Lib\site-packages\sqlalchemy\orm\session.py", line 1191, in _connection_for_bind
    conn = bind.connect()
           ^^^^^^^^^^^^^^
  File "D:\Quoting Studio\quoting_studio\venv\Lib\site-packages\sqlalchemy\engine\base.py", line 3295, in connect
    return self._connection_cls(self)
           ^^^^^^^^^^^^^^^^^^^^^^^^^^
  File "D:\Quoting Studio\quoting_studio\venv\Lib\site-packages\sqlalchemy\engine\base.py", line 146, in __init__
    Connection._handle_dbapi_exception_noconnection(
  File "D:\Quoting Studio\quoting_studio\venv\Lib\site-packages\sqlalchemy\engine\base.py", line 2450, in _handle_dbapi_exception_noconnection
    raise sqlalchemy_exception.with_traceback(exc_info[2]) from e
  File "D:\Quoting Studio\quoting_studio\venv\Lib\site-packages\sqlalchemy\engine\base.py", line 144, in __init__
    self._dbapi_connection = engine.raw_connection()
                             ^^^^^^^^^^^^^^^^^^^^^^^
  File "D:\Quoting Studio\quoting_studio\venv\Lib\site-packages\sqlalchemy\engine\base.py", line 3319, in raw_connection
    return self.pool.connect()
           ^^^^^^^^^^^^^^^^^^^
  File "D:\Quoting Studio\quoting_studio\venv\Lib\site-packages\sqlalchemy\pool\base.py", line 448, in connect
    return _ConnectionFairy._checkout(self)
           ^^^^^^^^^^^^^^^^^^^^^^^^^^^^^^^^
  File "D:\Quoting Studio\quoting_studio\venv\Lib\site-packages\sqlalchemy\pool\base.py", line 1272, in _checkout
    fairy = _ConnectionRecord.checkout(pool)
            ^^^^^^^^^^^^^^^^^^^^^^^^^^^^^^^^
  File "D:\Quoting Studio\quoting_studio\venv\Lib\site-packages\sqlalchemy\pool\base.py", line 712, in checkout
    rec = pool._do_get()
          ^^^^^^^^^^^^^^
  File "D:\Quoting Studio\quoting_studio\venv\Lib\site-packages\sqlalchemy\pool\impl.py", line 178, in _do_get
    with util.safe_reraise():
         ^^^^^^^^^^^^^^^^^^^
  File "D:\Quoting Studio\quoting_studio\venv\Lib\site-packages\sqlalchemy\util\langhelpers.py", line 122, in __exit__
    raise exc_value.with_traceback(exc_tb)
  File "D:\Quoting Studio\quoting_studio\venv\Lib\site-packages\sqlalchemy\pool\impl.py", line 176, in _do_get
    return self._create_connection()
           ^^^^^^^^^^^^^^^^^^^^^^^^^
  File "D:\Quoting Studio\quoting_studio\venv\Lib\site-packages\sqlalchemy\pool\base.py", line 389, in _create_connection
    return _ConnectionRecord(self)
           ^^^^^^^^^^^^^^^^^^^^^^^
  File "D:\Quoting Studio\quoting_studio\venv\Lib\site-packages\sqlalchemy\pool\base.py", line 674, in __init__
    self.__connect()
  File "D:\Quoting Studio\quoting_studio\venv\Lib\site-packages\sqlalchemy\pool\base.py", line 900, in __connect
    with util.safe_reraise():
         ^^^^^^^^^^^^^^^^^^^
  File "D:\Quoting Studio\quoting_studio\venv\Lib\site-packages\sqlalchemy\util\langhelpers.py", line 122, in __exit__
    raise exc_value.with_traceback(exc_tb)
  File "D:\Quoting Studio\quoting_studio\venv\Lib\site-packages\sqlalchemy\pool\base.py", line 896, in __connect
    self.dbapi_connection = connection = pool._invoke_creator(self)
                                         ^^^^^^^^^^^^^^^^^^^^^^^^^^
  File "D:\Quoting Studio\quoting_studio\venv\Lib\site-packages\sqlalchemy\engine\create.py", line 667, in connect
    return dialect.connect(*cargs_tup, **cparams)
           ^^^^^^^^^^^^^^^^^^^^^^^^^^^^^^^^^^^^^^
  File "D:\Quoting Studio\quoting_studio\venv\Lib\site-packages\sqlalchemy\engine\default.py", line 630, in connect
    return self.loaded_dbapi.connect(*cargs, **cparams)  # type: ignore[no-any-return]  # NOQA: E501
           ^^^^^^^^^^^^^^^^^^^^^^^^^^^^^^^^^^^^^^^^^^^^
  File "D:\Quoting Studio\quoting_studio\venv\Lib\site-packages\pymysql\connections.py", line 361, in __init__
    self.connect()
  File "D:\Quoting Studio\quoting_studio\venv\Lib\site-packages\pymysql\connections.py", line 669, in connect
    self._request_authentication()
  File "D:\Quoting Studio\quoting_studio\venv\Lib\site-packages\pymysql\connections.py", line 979, in _request_authentication
    auth_packet = _auth.caching_sha2_password_auth(self, auth_packet)
                  ^^^^^^^^^^^^^^^^^^^^^^^^^^^^^^^^^^^^^^^^^^^^^^^^^^^
  File "D:\Quoting Studio\quoting_studio\venv\Lib\site-packages\pymysql\_auth.py", line 268, in caching_sha2_password_auth
    pkt = _roundtrip(conn, data)
          ^^^^^^^^^^^^^^^^^^^^^^
  File "D:\Quoting Studio\quoting_studio\venv\Lib\site-packages\pymysql\_auth.py", line 121, in _roundtrip
    pkt = conn._read_packet()
          ^^^^^^^^^^^^^^^^^^^
  File "D:\Quoting Studio\quoting_studio\venv\Lib\site-packages\pymysql\connections.py", line 775, in _read_packet
    packet.raise_for_error()
  File "D:\Quoting Studio\quoting_studio\venv\Lib\site-packages\pymysql\protocol.py", line 219, in raise_for_error
    err.raise_mysql_exception(self._data)
  File "D:\Quoting Studio\quoting_studio\venv\Lib\site-packages\pymysql\err.py", line 150, in raise_mysql_exception
    raise errorclass(errno, errval)
sqlalchemy.exc.OperationalError: (pymysql.err.OperationalError) (1045, "Access denied for user 'root'@'localhost' (using password: YES)")
(Background on this error at: https://sqlalche.me/e/20/e3q8)
[2026-08-14 10:12:23] ERROR    auth:81 — DB error checking duplicate email: (pymysql.err.OperationalError) (1045, "Access denied for user 'root'@'localhost' (using password: YES)")
(Background on this error at: https://sqlalche.me/e/20/e3q8)
Traceback (most recent call last):
  File "D:\Quoting Studio\quoting_studio\venv\Lib\site-packages\sqlalchemy\engine\base.py", line 144, in __init__
    self._dbapi_connection = engine.raw_connection()
                             ^^^^^^^^^^^^^^^^^^^^^^^
  File "D:\Quoting Studio\quoting_studio\venv\Lib\site-packages\sqlalchemy\engine\base.py", line 3319, in raw_connection
    return self.pool.connect()
           ^^^^^^^^^^^^^^^^^^^
  File "D:\Quoting Studio\quoting_studio\venv\Lib\site-packages\sqlalchemy\pool\base.py", line 448, in connect
    return _ConnectionFairy._checkout(self)
           ^^^^^^^^^^^^^^^^^^^^^^^^^^^^^^^^
  File "D:\Quoting Studio\quoting_studio\venv\Lib\site-packages\sqlalchemy\pool\base.py", line 1272, in _checkout
    fairy = _ConnectionRecord.checkout(pool)
            ^^^^^^^^^^^^^^^^^^^^^^^^^^^^^^^^
  File "D:\Quoting Studio\quoting_studio\venv\Lib\site-packages\sqlalchemy\pool\base.py", line 712, in checkout
    rec = pool._do_get()
          ^^^^^^^^^^^^^^
  File "D:\Quoting Studio\quoting_studio\venv\Lib\site-packages\sqlalchemy\pool\impl.py", line 178, in _do_get
    with util.safe_reraise():
         ^^^^^^^^^^^^^^^^^^^
  File "D:\Quoting Studio\quoting_studio\venv\Lib\site-packages\sqlalchemy\util\langhelpers.py", line 122, in __exit__
    raise exc_value.with_traceback(exc_tb)
  File "D:\Quoting Studio\quoting_studio\venv\Lib\site-packages\sqlalchemy\pool\impl.py", line 176, in _do_get
    return self._create_connection()
           ^^^^^^^^^^^^^^^^^^^^^^^^^
  File "D:\Quoting Studio\quoting_studio\venv\Lib\site-packages\sqlalchemy\pool\base.py", line 389, in _create_connection
    return _ConnectionRecord(self)
           ^^^^^^^^^^^^^^^^^^^^^^^
  File "D:\Quoting Studio\quoting_studio\venv\Lib\site-packages\sqlalchemy\pool\base.py", line 674, in __init__
    self.__connect()
  File "D:\Quoting Studio\quoting_studio\venv\Lib\site-packages\sqlalchemy\pool\base.py", line 900, in __connect
    with util.safe_reraise():
         ^^^^^^^^^^^^^^^^^^^
  File "D:\Quoting Studio\quoting_studio\venv\Lib\site-packages\sqlalchemy\util\langhelpers.py", line 122, in __exit__
    raise exc_value.with_traceback(exc_tb)
  File "D:\Quoting Studio\quoting_studio\venv\Lib\site-packages\sqlalchemy\pool\base.py", line 896, in __connect
    self.dbapi_connection = connection = pool._invoke_creator(self)
                                         ^^^^^^^^^^^^^^^^^^^^^^^^^^
  File "D:\Quoting Studio\quoting_studio\venv\Lib\site-packages\sqlalchemy\engine\create.py", line 667, in connect
    return dialect.connect(*cargs_tup, **cparams)
           ^^^^^^^^^^^^^^^^^^^^^^^^^^^^^^^^^^^^^^
  File "D:\Quoting Studio\quoting_studio\venv\Lib\site-packages\sqlalchemy\engine\default.py", line 630, in connect
    return self.loaded_dbapi.connect(*cargs, **cparams)  # type: ignore[no-any-return]  # NOQA: E501
           ^^^^^^^^^^^^^^^^^^^^^^^^^^^^^^^^^^^^^^^^^^^^
  File "D:\Quoting Studio\quoting_studio\venv\Lib\site-packages\pymysql\connections.py", line 361, in __init__
    self.connect()
  File "D:\Quoting Studio\quoting_studio\venv\Lib\site-packages\pymysql\connections.py", line 669, in connect
    self._request_authentication()
  File "D:\Quoting Studio\quoting_studio\venv\Lib\site-packages\pymysql\connections.py", line 979, in _request_authentication
    auth_packet = _auth.caching_sha2_password_auth(self, auth_packet)
                  ^^^^^^^^^^^^^^^^^^^^^^^^^^^^^^^^^^^^^^^^^^^^^^^^^^^
  File "D:\Quoting Studio\quoting_studio\venv\Lib\site-packages\pymysql\_auth.py", line 268, in caching_sha2_password_auth
    pkt = _roundtrip(conn, data)
          ^^^^^^^^^^^^^^^^^^^^^^
  File "D:\Quoting Studio\quoting_studio\venv\Lib\site-packages\pymysql\_auth.py", line 121, in _roundtrip
    pkt = conn._read_packet()
          ^^^^^^^^^^^^^^^^^^^
  File "D:\Quoting Studio\quoting_studio\venv\Lib\site-packages\pymysql\connections.py", line 775, in _read_packet
    packet.raise_for_error()
  File "D:\Quoting Studio\quoting_studio\venv\Lib\site-packages\pymysql\protocol.py", line 219, in raise_for_error
    err.raise_mysql_exception(self._data)
  File "D:\Quoting Studio\quoting_studio\venv\Lib\site-packages\pymysql\err.py", line 150, in raise_mysql_exception
    raise errorclass(errno, errval)
pymysql.err.OperationalError: (1045, "Access denied for user 'root'@'localhost' (using password: YES)")

The above exception was the direct cause of the following exception:

Traceback (most recent call last):
  File "D:\Quoting Studio\quoting_studio\app\routes\auth.py", line 78, in register
    if not errors and User.query.filter_by(email=email).first():
                      ^^^^^^^^^^^^^^^^^^^^^^^^^^^^^^^^^^^^^^^^^
  File "D:\Quoting Studio\quoting_studio\venv\Lib\site-packages\sqlalchemy\orm\query.py", line 2766, in first
    return self.limit(1)._iter().first()  # type: ignore
           ^^^^^^^^^^^^^^^^^^^^^
  File "D:\Quoting Studio\quoting_studio\venv\Lib\site-packages\sqlalchemy\orm\query.py", line 2864, in _iter
    result: Union[ScalarResult[_T], Result[_T]] = self.session.execute(
                                                  ^^^^^^^^^^^^^^^^^^^^^
  File "D:\Quoting Studio\quoting_studio\venv\Lib\site-packages\sqlalchemy\orm\session.py", line 2373, in execute
    return self._execute_internal(
           ^^^^^^^^^^^^^^^^^^^^^^^
  File "D:\Quoting Studio\quoting_studio\venv\Lib\site-packages\sqlalchemy\orm\session.py", line 2261, in _execute_internal
    conn = self._connection_for_bind(bind)
           ^^^^^^^^^^^^^^^^^^^^^^^^^^^^^^^
  File "D:\Quoting Studio\quoting_studio\venv\Lib\site-packages\sqlalchemy\orm\session.py", line 2113, in _connection_for_bind
    return trans._connection_for_bind(engine, execution_options)
           ^^^^^^^^^^^^^^^^^^^^^^^^^^^^^^^^^^^^^^^^^^^^^^^^^^^^^
  File "<string>", line 2, in _connection_for_bind
  File "D:\Quoting Studio\quoting_studio\venv\Lib\site-packages\sqlalchemy\orm\state_changes.py", line 137, in _go
    ret_value = fn(self, *arg, **kw)
                ^^^^^^^^^^^^^^^^^^^^
  File "D:\Quoting Studio\quoting_studio\venv\Lib\site-packages\sqlalchemy\orm\session.py", line 1191, in _connection_for_bind
    conn = bind.connect()
           ^^^^^^^^^^^^^^
  File "D:\Quoting Studio\quoting_studio\venv\Lib\site-packages\sqlalchemy\engine\base.py", line 3295, in connect
    return self._connection_cls(self)
           ^^^^^^^^^^^^^^^^^^^^^^^^^^
  File "D:\Quoting Studio\quoting_studio\venv\Lib\site-packages\sqlalchemy\engine\base.py", line 146, in __init__
    Connection._handle_dbapi_exception_noconnection(
  File "D:\Quoting Studio\quoting_studio\venv\Lib\site-packages\sqlalchemy\engine\base.py", line 2450, in _handle_dbapi_exception_noconnection
    raise sqlalchemy_exception.with_traceback(exc_info[2]) from e
  File "D:\Quoting Studio\quoting_studio\venv\Lib\site-packages\sqlalchemy\engine\base.py", line 144, in __init__
    self._dbapi_connection = engine.raw_connection()
                             ^^^^^^^^^^^^^^^^^^^^^^^
  File "D:\Quoting Studio\quoting_studio\venv\Lib\site-packages\sqlalchemy\engine\base.py", line 3319, in raw_connection
    return self.pool.connect()
           ^^^^^^^^^^^^^^^^^^^
  File "D:\Quoting Studio\quoting_studio\venv\Lib\site-packages\sqlalchemy\pool\base.py", line 448, in connect
    return _ConnectionFairy._checkout(self)
           ^^^^^^^^^^^^^^^^^^^^^^^^^^^^^^^^
  File "D:\Quoting Studio\quoting_studio\venv\Lib\site-packages\sqlalchemy\pool\base.py", line 1272, in _checkout
    fairy = _ConnectionRecord.checkout(pool)
            ^^^^^^^^^^^^^^^^^^^^^^^^^^^^^^^^
  File "D:\Quoting Studio\quoting_studio\venv\Lib\site-packages\sqlalchemy\pool\base.py", line 712, in checkout
    rec = pool._do_get()
          ^^^^^^^^^^^^^^
  File "D:\Quoting Studio\quoting_studio\venv\Lib\site-packages\sqlalchemy\pool\impl.py", line 178, in _do_get
    with util.safe_reraise():
         ^^^^^^^^^^^^^^^^^^^
  File "D:\Quoting Studio\quoting_studio\venv\Lib\site-packages\sqlalchemy\util\langhelpers.py", line 122, in __exit__
    raise exc_value.with_traceback(exc_tb)
  File "D:\Quoting Studio\quoting_studio\venv\Lib\site-packages\sqlalchemy\pool\impl.py", line 176, in _do_get
    return self._create_connection()
           ^^^^^^^^^^^^^^^^^^^^^^^^^
  File "D:\Quoting Studio\quoting_studio\venv\Lib\site-packages\sqlalchemy\pool\base.py", line 389, in _create_connection
    return _ConnectionRecord(self)
           ^^^^^^^^^^^^^^^^^^^^^^^
  File "D:\Quoting Studio\quoting_studio\venv\Lib\site-packages\sqlalchemy\pool\base.py", line 674, in __init__
    self.__connect()
  File "D:\Quoting Studio\quoting_studio\venv\Lib\site-packages\sqlalchemy\pool\base.py", line 900, in __connect
    with util.safe_reraise():
         ^^^^^^^^^^^^^^^^^^^
  File "D:\Quoting Studio\quoting_studio\venv\Lib\site-packages\sqlalchemy\util\langhelpers.py", line 122, in __exit__
    raise exc_value.with_traceback(exc_tb)
  File "D:\Quoting Studio\quoting_studio\venv\Lib\site-packages\sqlalchemy\pool\base.py", line 896, in __connect
    self.dbapi_connection = connection = pool._invoke_creator(self)
                                         ^^^^^^^^^^^^^^^^^^^^^^^^^^
  File "D:\Quoting Studio\quoting_studio\venv\Lib\site-packages\sqlalchemy\engine\create.py", line 667, in connect
    return dialect.connect(*cargs_tup, **cparams)
           ^^^^^^^^^^^^^^^^^^^^^^^^^^^^^^^^^^^^^^
  File "D:\Quoting Studio\quoting_studio\venv\Lib\site-packages\sqlalchemy\engine\default.py", line 630, in connect
    return self.loaded_dbapi.connect(*cargs, **cparams)  # type: ignore[no-any-return]  # NOQA: E501
           ^^^^^^^^^^^^^^^^^^^^^^^^^^^^^^^^^^^^^^^^^^^^
  File "D:\Quoting Studio\quoting_studio\venv\Lib\site-packages\pymysql\connections.py", line 361, in __init__
    self.connect()
  File "D:\Quoting Studio\quoting_studio\venv\Lib\site-packages\pymysql\connections.py", line 669, in connect
    self._request_authentication()
  File "D:\Quoting Studio\quoting_studio\venv\Lib\site-packages\pymysql\connections.py", line 979, in _request_authentication
    auth_packet = _auth.caching_sha2_password_auth(self, auth_packet)
                  ^^^^^^^^^^^^^^^^^^^^^^^^^^^^^^^^^^^^^^^^^^^^^^^^^^^
  File "D:\Quoting Studio\quoting_studio\venv\Lib\site-packages\pymysql\_auth.py", line 268, in caching_sha2_password_auth
    pkt = _roundtrip(conn, data)
          ^^^^^^^^^^^^^^^^^^^^^^
  File "D:\Quoting Studio\quoting_studio\venv\Lib\site-packages\pymysql\_auth.py", line 121, in _roundtrip
    pkt = conn._read_packet()
          ^^^^^^^^^^^^^^^^^^^
  File "D:\Quoting Studio\quoting_studio\venv\Lib\site-packages\pymysql\connections.py", line 775, in _read_packet
    packet.raise_for_error()
  File "D:\Quoting Studio\quoting_studio\venv\Lib\site-packages\pymysql\protocol.py", line 219, in raise_for_error
    err.raise_mysql_exception(self._data)
  File "D:\Quoting Studio\quoting_studio\venv\Lib\site-packages\pymysql\err.py", line 150, in raise_mysql_exception
    raise errorclass(errno, errval)
sqlalchemy.exc.OperationalError: (pymysql.err.OperationalError) (1045, "Access denied for user 'root'@'localhost' (using password: YES)")
(Background on this error at: https://sqlalche.me/e/20/e3q8)
[2026-08-14 10:14:11] INFO     logging_config:160 — Quoting Studio — logging initialised (debug=True)
[2026-08-14 10:14:13] INFO     logging_config:160 — Quoting Studio — logging initialised (debug=True)
[2026-08-14 10:14:21] INFO     __init__:96 — 404 Not Found — GET /favicon.ico
[2026-08-14 10:14:39] INFO     auth:32 — Login success: aniket@gmail.com (tenant=1)
[2026-08-14 10:15:19] INFO     projects:37 — Project created: id=17 customer=ABC tenant=1
[2026-08-14 10:15:26] INFO     projects:380 — Unit added: id=42 project=17 type=window tpl=single
[2026-08-14 10:15:48] INFO     v1:302 — Design saved: window=42 panes=1
[2026-08-14 10:15:49] INFO     v1:302 — Design saved: window=42 panes=1
[2026-08-14 10:15:52] INFO     v1:302 — Design saved: window=42 panes=1
[2026-08-14 10:16:00] INFO     v1:302 — Design saved: window=42 panes=2
[2026-08-14 10:16:40] INFO     v1:302 — Design saved: window=42 panes=2
[2026-08-14 10:16:42] INFO     v1:302 — Design saved: window=42 panes=2
[2026-08-14 10:16:44] INFO     v1:302 — Design saved: window=42 panes=2
[2026-08-14 10:16:50] INFO     v1:302 — Design saved: window=42 panes=2
[2026-08-14 10:16:52] INFO     v1:302 — Design saved: window=42 panes=2
[2026-08-14 10:16:54] INFO     v1:302 — Design saved: window=42 panes=2
[2026-08-14 10:16:55] INFO     v1:302 — Design saved: window=42 panes=2
[2026-08-14 10:17:06] INFO     v1:302 — Design saved: window=42 panes=2
[2026-08-14 10:17:10] INFO     v1:302 — Design saved: window=42 panes=3
[2026-08-14 10:17:19] INFO     v1:302 — Design saved: window=42 panes=3
[2026-08-14 10:17:41] INFO     v1:302 — Design saved: window=42 panes=3
[2026-08-14 10:17:41] INFO     v1:302 — Design saved: window=42 panes=3
[2026-08-14 10:17:50] INFO     model3d:63 — FreeCAD 3D OK: fmt=glb bytes=176412
[2026-08-14 10:17:50] INFO     model3d:63 — FreeCAD 3D OK: fmt=stl bytes=435884
[2026-08-14 10:17:50] INFO     v1:241 — 3D export: window=42 fmt=glb method=auto bytes=176412
[2026-08-14 10:17:50] INFO     v1:241 — 3D export: window=42 fmt=stl method=auto bytes=435884
[2026-08-14 10:19:19] INFO     projects:159 — Project updated: id=17
[2026-08-14 10:24:22] INFO     v1:302 — Design saved: window=14 panes=2
[2026-08-14 10:24:24] INFO     v1:302 — Design saved: window=14 panes=2
[2026-08-14 10:24:25] INFO     v1:302 — Design saved: window=14 panes=2
[2026-08-14 10:24:27] INFO     v1:302 — Design saved: window=14 panes=2
[2026-08-14 10:24:29] INFO     v1:302 — Design saved: window=14 panes=2
[2026-08-14 10:24:34] INFO     v1:302 — Design saved: window=14 panes=2
[2026-08-14 10:24:51] INFO     v1:302 — Design saved: window=14 panes=2
[2026-08-14 10:24:53] INFO     v1:302 — Design saved: window=14 panes=2
[2026-08-14 10:25:01] INFO     v1:302 — Design saved: window=14 panes=3
[2026-08-14 10:25:06] INFO     v1:302 — Design saved: window=14 panes=4
[2026-08-14 10:25:10] INFO     v1:302 — Design saved: window=14 panes=4
[2026-08-14 10:25:19] INFO     v1:302 — Design saved: window=14 panes=4
[2026-08-14 10:25:24] INFO     v1:302 — Design saved: window=14 panes=4
[2026-08-14 10:25:26] INFO     v1:302 — Design saved: window=14 panes=4
[2026-08-14 10:25:27] INFO     v1:302 — Design saved: window=14 panes=4
[2026-08-14 10:25:28] INFO     v1:302 — Design saved: window=14 panes=4
[2026-08-14 10:25:36] INFO     v1:302 — Design saved: window=14 panes=4
[2026-08-14 10:25:43] INFO     v1:302 — Design saved: window=14 panes=4
[2026-08-14 10:25:50] INFO     v1:302 — Design saved: window=14 panes=4
[2026-08-14 10:25:50] INFO     v1:302 — Design saved: window=14 panes=4
[2026-08-14 10:25:50] INFO     v1:302 — Design saved: window=14 panes=4
[2026-08-14 10:26:05] INFO     model3d:63 — FreeCAD 3D OK: fmt=stl bytes=435884
[2026-08-14 10:26:05] INFO     v1:241 — 3D export: window=15 fmt=stl method=auto bytes=435884
[2026-08-14 10:27:32] INFO     model3d_assembly:69 — 3D assembly [win=15 sys=None]: head=HD-90(DXF) cill=SL-165(DXF) jamb=JB-67(DXF) mullion=GB-61(DXF) transom=GB-61-T(DXF) sash=TRS-108(DXF)
[2026-08-14 10:27:32] INFO     model3d_assembly:81 — 3D assembly: 6/6 members have real DXF sections
[2026-08-14 10:28:13] INFO     model3d:76 — trimesh assembly OK: fmt=step bytes=3117321
[2026-08-14 10:28:13] INFO     v1:241 — 3D export: window=15 fmt=step method=auto bytes=3117321
[2026-08-14 10:44:03] INFO     v1:302 — Design saved: window=15 panes=1
[2026-08-14 10:44:06] INFO     v1:302 — Design saved: window=15 panes=1
[2026-08-14 10:44:17] INFO     v1:302 — Design saved: window=15 panes=1
[2026-08-14 10:44:17] INFO     v1:302 — Design saved: window=15 panes=1
[2026-08-14 11:17:21] INFO     projects:159 — Project updated: id=17
[2026-08-14 11:57:16] INFO     v1:302 — Design saved: window=14 panes=4
[2026-08-14 11:57:25] INFO     v1:302 — Design saved: window=14 panes=5
[2026-08-14 11:57:26] INFO     v1:302 — Design saved: window=14 panes=7
[2026-08-14 11:57:28] INFO     v1:302 — Design saved: window=14 panes=11
[2026-08-14 11:57:33] INFO     v1:302 — Design saved: window=14 panes=19
[2026-08-14 11:57:46] INFO     v1:302 — Design saved: window=14 panes=19
[2026-08-14 11:58:42] INFO     v1:302 — Design saved: window=14 panes=19
[2026-08-14 11:58:42] INFO     v1:379 — save_render: window=14 saved 99338 bytes -> D:\Quoting Studio\quoting_studio\uploads\renders\window-14.png
[2026-08-14 11:58:42] INFO     v1:302 — Design saved: window=14 panes=19
[2026-08-14 11:58:42] INFO     v1:302 — Design saved: window=14 panes=19
[2026-08-14 11:59:49] INFO     v1:302 — Design saved: window=14 panes=19
[2026-08-14 11:59:50] INFO     v1:379 — save_render: window=14 saved 101636 bytes -> D:\Quoting Studio\quoting_studio\uploads\renders\window-14.png
[2026-08-14 12:00:52] INFO     v1:302 — Design saved: window=14 panes=19
[2026-08-14 12:00:53] INFO     v1:302 — Design saved: window=14 panes=19
[2026-08-14 12:00:54] INFO     v1:302 — Design saved: window=14 panes=19
[2026-08-14 12:01:00] INFO     v1:302 — Design saved: window=14 panes=19
[2026-08-14 12:01:02] INFO     v1:302 — Design saved: window=14 panes=19
[2026-08-14 12:01:02] INFO     v1:302 — Design saved: window=14 panes=19
[2026-08-14 12:01:10] INFO     v1:302 — Design saved: window=15 panes=1
[2026-08-14 12:01:12] INFO     v1:302 — Design saved: window=15 panes=1
[2026-08-14 12:01:13] INFO     v1:302 — Design saved: window=15 panes=1
[2026-08-14 12:01:18] INFO     v1:302 — Design saved: window=15 panes=1
[2026-08-14 12:01:25] INFO     v1:302 — Design saved: window=15 panes=1
[2026-08-14 12:01:26] INFO     cad_export:124 — Advanced DXF built: window=15 1200x1400 → 60591 bytes
[2026-08-14 12:01:26] INFO     v1:150 — DXF export: window=15 bytes=60591
[2026-08-14 12:02:02] INFO     v1:302 — Design saved: window=15 panes=1
[2026-08-14 12:04:31] INFO     v1:302 — Design saved: window=15 panes=1
[2026-08-14 12:09:38] INFO     v1:302 — Design saved: window=15 panes=1
[2026-08-14 12:10:07] INFO     v1:302 — Design saved: window=15 panes=1
[2026-08-14 12:18:21] INFO     logging_config:160 — Quoting Studio — logging initialised (debug=True)
[2026-08-14 12:18:22] INFO     logging_config:160 — Quoting Studio — logging initialised (debug=True)
[2026-08-14 12:18:49] INFO     __init__:96 — 404 Not Found — GET /favicon.ico
[2026-08-14 12:19:00] INFO     auth:32 — Login success: aniket@gmail.com (tenant=1)
[2026-08-14 12:22:16] INFO     projects:380 — Unit added: id=43 project=17 type=door tpl=doorDouble
[2026-08-14 12:46:19] INFO     v1:302 — Design saved: window=15 panes=1
[2026-08-14 12:46:23] INFO     v1:302 — Design saved: window=15 panes=1
[2026-08-14 12:46:48] INFO     v1:302 — Design saved: window=15 panes=1
[2026-08-14 12:46:56] INFO     v1:302 — Design saved: window=15 panes=1
[2026-08-14 12:49:08] INFO     v1:302 — Design saved: window=15 panes=1
[2026-08-14 12:49:12] INFO     v1:302 — Design saved: window=15 panes=1
[2026-08-14 12:49:15] INFO     v1:302 — Design saved: window=15 panes=1
[2026-08-14 12:49:55] INFO     v1:302 — Design saved: window=15 panes=1
[2026-08-14 12:50:20] INFO     v1:302 — Design saved: window=15 panes=1
[2026-08-14 12:51:33] INFO     v1:302 — Design saved: window=15 panes=1
[2026-08-14 12:53:08] INFO     v1:302 — Design saved: window=15 panes=1
[2026-08-14 12:53:16] INFO     v1:302 — Design saved: window=15 panes=1
[2026-08-14 12:53:27] INFO     v1:302 — Design saved: window=15 panes=1
[2026-08-14 12:53:30] INFO     v1:302 — Design saved: window=15 panes=1
[2026-08-14 12:53:40] INFO     v1:302 — Design saved: window=15 panes=1
[2026-08-14 12:53:47] INFO     v1:302 — Design saved: window=15 panes=1
[2026-08-14 12:54:37] INFO     v1:302 — Design saved: window=15 panes=1
[2026-08-14 12:54:57] INFO     v1:302 — Design saved: window=15 panes=1
[2026-08-14 13:55:59] INFO     logging_config:160 — Quoting Studio — logging initialised (debug=True)
[2026-08-14 13:56:01] INFO     logging_config:160 — Quoting Studio — logging initialised (debug=True)
[2026-08-14 13:56:53] INFO     logging_config:160 — Quoting Studio — logging initialised (debug=True)
[2026-08-14 13:56:53] INFO     logging_config:160 — Quoting Studio — logging initialised (debug=True)
[2026-08-14 13:57:35] WARNING  __init__:82 — 400 Bad Request: 400 Bad Request: The CSRF token has expired. — POST /api/v1/windows/15/design
[2026-08-14 13:57:43] WARNING  __init__:82 — 400 Bad Request: 400 Bad Request: The CSRF token has expired. — POST /api/v1/windows/15/design
[2026-08-14 13:59:06] INFO     logging_config:160 — Quoting Studio — logging initialised (debug=True)
[2026-08-14 14:04:36] INFO     logging_config:160 — Quoting Studio — logging initialised (debug=True)
[2026-08-14 14:06:06] INFO     logging_config:160 — Quoting Studio — logging initialised (debug=True)
[2026-08-14 14:06:10] INFO     logging_config:160 — Quoting Studio — logging initialised (debug=True)
[2026-08-14 14:07:34] INFO     logging_config:160 — Quoting Studio — logging initialised (debug=True)
[2026-08-14 14:07:34] INFO     logging_config:160 — Quoting Studio — logging initialised (debug=True)
[2026-08-14 14:07:34] INFO     logging_config:160 — Quoting Studio — logging initialised (debug=True)
[2026-08-14 14:14:24] INFO     logging_config:160 — Quoting Studio — logging initialised (debug=True)
[2026-08-14 14:17:36] INFO     auth:130 — Logout: aniket@gmail.com
[2026-08-14 14:17:36] WARNING  __init__:82 — 400 Bad Request: 400 Bad Request: The CSRF token has expired. — POST /api/v1/windows/15/design
[2026-08-14 14:17:36] WARNING  __init__:82 — 400 Bad Request: 400 Bad Request: The CSRF token has expired. — POST /api/v1/windows/15/design
[2026-08-14 14:17:41] INFO     auth:32 — Login success: aniket@gmail.com (tenant=1)
[2026-08-14 14:18:38] INFO     logging_config:160 — Quoting Studio — logging initialised (debug=True)
[2026-08-14 14:18:38] INFO     logging_config:160 — Quoting Studio — logging initialised (debug=True)
[2026-08-14 14:18:50] INFO     logging_config:160 — Quoting Studio — logging initialised (debug=True)
[2026-08-14 14:22:10] INFO     v1:302 — Design saved: window=15 panes=1
[2026-08-14 14:22:15] INFO     v1:302 — Design saved: window=15 panes=1
[2026-08-14 14:22:18] INFO     v1:302 — Design saved: window=15 panes=1
[2026-08-14 14:22:42] INFO     v1:302 — Design saved: window=15 panes=1
[2026-08-14 14:22:42] INFO     v1:302 — Design saved: window=15 panes=1
[2026-08-14 14:24:52] INFO     logging_config:160 — Quoting Studio — logging initialised (debug=True)
[2026-08-14 14:24:53] INFO     logging_config:160 — Quoting Studio — logging initialised (debug=True)
[2026-08-14 14:25:10] INFO     logging_config:160 — Quoting Studio — logging initialised (debug=True)
[2026-08-14 14:25:10] INFO     logging_config:160 — Quoting Studio — logging initialised (debug=True)
[2026-08-14 14:25:14] INFO     logging_config:160 — Quoting Studio — logging initialised (debug=True)
[2026-08-14 14:31:25] INFO     v1:302 — Design saved: window=43 panes=2
[2026-08-14 14:31:41] INFO     v1:302 — Design saved: window=43 panes=2
[2026-08-14 14:32:48] INFO     v1:302 — Design saved: window=43 panes=2
[2026-08-14 14:34:33] INFO     v1:302 — Design saved: window=43 panes=2
[2026-08-14 14:37:09] INFO     v1:302 — Design saved: window=43 panes=2
[2026-08-14 14:37:09] INFO     v1:302 — Design saved: window=43 panes=2
[2026-08-14 14:39:21] INFO     v1:302 — Design saved: window=34 panes=7
[2026-08-14 14:39:24] INFO     v1:302 — Design saved: window=34 panes=7
[2026-08-14 14:39:41] INFO     v1:302 — Design saved: window=34 panes=7
[2026-08-14 14:40:53] INFO     v1:302 — Design saved: window=34 panes=7
[2026-08-14 14:41:30] INFO     v1:302 — Design saved: window=34 panes=7
[2026-08-14 14:41:53] INFO     v1:302 — Design saved: window=34 panes=7
[2026-08-14 14:41:57] INFO     v1:302 — Design saved: window=34 panes=7
[2026-08-14 14:42:02] INFO     v1:302 — Design saved: window=34 panes=7
[2026-08-14 14:42:36] INFO     v1:302 — Design saved: window=34 panes=7
[2026-08-14 14:42:36] INFO     v1:302 — Design saved: window=34 panes=7
[2026-08-14 16:06:36] WARNING  __init__:82 — 400 Bad Request: 400 Bad Request: The CSRF token has expired. — POST /api/v1/windows/34/design
[2026-08-14 16:06:39] WARNING  __init__:82 — 400 Bad Request: 400 Bad Request: The CSRF token has expired. — POST /api/v1/windows/34/design
[2026-08-14 16:06:43] WARNING  __init__:82 — 400 Bad Request: 400 Bad Request: The CSRF token has expired. — POST /api/v1/windows/34/design
[2026-08-14 16:06:46] WARNING  __init__:82 — 400 Bad Request: 400 Bad Request: The CSRF token has expired. — POST /api/v1/windows/34/design
[2026-08-14 16:06:52] WARNING  __init__:82 — 400 Bad Request: 400 Bad Request: The CSRF token has expired. — POST /api/v1/windows/34/design
[2026-08-14 16:06:55] WARNING  __init__:82 — 400 Bad Request: 400 Bad Request: The CSRF token has expired. — POST /api/v1/windows/34/design
[2026-08-14 16:06:58] WARNING  __init__:82 — 400 Bad Request: 400 Bad Request: The CSRF token has expired. — POST /api/v1/windows/34/design
[2026-08-14 16:08:02] WARNING  __init__:82 — 400 Bad Request: 400 Bad Request: The CSRF token has expired. — POST /api/v1/windows/34/design
[2026-08-14 16:09:08] WARNING  __init__:82 — 400 Bad Request: 400 Bad Request: The CSRF token has expired. — POST /api/v1/windows/34/design
[2026-08-14 16:09:35] WARNING  __init__:82 — 400 Bad Request: 400 Bad Request: The CSRF token has expired. — POST /api/v1/windows/34/design
[2026-08-14 16:12:12] WARNING  __init__:82 — 400 Bad Request: 400 Bad Request: The CSRF token has expired. — POST /api/v1/windows/34/design
[2026-08-14 16:12:12] WARNING  __init__:82 — 400 Bad Request: 400 Bad Request: The CSRF token has expired. — POST /api/v1/windows/34/design
[2026-08-14 16:23:12] INFO     logging_config:160 — Quoting Studio — logging initialised (debug=True)
[2026-08-14 16:23:17] INFO     logging_config:160 — Quoting Studio — logging initialised (debug=True)
[2026-08-14 16:23:23] INFO     auth:130 — Logout: aniket@gmail.com
[2026-08-14 16:23:27] INFO     auth:32 — Login success: aniket@gmail.com (tenant=1)
[2026-08-14 16:23:54] INFO     v1:302 — Design saved: window=14 panes=19
[2026-08-14 16:23:57] INFO     v1:302 — Design saved: window=14 panes=19
[2026-08-14 16:32:44] INFO     logging_config:160 — Quoting Studio — logging initialised (debug=True)
[2026-08-14 16:32:46] INFO     logging_config:160 — Quoting Studio — logging initialised (debug=True)
[2026-08-14 16:33:19] INFO     v1:302 — Design saved: window=14 panes=19
[2026-08-14 16:33:20] INFO     v1:302 — Design saved: window=14 panes=19
[2026-08-14 16:33:21] INFO     v1:302 — Design saved: window=14 panes=19
[2026-08-14 16:33:30] INFO     v1:302 — Design saved: window=14 panes=19
[2026-08-14 16:33:30] INFO     v1:302 — Design saved: window=14 panes=19
[2026-08-14 16:33:45] INFO     projects:37 — Project created: id=18 customer=ABC tenant=1
[2026-08-14 16:34:02] INFO     projects:380 — Unit added: id=44 project=18 type=door tpl=doorDouble
[2026-08-14 16:34:13] INFO     v1:302 — Design saved: window=44 panes=2
[2026-08-14 16:34:14] INFO     v1:302 — Design saved: window=44 panes=2
[2026-08-14 16:34:15] INFO     v1:302 — Design saved: window=44 panes=2
[2026-08-14 16:34:24] INFO     v1:302 — Design saved: window=44 panes=2
[2026-08-14 16:34:38] INFO     v1:302 — Design saved: window=44 panes=2
[2026-08-14 16:35:08] INFO     v1:302 — Design saved: window=44 panes=2
[2026-08-14 16:37:02] INFO     v1:302 — Design saved: window=44 panes=2
[2026-08-14 16:44:10] INFO     v1:302 — Design saved: window=44 panes=2
[2026-08-14 16:44:45] INFO     v1:302 — Design saved: window=44 panes=2
[2026-08-14 16:44:48] INFO     v1:302 — Design saved: window=44 panes=2
[2026-08-14 16:45:22] INFO     v1:302 — Design saved: window=44 panes=2
[2026-08-14 16:45:29] INFO     v1:302 — Design saved: window=44 panes=2
[2026-08-14 16:45:37] INFO     v1:302 — Design saved: window=44 panes=2
[2026-08-14 16:45:53] INFO     v1:302 — Design saved: window=44 panes=2
[2026-08-14 16:45:56] INFO     v1:302 — Design saved: window=44 panes=2
[2026-08-14 16:46:18] INFO     v1:302 — Design saved: window=44 panes=2
[2026-08-14 16:47:54] INFO     v1:302 — Design saved: window=44 panes=2
[2026-08-14 16:49:27] INFO     v1:302 — Design saved: window=44 panes=2
[2026-08-14 16:49:28] INFO     v1:379 — save_render: window=44 saved 46292 bytes -> D:\Quoting Studio\quoting_studio\uploads\renders\window-44.png
[2026-08-14 16:49:28] INFO     v1:302 — Design saved: window=44 panes=2
[2026-08-14 16:49:28] INFO     v1:302 — Design saved: window=44 panes=2
[2026-08-14 16:50:02] INFO     model3d:63 — FreeCAD 3D OK: fmt=glb bytes=391620
[2026-08-14 16:50:02] INFO     v1:241 — 3D export: window=44 fmt=glb method=auto bytes=391620
[2026-08-14 16:51:46] INFO     model3d:63 — FreeCAD 3D OK: fmt=glb bytes=107468
[2026-08-14 16:51:46] INFO     v1:241 — 3D export: window=15 fmt=glb method=auto bytes=107468
[2026-08-14 16:52:13] INFO     model3d_assembly:69 — 3D assembly [win=15 sys=1]: head=HD-90(DXF) cill=LB-DOOR(DXF) jamb=JB-67(DXF) mullion=PART-GLS(DXF) transom=SUP-STD(DXF) sash=MS-83(DXF)
[2026-08-14 16:52:13] INFO     model3d_assembly:81 — 3D assembly: 4/4 members have real DXF sections
[2026-08-14 16:52:58] INFO     model3d:76 — trimesh assembly OK: fmt=step bytes=2142528
[2026-08-14 16:52:58] INFO     v1:241 — 3D export: window=15 fmt=step method=auto bytes=2142528
[2026-08-14 16:57:56] INFO     projects:205 — Project deleted: id=17 tenant=1
[2026-08-14 16:58:12] WARNING  projects:410 — Project not found or access denied: id=17 tenant=1
[2026-08-14 16:58:12] ERROR    projects:73 — Error loading project detail id=17: 404 Not Found: The requested URL was not found on the server. If you entered the URL manually please check your spelling and try again.
Traceback (most recent call last):
  File "D:\Quoting Studio\quoting_studio\app\routes\projects.py", line 62, in detail
    project = _own_project(project_id)
              ^^^^^^^^^^^^^^^^^^^^^^^^
  File "D:\Quoting Studio\quoting_studio\app\routes\projects.py", line 412, in _own_project
    abort(404)
  File "D:\Quoting Studio\quoting_studio\venv\Lib\site-packages\flask\helpers.py", line 272, in abort
    current_app.aborter(code, *args, **kwargs)
  File "D:\Quoting Studio\quoting_studio\venv\Lib\site-packages\werkzeug\exceptions.py", line 863, in __call__
    raise self.mapping[code](*args, **kwargs)
werkzeug.exceptions.NotFound: 404 Not Found: The requested URL was not found on the server. If you entered the URL manually please check your spelling and try again.
[2026-08-14 16:58:24] INFO     projects:205 — Project deleted: id=18 tenant=1
[2026-08-14 16:58:52] INFO     projects:37 — Project created: id=19 customer=J. Hawood tenant=1
[2026-08-14 16:59:11] INFO     projects:380 — Unit added: id=45 project=19 type=window tpl=casement2
[2026-08-14 16:59:16] INFO     v1:302 — Design saved: window=45 panes=2
[2026-08-14 16:59:18] INFO     v1:302 — Design saved: window=45 panes=2
[2026-08-14 16:59:19] INFO     v1:302 — Design saved: window=45 panes=2
[2026-08-14 16:59:20] INFO     v1:302 — Design saved: window=45 panes=2
[2026-08-14 16:59:25] INFO     v1:302 — Design saved: window=45 panes=2
[2026-08-14 16:59:27] INFO     v1:302 — Design saved: window=45 panes=2
[2026-08-14 16:59:30] INFO     v1:302 — Design saved: window=45 panes=2
[2026-08-14 16:59:33] INFO     v1:302 — Design saved: window=45 panes=2
[2026-08-14 16:59:36] INFO     v1:302 — Design saved: window=45 panes=2
[2026-08-14 16:59:40] INFO     v1:302 — Design saved: window=45 panes=2
[2026-08-14 16:59:43] INFO     v1:302 — Design saved: window=45 panes=2
[2026-08-14 16:59:53] INFO     v1:302 — Design saved: window=45 panes=2
[2026-08-14 16:59:57] INFO     v1:302 — Design saved: window=45 panes=2
[2026-08-14 17:00:01] INFO     v1:302 — Design saved: window=45 panes=2
[2026-08-14 17:00:04] INFO     v1:302 — Design saved: window=45 panes=2
[2026-08-14 17:00:16] INFO     v1:302 — Design saved: window=45 panes=2
[2026-08-14 17:00:34] INFO     v1:302 — Design saved: window=45 panes=2
[2026-08-14 17:00:36] INFO     v1:302 — Design saved: window=45 panes=2
[2026-08-14 17:00:37] INFO     v1:302 — Design saved: window=45 panes=2
[2026-08-14 17:00:38] INFO     v1:302 — Design saved: window=45 panes=2
[2026-08-14 17:00:43] INFO     v1:302 — Design saved: window=45 panes=2
[2026-08-14 17:00:44] INFO     v1:302 — Design saved: window=45 panes=2
[2026-08-14 17:00:46] INFO     v1:302 — Design saved: window=45 panes=2
[2026-08-14 17:00:48] INFO     v1:302 — Design saved: window=45 panes=2
[2026-08-14 17:00:49] INFO     v1:302 — Design saved: window=45 panes=2
[2026-08-14 17:00:50] INFO     v1:302 — Design saved: window=45 panes=2
[2026-08-14 17:01:05] INFO     v1:302 — Design saved: window=45 panes=2
[2026-08-14 17:01:44] INFO     v1:302 — Design saved: window=45 panes=2
[2026-08-14 17:01:55] INFO     v1:302 — Design saved: window=45 panes=2
[2026-08-14 17:02:03] INFO     v1:302 — Design saved: window=45 panes=2
[2026-08-14 17:03:14] INFO     v1:302 — Design saved: window=45 panes=2
[2026-08-14 17:03:16] INFO     v1:302 — Design saved: window=45 panes=2
[2026-08-14 17:03:22] INFO     v1:302 — Design saved: window=45 panes=2
[2026-08-14 17:03:25] INFO     v1:302 — Design saved: window=45 panes=2
[2026-08-14 17:05:00] INFO     v1:302 — Design saved: window=45 panes=2
[2026-08-14 17:07:24] INFO     v1:302 — Design saved: window=45 panes=2
[2026-08-14 17:11:44] INFO     v1:302 — Design saved: window=45 panes=2
[2026-08-14 17:11:52] INFO     v1:302 — Design saved: window=45 panes=2
[2026-08-14 17:12:17] INFO     v1:302 — Design saved: window=45 panes=2
[2026-08-14 17:12:36] INFO     v1:302 — Design saved: window=45 panes=2
[2026-08-14 17:12:47] INFO     v1:302 — Design saved: window=45 panes=2
[2026-08-14 17:12:50] INFO     v1:302 — Design saved: window=45 panes=2
[2026-08-14 17:12:54] INFO     v1:302 — Design saved: window=45 panes=3
[2026-08-14 17:12:59] INFO     v1:302 — Design saved: window=45 panes=3
[2026-08-14 17:13:01] INFO     v1:302 — Design saved: window=45 panes=3
[2026-08-14 17:13:26] INFO     v1:302 — Design saved: window=45 panes=3
[2026-08-14 17:13:29] INFO     v1:302 — Design saved: window=45 panes=3
[2026-08-14 17:13:32] INFO     v1:302 — Design saved: window=45 panes=3
[2026-08-14 17:13:54] INFO     v1:302 — Design saved: window=45 panes=3
[2026-08-14 17:13:58] INFO     v1:302 — Design saved: window=45 panes=3
[2026-08-14 17:15:03] INFO     v1:302 — Design saved: window=45 panes=1
[2026-08-14 17:15:06] INFO     v1:302 — Design saved: window=45 panes=2
[2026-08-14 17:15:16] INFO     v1:302 — Design saved: window=45 panes=3
[2026-08-14 17:15:44] INFO     v1:302 — Design saved: window=45 panes=3
[2026-08-14 17:15:44] INFO     v1:379 — save_render: window=45 saved 118982 bytes -> D:\Quoting Studio\quoting_studio\uploads\renders\window-45.png
[2026-08-14 17:15:44] INFO     v1:302 — Design saved: window=45 panes=3
[2026-08-14 17:15:44] INFO     v1:302 — Design saved: window=45 panes=3
[2026-08-14 17:17:20] INFO     model3d:63 — FreeCAD 3D OK: fmt=glb bytes=176404
[2026-08-14 17:17:20] INFO     v1:241 — 3D export: window=45 fmt=glb method=auto bytes=176404
[2026-08-14 17:24:19] INFO     v1:302 — Design saved: window=45 panes=3
[2026-08-14 17:25:27] INFO     v1:302 — Design saved: window=45 panes=3
[2026-08-14 17:25:27] INFO     v1:302 — Design saved: window=45 panes=3
[2026-08-14 17:26:11] INFO     __init__:96 — 404 Not Found — GET /favicon.ico
[2026-08-14 17:26:18] INFO     auth:32 — Login success: aniket@gmail.com (tenant=1)
[2026-08-14 17:26:47] INFO     v1:302 — Design saved: window=14 panes=21
[2026-08-14 17:26:50] INFO     v1:302 — Design saved: window=14 panes=22
[2026-08-14 17:26:55] INFO     v1:302 — Design saved: window=14 panes=35
[2026-08-14 17:26:56] INFO     v1:302 — Design saved: window=14 panes=35
[2026-08-14 17:27:35] INFO     v1:302 — Design saved: window=14 panes=35
[2026-08-14 17:28:12] INFO     v1:302 — Design saved: window=14 panes=35
[2026-08-14 17:28:21] INFO     v1:302 — Design saved: window=14 panes=35
[2026-08-14 17:29:07] INFO     v1:302 — Design saved: window=14 panes=35
[2026-08-14 17:29:25] INFO     v1:302 — Design saved: window=14 panes=35
[2026-08-14 17:29:26] INFO     v1:302 — Design saved: window=14 panes=35
[2026-08-14 17:29:27] INFO     v1:302 — Design saved: window=14 panes=35
[2026-08-14 17:29:29] INFO     v1:302 — Design saved: window=14 panes=35
[2026-08-14 17:30:40] INFO     v1:302 — Design saved: window=14 panes=35
[2026-08-14 17:30:41] INFO     v1:302 — Design saved: window=14 panes=35
[2026-08-14 17:30:42] INFO     v1:302 — Design saved: window=14 panes=35
[2026-08-14 17:30:43] INFO     v1:302 — Design saved: window=14 panes=35
[2026-08-14 17:30:45] INFO     v1:302 — Design saved: window=14 panes=35
[2026-08-14 17:30:46] INFO     v1:302 — Design saved: window=14 panes=35
[2026-08-14 17:30:48] INFO     v1:302 — Design saved: window=14 panes=35
[2026-08-14 17:31:07] INFO     v1:302 — Design saved: window=14 panes=35
[2026-08-14 17:31:14] INFO     v1:302 — Design saved: window=14 panes=35
[2026-08-14 17:31:18] INFO     v1:302 — Design saved: window=14 panes=35
[2026-08-14 17:31:42] INFO     v1:302 — Design saved: window=14 panes=35
[2026-08-14 17:31:43] INFO     v1:302 — Design saved: window=14 panes=35
[2026-08-14 17:31:45] INFO     v1:302 — Design saved: window=14 panes=35
[2026-08-14 17:31:46] INFO     v1:302 — Design saved: window=14 panes=35
[2026-08-14 17:31:56] INFO     v1:302 — Design saved: window=14 panes=35
[2026-08-14 17:32:11] INFO     v1:302 — Design saved: window=14 panes=35
[2026-08-14 17:32:34] INFO     v1:302 — Design saved: window=14 panes=35
[2026-08-14 17:32:34] INFO     v1:302 — Design saved: window=14 panes=35
[2026-08-14 17:33:27] INFO     logging_config:160 — Quoting Studio — logging initialised (debug=True)
[2026-08-14 17:33:29] INFO     logging_config:160 — Quoting Studio — logging initialised (debug=True)
[2026-08-14 17:33:39] INFO     __init__:96 — 404 Not Found — GET /favicon.ico
[2026-08-14 17:33:44] INFO     auth:32 — Login success: aniket@gmail.com (tenant=1)
[2026-08-14 17:34:05] INFO     v1:302 — Design saved: window=15 panes=1
[2026-08-14 17:34:06] INFO     v1:302 — Design saved: window=15 panes=1
[2026-08-14 17:35:50] INFO     v1:302 — Design saved: window=15 panes=1
[2026-08-14 17:36:01] INFO     v1:302 — Design saved: window=15 panes=1
[2026-08-14 17:36:28] INFO     v1:302 — Design saved: window=15 panes=1
[2026-08-14 17:36:58] INFO     v1:302 — Design saved: window=15 panes=1
[2026-08-14 17:40:32] INFO     v1:302 — Design saved: window=15 panes=1
[2026-08-14 17:45:02] INFO     v1:302 — Design saved: window=15 panes=1
[2026-08-14 17:56:45] INFO     v1:302 — Design saved: window=15 panes=1
[2026-08-14 17:57:31] INFO     v1:302 — Design saved: window=15 panes=1
[2026-08-14 18:09:41] INFO     v1:302 — Design saved: window=15 panes=1
[2026-08-14 18:09:50] INFO     v1:302 — Design saved: window=15 panes=1
[2026-08-14 18:10:14] INFO     v1:302 — Design saved: window=15 panes=2
[2026-08-14 18:10:16] INFO     v1:302 — Design saved: window=15 panes=3
[2026-08-14 18:10:18] INFO     v1:302 — Design saved: window=15 panes=4
[2026-08-14 18:10:19] INFO     v1:302 — Design saved: window=15 panes=5
[2026-08-14 18:10:22] INFO     v1:302 — Design saved: window=15 panes=5
[2026-08-14 18:10:25] INFO     v1:302 — Design saved: window=15 panes=5
[2026-08-14 18:10:26] INFO     v1:302 — Design saved: window=15 panes=5
[2026-08-14 18:10:28] INFO     v1:302 — Design saved: window=15 panes=5
[2026-08-14 18:10:39] INFO     v1:302 — Design saved: window=15 panes=5
[2026-08-14 18:10:40] INFO     v1:302 — Design saved: window=15 panes=5
[2026-08-14 18:11:36] INFO     v1:302 — Design saved: window=15 panes=5
[2026-08-14 18:11:44] INFO     v1:302 — Design saved: window=15 panes=5
[2026-08-14 18:11:45] INFO     v1:302 — Design saved: window=15 panes=5
[2026-08-14 18:11:45] INFO     v1:302 — Design saved: window=15 panes=5
[2026-08-14 18:12:09] INFO     v1:302 — Design saved: window=15 panes=5
[2026-08-14 18:12:10] INFO     v1:302 — Design saved: window=15 panes=5
[2026-08-14 18:12:12] INFO     v1:302 — Design saved: window=15 panes=5
[2026-08-14 18:12:37] INFO     v1:302 — Design saved: window=15 panes=5
[2026-08-14 18:13:20] INFO     v1:302 — Design saved: window=15 panes=5
[2026-08-14 18:14:08] INFO     v1:302 — Design saved: window=15 panes=5
[2026-08-14 18:15:21] INFO     v1:302 — Design saved: window=15 panes=5
[2026-08-14 18:15:28] INFO     v1:302 — Design saved: window=15 panes=5
[2026-08-14 18:15:45] INFO     v1:302 — Design saved: window=15 panes=5
[2026-08-14 18:15:51] INFO     v1:302 — Design saved: window=15 panes=5
[2026-08-14 18:15:58] INFO     v1:302 — Design saved: window=15 panes=5
[2026-08-14 18:15:59] INFO     v1:302 — Design saved: window=15 panes=5
[2026-08-14 18:16:01] INFO     v1:302 — Design saved: window=15 panes=5
[2026-08-14 18:16:04] INFO     v1:302 — Design saved: window=15 panes=5
[2026-08-14 18:16:07] INFO     v1:302 — Design saved: window=15 panes=5
[2026-08-14 18:16:14] INFO     v1:302 — Design saved: window=15 panes=5
[2026-08-14 18:16:44] INFO     v1:302 — Design saved: window=15 panes=5
[2026-08-14 18:16:53] INFO     v1:302 — Design saved: window=15 panes=6
[2026-08-14 18:16:56] INFO     v1:302 — Design saved: window=15 panes=9
[2026-08-14 18:17:00] INFO     v1:302 — Design saved: window=15 panes=10
[2026-08-14 18:17:01] INFO     v1:302 — Design saved: window=15 panes=11
[2026-08-14 18:17:08] INFO     v1:302 — Design saved: window=15 panes=11
[2026-08-14 18:18:33] INFO     v1:302 — Design saved: window=15 panes=11
[2026-08-14 18:22:36] INFO     v1:302 — Design saved: window=15 panes=11
[2026-08-14 18:25:42] INFO     v1:302 — Design saved: window=15 panes=11
[2026-08-14 18:25:59] INFO     v1:302 — Design saved: window=15 panes=11
[2026-08-14 18:26:21] INFO     v1:302 — Design saved: window=15 panes=11
[2026-08-14 18:26:23] INFO     v1:302 — Design saved: window=15 panes=11
[2026-08-14 18:29:09] INFO     v1:302 — Design saved: window=15 panes=11
[2026-08-14 18:29:23] INFO     v1:302 — Design saved: window=15 panes=11
[2026-08-14 18:29:29] INFO     v1:302 — Design saved: window=15 panes=11
[2026-08-14 18:29:35] INFO     v1:302 — Design saved: window=15 panes=11
[2026-08-14 18:29:39] INFO     v1:302 — Design saved: window=15 panes=11
[2026-08-14 18:29:45] INFO     v1:302 — Design saved: window=15 panes=11
[2026-08-14 18:29:51] INFO     v1:302 — Design saved: window=15 panes=11
[2026-08-14 18:29:55] INFO     v1:302 — Design saved: window=15 panes=11
[2026-08-14 18:29:55] INFO     v1:302 — Design saved: window=15 panes=11
[2026-08-14 18:30:03] INFO     v1:302 — Design saved: window=15 panes=11
[2026-08-14 18:30:08] INFO     v1:302 — Design saved: window=15 panes=11
[2026-08-14 18:30:11] INFO     v1:302 — Design saved: window=15 panes=11
[2026-08-14 18:30:14] INFO     v1:302 — Design saved: window=15 panes=11
[2026-08-14 18:30:16] INFO     v1:302 — Design saved: window=15 panes=11
[2026-08-14 18:30:21] INFO     v1:302 — Design saved: window=15 panes=11
[2026-08-14 18:30:29] INFO     v1:302 — Design saved: window=15 panes=11
[2026-08-14 18:30:43] INFO     logging_config:160 — Quoting Studio — logging initialised (debug=True)
[2026-08-14 18:31:28] INFO     v1:302 — Design saved: window=15 panes=11
[2026-08-14 18:31:50] INFO     v1:302 — Design saved: window=15 panes=11
[2026-08-14 18:32:14] INFO     v1:302 — Design saved: window=15 panes=11
[2026-08-14 18:32:14] INFO     v1:302 — Design saved: window=15 panes=11
[2026-08-17 10:01:05] INFO     logging_config:160 — Quoting Studio — logging initialised (debug=True)
[2026-08-17 10:01:10] INFO     logging_config:160 — Quoting Studio — logging initialised (debug=True)
[2026-08-17 10:01:17] INFO     __init__:96 — 404 Not Found — GET /favicon.ico
[2026-08-17 10:01:22] INFO     auth:32 — Login success: aniket@gmail.com (tenant=1)
[2026-08-17 10:02:00] INFO     projects:37 — Project created: id=20 customer=Mr harwad tenant=1
[2026-08-17 10:02:04] INFO     projects:380 — Unit added: id=46 project=20 type=window tpl=double
[2026-08-17 10:02:15] INFO     v1:302 — Design saved: window=46 panes=2
[2026-08-17 10:02:16] INFO     v1:302 — Design saved: window=46 panes=2
[2026-08-17 10:02:17] INFO     v1:302 — Design saved: window=46 panes=2
[2026-08-17 10:02:19] INFO     v1:302 — Design saved: window=46 panes=2
[2026-08-17 10:02:24] INFO     v1:302 — Design saved: window=46 panes=2
[2026-08-17 10:20:17] INFO     logging_config:160 — Quoting Studio — logging initialised (debug=True)
[2026-08-17 10:20:21] INFO     logging_config:160 — Quoting Studio — logging initialised (debug=True)
[2026-08-17 10:20:38] INFO     projects:380 — Unit added: id=47 project=20 type=window tpl=double
[2026-08-17 10:33:13] INFO     v1:302 — Design saved: window=47 panes=2
[2026-08-17 10:33:15] INFO     v1:302 — Design saved: window=47 panes=2
[2026-08-17 10:33:17] INFO     v1:302 — Design saved: window=47 panes=2
[2026-08-17 10:33:51] INFO     v1:302 — Design saved: window=47 panes=2
[2026-08-17 10:34:25] INFO     v1:302 — Design saved: window=47 panes=2
[2026-08-17 10:34:29] INFO     v1:302 — Design saved: window=47 panes=2
[2026-08-17 10:34:33] INFO     v1:302 — Design saved: window=47 panes=2
[2026-08-17 10:34:40] INFO     v1:302 — Design saved: window=47 panes=2
[2026-08-17 10:34:45] INFO     v1:302 — Design saved: window=47 panes=2
[2026-08-17 10:35:53] INFO     v1:302 — Design saved: window=47 panes=2
[2026-08-17 10:36:27] INFO     v1:302 — Design saved: window=47 panes=2
[2026-08-17 10:37:16] INFO     v1:302 — Design saved: window=47 panes=2
[2026-08-17 10:37:16] INFO     v1:302 — Design saved: window=47 panes=2
[2026-08-17 10:39:37] INFO     v1:302 — Design saved: window=47 panes=2
[2026-08-17 10:39:38] INFO     v1:302 — Design saved: window=47 panes=2
[2026-08-17 10:39:39] INFO     v1:302 — Design saved: window=47 panes=2
[2026-08-17 10:39:49] INFO     v1:302 — Design saved: window=47 panes=2
[2026-08-17 10:40:05] INFO     v1:302 — Design saved: window=47 panes=2
[2026-08-17 10:40:40] INFO     v1:302 — Design saved: window=47 panes=2
[2026-08-17 10:40:51] INFO     v1:302 — Design saved: window=47 panes=2
[2026-08-17 10:42:07] INFO     v1:302 — Design saved: window=47 panes=2
[2026-08-17 10:42:26] INFO     v1:302 — Design saved: window=47 panes=2
[2026-08-17 10:42:35] INFO     v1:302 — Design saved: window=47 panes=2
[2026-08-17 10:43:25] INFO     v1:302 — Design saved: window=47 panes=2
[2026-08-17 10:43:27] INFO     v1:302 — Design saved: window=47 panes=2
[2026-08-17 10:43:27] INFO     v1:302 — Design saved: window=47 panes=2
[2026-08-17 10:43:51] INFO     v1:302 — Design saved: window=47 panes=2
[2026-08-17 10:48:15] INFO     v1:302 — Design saved: window=47 panes=2
[2026-08-17 10:48:16] INFO     v1:302 — Design saved: window=47 panes=2
[2026-08-17 10:48:19] INFO     v1:302 — Design saved: window=47 panes=2
[2026-08-17 10:48:20] INFO     v1:302 — Design saved: window=47 panes=2
[2026-08-17 10:48:23] INFO     v1:302 — Design saved: window=47 panes=2
[2026-08-17 10:48:24] INFO     v1:302 — Design saved: window=47 panes=2
[2026-08-17 10:48:26] INFO     v1:302 — Design saved: window=47 panes=2
[2026-08-17 10:48:29] INFO     v1:302 — Design saved: window=47 panes=2
[2026-08-17 10:48:32] INFO     v1:302 — Design saved: window=47 panes=2
[2026-08-17 10:48:35] INFO     v1:302 — Design saved: window=47 panes=2
[2026-08-17 10:49:10] INFO     v1:302 — Design saved: window=47 panes=2
[2026-08-17 10:51:16] INFO     v1:302 — Design saved: window=47 panes=2
[2026-08-17 10:53:14] INFO     v1:302 — Design saved: window=47 panes=2
[2026-08-17 10:53:14] INFO     v1:302 — Design saved: window=47 panes=2
[2026-08-17 10:54:02] INFO     v1:302 — Design saved: window=47 panes=2
[2026-08-17 10:54:08] INFO     v1:302 — Design saved: window=47 panes=2
[2026-08-17 10:54:17] INFO     v1:302 — Design saved: window=47 panes=2
[2026-08-17 10:54:45] INFO     v1:302 — Design saved: window=47 panes=2
[2026-08-17 10:54:53] INFO     v1:302 — Design saved: window=47 panes=2
[2026-08-17 10:55:00] INFO     v1:302 — Design saved: window=47 panes=2
[2026-08-17 10:55:07] INFO     v1:302 — Design saved: window=47 panes=2
[2026-08-17 10:55:23] INFO     v1:302 — Design saved: window=47 panes=2
[2026-08-17 10:55:35] INFO     v1:302 — Design saved: window=47 panes=2
[2026-08-17 10:57:10] INFO     v1:302 — Design saved: window=47 panes=2
[2026-08-17 10:59:05] INFO     v1:302 — Design saved: window=47 panes=2
[2026-08-17 10:59:09] INFO     v1:302 — Design saved: window=47 panes=2
[2026-08-17 11:05:57] INFO     logging_config:160 — Quoting Studio — logging initialised (debug=True)
[2026-08-17 11:05:58] INFO     logging_config:160 — Quoting Studio — logging initialised (debug=True)
[2026-08-17 11:06:19] INFO     v1:302 — Design saved: window=47 panes=2
[2026-08-17 11:06:49] INFO     v1:302 — Design saved: window=47 panes=2
[2026-08-17 11:07:13] INFO     v1:302 — Design saved: window=47 panes=2
[2026-08-17 11:07:35] INFO     v1:302 — Design saved: window=47 panes=2
[2026-08-17 11:08:04] INFO     v1:302 — Design saved: window=47 panes=2
[2026-08-17 11:08:10] INFO     v1:302 — Design saved: window=47 panes=2
[2026-08-17 11:13:21] INFO     v1:302 — Design saved: window=47 panes=2
[2026-08-17 11:13:35] INFO     v1:302 — Design saved: window=47 panes=2
[2026-08-17 11:13:40] INFO     v1:302 — Design saved: window=47 panes=2
[2026-08-17 11:13:48] INFO     v1:302 — Design saved: window=47 panes=2
[2026-08-17 11:13:52] INFO     v1:302 — Design saved: window=47 panes=2
[2026-08-17 11:13:57] INFO     v1:302 — Design saved: window=47 panes=2
[2026-08-17 11:14:05] INFO     v1:302 — Design saved: window=47 panes=2
[2026-08-17 11:14:06] INFO     v1:302 — Design saved: window=47 panes=2
[2026-08-17 11:14:10] INFO     v1:302 — Design saved: window=47 panes=2
[2026-08-17 11:14:15] INFO     v1:302 — Design saved: window=47 panes=2
[2026-08-17 11:14:18] INFO     v1:302 — Design saved: window=47 panes=2
[2026-08-17 11:14:22] INFO     v1:302 — Design saved: window=47 panes=2
[2026-08-17 11:14:24] INFO     v1:302 — Design saved: window=47 panes=2
[2026-08-17 11:14:28] INFO     v1:302 — Design saved: window=47 panes=2
[2026-08-17 11:14:31] INFO     v1:302 — Design saved: window=47 panes=2
[2026-08-17 11:14:34] INFO     v1:302 — Design saved: window=47 panes=2
[2026-08-17 11:14:37] INFO     v1:302 — Design saved: window=47 panes=2
[2026-08-17 11:14:45] INFO     v1:302 — Design saved: window=47 panes=2
[2026-08-17 11:14:54] INFO     v1:302 — Design saved: window=47 panes=2
[2026-08-17 11:14:59] INFO     v1:302 — Design saved: window=47 panes=2
[2026-08-17 11:14:59] INFO     v1:302 — Design saved: window=47 panes=2
[2026-08-17 11:15:02] INFO     v1:302 — Design saved: window=47 panes=2
[2026-08-17 11:15:04] INFO     v1:302 — Design saved: window=47 panes=2
[2026-08-17 11:15:06] INFO     v1:302 — Design saved: window=47 panes=2
[2026-08-17 11:15:08] INFO     v1:302 — Design saved: window=47 panes=2
[2026-08-17 11:15:11] INFO     v1:302 — Design saved: window=47 panes=3
[2026-08-17 11:15:12] INFO     v1:302 — Design saved: window=47 panes=4
[2026-08-17 11:15:15] INFO     v1:302 — Design saved: window=47 panes=5
[2026-08-17 11:15:18] INFO     v1:302 — Design saved: window=47 panes=5
[2026-08-17 11:15:20] INFO     v1:302 — Design saved: window=47 panes=5
[2026-08-17 11:15:28] INFO     v1:302 — Design saved: window=47 panes=5
[2026-08-17 11:15:37] INFO     v1:302 — Design saved: window=47 panes=5
[2026-08-17 11:15:38] INFO     v1:302 — Design saved: window=47 panes=5
[2026-08-17 11:15:40] INFO     v1:302 — Design saved: window=47 panes=5
[2026-08-17 11:15:41] INFO     v1:302 — Design saved: window=47 panes=5
[2026-08-17 11:16:01] INFO     v1:302 — Design saved: window=47 panes=5
[2026-08-17 11:16:11] INFO     v1:302 — Design saved: window=47 panes=5
[2026-08-17 11:16:14] INFO     v1:302 — Design saved: window=47 panes=5
[2026-08-17 11:17:01] INFO     v1:302 — Design saved: window=47 panes=5
[2026-08-17 11:17:06] INFO     cad_export:124 — Advanced DXF built: window=47 1200x1400 → 80952 bytes
[2026-08-17 11:17:06] INFO     v1:150 — DXF export: window=47 bytes=80952
[2026-08-17 11:17:31] INFO     v1:302 — Design saved: window=47 panes=5
[2026-08-17 11:17:36] INFO     model3d:63 — FreeCAD 3D OK: fmt=glb bytes=450360
[2026-08-17 11:17:36] INFO     v1:241 — 3D export: window=47 fmt=glb method=auto bytes=450360
[2026-08-17 11:17:36] INFO     model3d:63 — FreeCAD 3D OK: fmt=stl bytes=1120684
[2026-08-17 11:17:36] INFO     v1:241 — 3D export: window=47 fmt=stl method=auto bytes=1120684
[2026-08-17 11:17:41] INFO     model3d:63 — FreeCAD 3D OK: fmt=glb bytes=450360
[2026-08-17 11:17:41] INFO     v1:241 — 3D export: window=47 fmt=glb method=auto bytes=450360
[2026-08-17 11:17:42] INFO     v1:302 — Design saved: window=47 panes=5
[2026-08-17 11:17:45] INFO     model3d:63 — FreeCAD 3D OK: fmt=glb bytes=450360
[2026-08-17 11:17:45] INFO     v1:241 — 3D export: window=47 fmt=glb method=auto bytes=450360
[2026-08-17 11:17:56] INFO     v1:302 — Design saved: window=47 panes=5
[2026-08-17 11:17:57] INFO     v1:302 — Design saved: window=47 panes=5
[2026-08-17 11:18:31] INFO     v1:302 — Design saved: window=47 panes=5
[2026-08-17 11:18:33] INFO     v1:302 — Design saved: window=47 panes=5
[2026-08-17 11:18:33] INFO     v1:302 — Design saved: window=47 panes=5
[2026-08-17 11:18:34] INFO     v1:379 — save_render: window=47 saved 102929 bytes -> D:\Quoting Studio\quoting_studio\uploads\renders\window-47.png
[2026-08-17 11:18:34] INFO     v1:302 — Design saved: window=47 panes=5
[2026-08-17 11:18:34] INFO     v1:302 — Design saved: window=47 panes=5
[2026-08-17 11:21:51] INFO     v1:302 — Design saved: window=47 panes=4
[2026-08-17 11:21:54] INFO     v1:302 — Design saved: window=47 panes=3
[2026-08-17 11:21:57] INFO     v1:302 — Design saved: window=47 panes=2
[2026-08-17 11:21:59] INFO     v1:302 — Design saved: window=47 panes=1
[2026-08-17 11:22:05] INFO     v1:302 — Design saved: window=47 panes=1
[2026-08-17 11:22:07] INFO     v1:302 — Design saved: window=47 panes=1
[2026-08-17 11:22:10] INFO     v1:302 — Design saved: window=47 panes=1
[2026-08-17 11:22:12] INFO     v1:302 — Design saved: window=47 panes=1
[2026-08-17 11:22:14] INFO     v1:302 — Design saved: window=47 panes=1
[2026-08-17 11:22:55] INFO     v1:302 — Design saved: window=47 panes=1
[2026-08-17 11:22:55] INFO     v1:302 — Design saved: window=47 panes=1
[2026-08-17 11:23:56] INFO     v1:302 — Design saved: window=47 panes=2
[2026-08-17 11:24:08] INFO     v1:302 — Design saved: window=47 panes=2
[2026-08-17 11:24:08] INFO     v1:302 — Design saved: window=47 panes=2
[2026-08-17 11:24:24] INFO     projects:380 — Unit added: id=48 project=20 type=door tpl=doorHalfGlazed
[2026-08-17 11:24:31] INFO     v1:302 — Design saved: window=48 panes=3
[2026-08-17 11:24:36] INFO     v1:302 — Design saved: window=48 panes=2
[2026-08-17 11:24:40] INFO     v1:302 — Design saved: window=48 panes=2
[2026-08-17 11:24:51] INFO     v1:302 — Design saved: window=48 panes=1
[2026-08-17 11:24:58] INFO     v1:302 — Design saved: window=48 panes=1
[2026-08-17 11:24:59] INFO     v1:302 — Design saved: window=48 panes=1
[2026-08-17 11:25:03] INFO     v1:302 — Design saved: window=48 panes=1
[2026-08-17 11:25:56] INFO     v1:302 — Design saved: window=48 panes=1
[2026-08-17 11:26:34] INFO     v1:302 — Design saved: window=48 panes=1
[2026-08-17 11:26:37] INFO     v1:302 — Design saved: window=48 panes=1
[2026-08-17 11:26:37] INFO     v1:302 — Design saved: window=48 panes=1
[2026-08-17 11:26:48] INFO     v1:302 — Design saved: window=48 panes=2
[2026-08-17 11:26:55] INFO     v1:302 — Design saved: window=48 panes=8
[2026-08-17 11:26:58] INFO     v1:302 — Design saved: window=48 panes=9
[2026-08-17 11:27:12] INFO     v1:302 — Design saved: window=48 panes=9
[2026-08-17 11:27:14] INFO     v1:302 — Design saved: window=48 panes=9
[2026-08-17 11:27:16] INFO     v1:302 — Design saved: window=48 panes=9
[2026-08-17 11:27:18] INFO     v1:302 — Design saved: window=48 panes=9
[2026-08-17 11:27:22] INFO     v1:302 — Design saved: window=48 panes=11
[2026-08-17 11:27:26] INFO     v1:302 — Design saved: window=48 panes=1
[2026-08-17 11:27:34] INFO     v1:302 — Design saved: window=48 panes=8
[2026-08-17 11:27:39] INFO     v1:302 — Design saved: window=48 panes=8
[2026-08-17 11:28:09] INFO     v1:302 — Design saved: window=48 panes=8
[2026-08-17 11:28:12] INFO     v1:302 — Design saved: window=48 panes=8
[2026-08-17 11:28:12] INFO     v1:379 — save_render: window=48 saved 68017 bytes -> D:\Quoting Studio\quoting_studio\uploads\renders\window-48.png
[2026-08-17 11:28:12] INFO     v1:302 — Design saved: window=48 panes=8
[2026-08-17 11:28:12] INFO     v1:302 — Design saved: window=48 panes=8
[2026-08-17 11:35:59] INFO     v1:302 — Design saved: window=48 panes=9
[2026-08-17 11:36:04] INFO     v1:302 — Design saved: window=48 panes=3
[2026-08-17 11:36:07] INFO     v1:302 — Design saved: window=48 panes=1
[2026-08-17 11:36:10] INFO     v1:302 — Design saved: window=48 panes=1
[2026-08-17 11:36:10] INFO     v1:302 — Design saved: window=48 panes=1
[2026-08-17 11:36:25] INFO     projects:380 — Unit added: id=49 project=20 type=door tpl=doorDouble
[2026-08-17 11:36:32] INFO     v1:302 — Design saved: window=49 panes=1
[2026-08-17 11:36:42] INFO     v1:302 — Design saved: window=49 panes=2
[2026-08-17 11:36:47] INFO     v1:302 — Design saved: window=49 panes=3
[2026-08-17 11:36:52] INFO     v1:302 — Design saved: window=49 panes=2
[2026-08-17 11:36:54] INFO     v1:302 — Design saved: window=49 panes=1
[2026-08-17 11:36:58] INFO     v1:302 — Design saved: window=49 panes=1
[2026-08-17 11:37:08] INFO     v1:302 — Design saved: window=49 panes=1
[2026-08-17 11:37:16] INFO     v1:302 — Design saved: window=49 panes=1
[2026-08-17 11:41:47] INFO     v1:302 — Design saved: window=49 panes=1
[2026-08-17 11:41:47] INFO     v1:302 — Design saved: window=49 panes=1
[2026-08-17 11:42:16] INFO     projects:380 — Unit added: id=50 project=20 type=window tpl=double
[2026-08-17 11:42:24] INFO     v1:302 — Design saved: window=50 panes=1
[2026-08-17 11:42:29] INFO     v1:302 — Design saved: window=50 panes=2
[2026-08-17 11:42:34] INFO     v1:302 — Design saved: window=50 panes=2
[2026-08-17 11:44:17] INFO     v1:302 — Design saved: window=50 panes=2
[2026-08-17 11:44:17] INFO     v1:302 — Design saved: window=50 panes=2
[2026-08-17 11:44:26] INFO     v1:302 — Design saved: window=50 panes=2
[2026-08-17 11:44:49] INFO     v1:302 — Design saved: window=50 panes=2
[2026-08-17 11:44:52] INFO     model3d:63 — FreeCAD 3D OK: fmt=glb bytes=120816
[2026-08-17 11:44:52] INFO     v1:241 — 3D export: window=50 fmt=glb method=auto bytes=120816
[2026-08-17 11:44:59] INFO     v1:302 — Design saved: window=50 panes=2
[2026-08-17 11:47:08] INFO     v1:302 — Design saved: window=50 panes=2
[2026-08-17 11:47:10] INFO     v1:302 — Design saved: window=50 panes=2
[2026-08-17 11:47:12] INFO     v1:302 — Design saved: window=50 panes=2
[2026-08-17 11:47:24] INFO     v1:302 — Design saved: window=50 panes=2
[2026-08-17 11:47:24] INFO     v1:302 — Design saved: window=50 panes=2
[2026-08-17 11:58:11] INFO     model3d:63 — FreeCAD 3D OK: fmt=glb bytes=120816
[2026-08-17 11:58:11] INFO     v1:241 — 3D export: window=50 fmt=glb method=auto bytes=120816
[2026-08-17 11:58:18] INFO     projects:380 — Unit added: id=51 project=20 type=window tpl=double
[2026-08-17 11:58:22] INFO     v1:302 — Design saved: window=51 panes=2
[2026-08-17 11:58:22] INFO     v1:379 — save_render: window=51 saved 118944 bytes -> D:\Quoting Studio\quoting_studio\uploads\renders\window-51.png
[2026-08-17 12:12:20] INFO     v1:302 — Design saved: window=50 panes=1
[2026-08-17 12:12:28] INFO     v1:302 — Design saved: window=50 panes=2
[2026-08-17 12:12:31] INFO     v1:302 — Design saved: window=50 panes=3
[2026-08-17 12:12:47] INFO     v1:302 — Design saved: window=50 panes=3
[2026-08-17 12:12:53] INFO     v1:302 — Design saved: window=50 panes=3
[2026-08-17 12:13:19] INFO     v1:302 — Design saved: window=50 panes=3
[2026-08-17 12:13:21] INFO     v1:302 — Design saved: window=50 panes=3
[2026-08-17 12:13:54] INFO     v1:302 — Design saved: window=50 panes=3
[2026-08-17 12:14:02] INFO     v1:302 — Design saved: window=50 panes=3
[2026-08-17 12:14:10] INFO     v1:302 — Design saved: window=50 panes=3
[2026-08-17 12:14:26] INFO     v1:302 — Design saved: window=50 panes=3
[2026-08-17 12:18:28] INFO     v1:302 — Design saved: window=50 panes=3
[2026-08-17 12:19:21] INFO     v1:302 — Design saved: window=50 panes=3
[2026-08-17 12:19:21] INFO     v1:379 — save_render: window=50 saved 118808 bytes -> D:\Quoting Studio\quoting_studio\uploads\renders\window-50.png
[2026-08-17 12:19:21] INFO     v1:302 — Design saved: window=50 panes=3
[2026-08-17 12:19:21] INFO     v1:302 — Design saved: window=50 panes=3
[2026-08-17 12:19:42] INFO     v1:302 — Design saved: window=50 panes=3
[2026-08-17 12:19:42] INFO     v1:379 — save_render: window=50 saved 118808 bytes -> D:\Quoting Studio\quoting_studio\uploads\renders\window-50.png
[2026-08-17 12:41:37] INFO     v1:302 — Design saved: window=50 panes=3
[2026-08-17 12:42:09] INFO     v1:302 — Design saved: window=50 panes=3
[2026-08-17 12:42:35] INFO     v1:302 — Design saved: window=50 panes=3
[2026-08-17 12:45:04] INFO     v1:302 — Design saved: window=50 panes=3
[2026-08-17 12:45:07] INFO     model3d:63 — FreeCAD 3D OK: fmt=glb bytes=126084
[2026-08-17 12:45:07] INFO     v1:241 — 3D export: window=50 fmt=glb method=auto bytes=126084
[2026-08-17 12:45:18] INFO     v1:302 — Design saved: window=50 panes=3
[2026-08-17 12:45:20] INFO     v1:302 — Design saved: window=50 panes=3
[2026-08-17 12:45:24] INFO     model3d:63 — FreeCAD 3D OK: fmt=glb bytes=126084
[2026-08-17 12:45:24] INFO     v1:241 — 3D export: window=50 fmt=glb method=auto bytes=126084
[2026-08-17 12:45:41] INFO     model3d:63 — FreeCAD 3D OK: fmt=glb bytes=126084
[2026-08-17 12:45:41] INFO     v1:241 — 3D export: window=50 fmt=glb method=auto bytes=126084
[2026-08-17 12:45:43] INFO     v1:302 — Design saved: window=50 panes=3
[2026-08-17 12:46:58] INFO     v1:302 — Design saved: window=50 panes=3
[2026-08-17 12:46:58] INFO     v1:302 — Design saved: window=50 panes=3
[2026-08-17 12:46:58] INFO     v1:302 — Design saved: window=50 panes=3
[2026-08-17 12:47:26] INFO     v1:302 — Design saved: window=51 panes=2
[2026-08-17 12:47:26] INFO     v1:379 — save_render: window=51 saved 118944 bytes -> D:\Quoting Studio\quoting_studio\uploads\renders\window-51.png
[2026-08-17 12:50:27] INFO     v1:302 — Design saved: window=50 panes=3
[2026-08-17 12:50:30] INFO     v1:302 — Design saved: window=50 panes=3
[2026-08-17 12:50:40] INFO     v1:302 — Design saved: window=50 panes=3
[2026-08-17 12:50:42] INFO     v1:302 — Design saved: window=50 panes=3
[2026-08-17 12:50:45] INFO     v1:302 — Design saved: window=50 panes=3
[2026-08-17 12:50:55] INFO     v1:302 — Design saved: window=50 panes=3
[2026-08-17 12:51:10] INFO     v1:302 — Design saved: window=50 panes=3
[2026-08-17 12:51:17] INFO     v1:302 — Design saved: window=50 panes=4
[2026-08-17 12:51:18] INFO     v1:302 — Design saved: window=50 panes=5
[2026-08-17 12:51:25] INFO     v1:302 — Design saved: window=50 panes=5
[2026-08-17 12:51:26] INFO     v1:302 — Design saved: window=50 panes=5
[2026-08-17 12:51:28] INFO     v1:302 — Design saved: window=50 panes=5
[2026-08-17 12:51:32] INFO     v1:302 — Design saved: window=50 panes=5
[2026-08-17 12:52:23] INFO     v1:302 — Design saved: window=50 panes=5
[2026-08-17 12:52:39] INFO     v1:302 — Design saved: window=51 panes=1
[2026-08-17 12:52:42] INFO     v1:302 — Design saved: window=51 panes=1
[2026-08-17 12:52:47] INFO     v1:302 — Design saved: window=51 panes=1
[2026-08-17 12:52:55] INFO     v1:302 — Design saved: window=51 panes=2
[2026-08-17 12:53:26] INFO     v1:302 — Design saved: window=51 panes=2
[2026-08-17 12:53:29] INFO     v1:302 — Design saved: window=51 panes=2
[2026-08-17 12:55:53] INFO     v1:302 — Design saved: window=51 panes=2
[2026-08-17 12:55:53] INFO     v1:302 — Design saved: window=51 panes=2
[2026-08-17 14:02:37] INFO     logging_config:160 — Quoting Studio — logging initialised (debug=True)
[2026-08-17 14:02:39] INFO     logging_config:160 — Quoting Studio — logging initialised (debug=True)
[2026-08-17 14:04:50] INFO     logging_config:160 — Quoting Studio — logging initialised (debug=True)
[2026-08-17 14:04:51] INFO     logging_config:160 — Quoting Studio — logging initialised (debug=True)
[2026-08-17 14:17:40] INFO     logging_config:160 — Quoting Studio — logging initialised (debug=True)
[2026-08-17 14:17:42] INFO     logging_config:160 — Quoting Studio — logging initialised (debug=True)
[2026-08-17 14:17:52] INFO     v1:302 — Design saved: window=13 panes=3
[2026-08-17 14:17:59] INFO     v1:302 — Design saved: window=13 panes=3
[2026-08-17 14:18:29] INFO     v1:302 — Design saved: window=13 panes=3
[2026-08-17 14:25:00] INFO     v1:302 — Design saved: window=13 panes=3
[2026-08-17 14:25:00] INFO     v1:302 — Design saved: window=13 panes=3
[2026-08-17 14:25:19] INFO     v1:302 — Design saved: window=13 panes=2
[2026-08-17 14:25:22] INFO     v1:302 — Design saved: window=13 panes=1
[2026-08-17 14:25:27] INFO     v1:302 — Design saved: window=13 panes=1
[2026-08-17 14:25:43] INFO     v1:302 — Design saved: window=13 panes=1
[2026-08-17 14:25:56] INFO     v1:302 — Design saved: window=13 panes=2
[2026-08-17 14:26:16] INFO     v1:302 — Design saved: window=13 panes=2
[2026-08-17 14:26:16] INFO     v1:302 — Design saved: window=13 panes=2
[2026-08-17 14:28:50] INFO     auth:130 — Logout: aniket@gmail.com
[2026-08-17 14:28:50] INFO     __init__:96 — 404 Not Found — GET /favicon.ico
[2026-08-17 14:28:55] INFO     auth:32 — Login success: aniket@gmail.com (tenant=1)
[2026-08-17 14:32:40] INFO     v1:302 — Design saved: window=13 panes=2
[2026-08-17 14:32:41] INFO     v1:302 — Design saved: window=13 panes=2
[2026-08-17 14:32:43] INFO     v1:302 — Design saved: window=13 panes=2
[2026-08-17 14:32:49] INFO     v1:302 — Design saved: window=13 panes=2
[2026-08-17 14:32:52] INFO     v1:302 — Design saved: window=13 panes=2
[2026-08-17 14:32:58] INFO     v1:302 — Design saved: window=13 panes=2
[2026-08-17 14:33:01] INFO     v1:302 — Design saved: window=13 panes=2
[2026-08-17 14:33:02] INFO     v1:302 — Design saved: window=13 panes=2
[2026-08-17 14:33:04] INFO     v1:302 — Design saved: window=13 panes=2
[2026-08-17 14:33:05] INFO     v1:302 — Design saved: window=13 panes=2
[2026-08-17 14:33:08] INFO     v1:302 — Design saved: window=13 panes=1
[2026-08-17 14:33:10] INFO     v1:302 — Design saved: window=13 panes=1
[2026-08-17 14:33:13] INFO     v1:302 — Design saved: window=13 panes=1
[2026-08-17 14:33:18] INFO     v1:302 — Design saved: window=13 panes=1
[2026-08-17 14:33:23] INFO     v1:302 — Design saved: window=13 panes=1
[2026-08-17 14:33:25] INFO     v1:302 — Design saved: window=13 panes=1
[2026-08-17 14:33:26] INFO     v1:302 — Design saved: window=13 panes=1
[2026-08-17 14:33:51] INFO     v1:302 — Design saved: window=13 panes=2
[2026-08-17 14:34:02] INFO     v1:302 — Design saved: window=13 panes=3
[2026-08-17 14:34:06] INFO     v1:302 — Design saved: window=13 panes=1
[2026-08-17 14:34:16] INFO     v1:302 — Design saved: window=13 panes=1
[2026-08-17 14:34:18] INFO     v1:302 — Design saved: window=13 panes=1
[2026-08-17 14:34:19] INFO     v1:302 — Design saved: window=13 panes=1
[2026-08-17 14:34:24] INFO     v1:302 — Design saved: window=13 panes=1
[2026-08-17 14:34:25] INFO     v1:302 — Design saved: window=13 panes=1
[2026-08-17 14:34:28] INFO     v1:302 — Design saved: window=13 panes=1
[2026-08-17 14:34:29] INFO     v1:302 — Design saved: window=13 panes=1
[2026-08-17 14:34:31] INFO     v1:302 — Design saved: window=13 panes=1
[2026-08-17 14:34:32] INFO     v1:302 — Design saved: window=13 panes=1
[2026-08-17 14:34:34] INFO     v1:302 — Design saved: window=13 panes=1
[2026-08-17 14:34:35] INFO     v1:302 — Design saved: window=13 panes=1
[2026-08-17 14:34:36] INFO     v1:302 — Design saved: window=13 panes=1
[2026-08-17 14:34:37] INFO     v1:302 — Design saved: window=13 panes=1
[2026-08-17 14:34:40] INFO     v1:302 — Design saved: window=13 panes=1
[2026-08-17 14:34:42] INFO     v1:302 — Design saved: window=13 panes=1
[2026-08-17 14:34:43] INFO     v1:302 — Design saved: window=13 panes=1
[2026-08-17 14:34:45] INFO     v1:302 — Design saved: window=13 panes=1
[2026-08-17 14:34:49] INFO     v1:302 — Design saved: window=13 panes=1
[2026-08-17 14:34:52] INFO     v1:302 — Design saved: window=13 panes=1
[2026-08-17 14:34:53] INFO     v1:302 — Design saved: window=13 panes=1
[2026-08-17 14:34:54] INFO     v1:302 — Design saved: window=13 panes=1
[2026-08-17 14:34:56] INFO     v1:302 — Design saved: window=13 panes=1
[2026-08-17 14:34:57] INFO     v1:302 — Design saved: window=13 panes=1
[2026-08-17 14:34:59] INFO     v1:302 — Design saved: window=13 panes=1
[2026-08-17 14:35:00] INFO     v1:302 — Design saved: window=13 panes=1
[2026-08-17 14:35:02] INFO     v1:302 — Design saved: window=13 panes=1
[2026-08-17 14:35:04] INFO     v1:302 — Design saved: window=13 panes=1
[2026-08-17 14:35:06] INFO     v1:302 — Design saved: window=13 panes=1
[2026-08-17 14:35:06] INFO     v1:302 — Design saved: window=13 panes=1
[2026-08-17 14:35:09] INFO     v1:302 — Design saved: window=13 panes=1
[2026-08-17 14:35:27] INFO     v1:302 — Design saved: window=13 panes=1
[2026-08-17 14:35:27] INFO     v1:302 — Design saved: window=13 panes=1
[2026-08-17 14:36:15] INFO     v1:302 — Design saved: window=11 panes=4
[2026-08-17 14:36:30] INFO     v1:302 — Design saved: window=11 panes=4
[2026-08-17 14:37:34] INFO     v1:302 — Design saved: window=11 panes=4
[2026-08-17 14:37:34] INFO     v1:302 — Design saved: window=11 panes=4
[2026-08-17 14:38:22] INFO     logging_config:160 — Quoting Studio — logging initialised (debug=True)
[2026-08-17 14:38:24] INFO     logging_config:160 — Quoting Studio — logging initialised (debug=True)
[2026-08-17 14:39:56] INFO     v1:302 — Design saved: window=11 panes=4
[2026-08-17 14:39:58] INFO     v1:302 — Design saved: window=11 panes=4
[2026-08-17 14:39:58] INFO     v1:302 — Design saved: window=11 panes=4
[2026-08-17 14:41:16] INFO     v1:302 — Design saved: window=12 panes=2
[2026-08-17 14:41:37] INFO     v1:302 — Design saved: window=12 panes=2
[2026-08-17 14:41:42] INFO     v1:302 — Design saved: window=12 panes=2
[2026-08-17 14:41:44] INFO     v1:302 — Design saved: window=12 panes=2
[2026-08-17 14:41:52] INFO     v1:302 — Design saved: window=12 panes=2
[2026-08-17 14:41:57] INFO     v1:302 — Design saved: window=12 panes=2
[2026-08-17 14:42:02] INFO     v1:302 — Design saved: window=12 panes=2
[2026-08-17 14:43:13] INFO     v1:302 — Design saved: window=12 panes=2
[2026-08-17 14:44:01] INFO     v1:302 — Design saved: window=12 panes=2
[2026-08-17 14:44:38] INFO     v1:302 — Design saved: window=12 panes=2
[2026-08-17 14:45:24] INFO     v1:302 — Design saved: window=12 panes=2
[2026-08-17 14:45:48] INFO     v1:302 — Design saved: window=12 panes=2
[2026-08-17 14:46:24] INFO     v1:302 — Design saved: window=12 panes=2
[2026-08-17 14:47:05] INFO     v1:302 — Design saved: window=12 panes=2
[2026-08-17 14:47:36] INFO     v1:302 — Design saved: window=12 panes=2
[2026-08-17 14:47:36] INFO     v1:302 — Design saved: window=12 panes=2
[2026-08-17 14:49:26] INFO     v1:302 — Design saved: window=13 panes=1
[2026-08-17 14:50:17] INFO     v1:302 — Design saved: window=13 panes=1
[2026-08-17 14:50:20] INFO     v1:302 — Design saved: window=13 panes=1
[2026-08-17 14:50:57] INFO     v1:302 — Design saved: window=13 panes=1
[2026-08-17 14:51:10] INFO     v1:302 — Design saved: window=13 panes=1
[2026-08-17 14:51:14] INFO     v1:302 — Design saved: window=13 panes=1
[2026-08-17 14:52:07] INFO     logging_config:160 — Quoting Studio — logging initialised (debug=True)
[2026-08-17 14:52:08] INFO     logging_config:160 — Quoting Studio — logging initialised (debug=True)
[2026-08-17 14:52:19] INFO     v1:302 — Design saved: window=13 panes=1
[2026-08-17 14:52:19] INFO     v1:302 — Design saved: window=13 panes=1
[2026-08-17 14:53:25] INFO     v1:302 — Design saved: window=11 panes=3
[2026-08-17 14:53:29] INFO     v1:302 — Design saved: window=11 panes=2
[2026-08-17 14:53:32] INFO     v1:302 — Design saved: window=11 panes=1
[2026-08-17 14:53:43] INFO     v1:302 — Design saved: window=11 panes=2
[2026-08-17 14:54:03] INFO     v1:302 — Design saved: window=11 panes=2
[2026-08-17 14:54:08] INFO     v1:302 — Design saved: window=11 panes=2
[2026-08-17 14:54:25] INFO     v1:302 — Design saved: window=11 panes=2
[2026-08-17 14:54:30] INFO     model3d:63 — FreeCAD 3D OK: fmt=glb bytes=134416
[2026-08-17 14:54:30] INFO     v1:241 — 3D export: window=11 fmt=glb method=auto bytes=134416
[2026-08-17 14:54:59] INFO     v1:302 — Design saved: window=11 panes=2
[2026-08-17 14:55:00] INFO     v1:302 — Design saved: window=11 panes=2
[2026-08-17 14:55:00] INFO     v1:302 — Design saved: window=11 panes=2
[2026-08-17 14:55:00] INFO     v1:302 — Design saved: window=11 panes=2
[2026-08-17 14:55:05] INFO     model3d_assembly:69 — 3D assembly [win=12 sys=None]: head=HD-90(DXF) cill=SL-165(DXF) jamb=JB-67(DXF) mullion=GB-61(DXF) transom=GB-61-T(DXF) sash=TRS-108(DXF)
[2026-08-17 14:55:06] INFO     model3d_assembly:81 — 3D assembly: 6/6 members have real DXF sections
[2026-08-17 14:55:16] INFO     model3d:76 — trimesh assembly OK: fmt=step bytes=3103080
[2026-08-17 14:55:16] INFO     v1:241 — 3D export: window=12 fmt=step method=auto bytes=3103080
[2026-08-17 14:59:44] INFO     v1:302 — Design saved: window=13 panes=2
[2026-08-17 14:59:58] INFO     v1:302 — Design saved: window=13 panes=3
[2026-08-17 15:00:05] INFO     v1:302 — Design saved: window=13 panes=3
[2026-08-17 15:00:08] INFO     v1:302 — Design saved: window=13 panes=3
[2026-08-17 15:00:24] INFO     v1:302 — Design saved: window=13 panes=3
[2026-08-17 15:00:40] INFO     v1:302 — Design saved: window=13 panes=3
[2026-08-17 15:00:55] INFO     v1:302 — Design saved: window=13 panes=3
[2026-08-17 15:01:25] INFO     cad_export:124 — Advanced DXF built: window=13 1200x1400 → 72593 bytes
[2026-08-17 15:01:25] INFO     v1:150 — DXF export: window=13 bytes=72593
[2026-08-17 15:01:29] INFO     v1:302 — Design saved: window=13 panes=3
[2026-08-17 15:03:13] INFO     logging_config:160 — Quoting Studio — logging initialised (debug=True)
[2026-08-17 15:03:31] INFO     logging_config:160 — Quoting Studio — logging initialised (debug=True)
[2026-08-17 15:03:53] INFO     logging_config:160 — Quoting Studio — logging initialised (debug=True)
[2026-08-17 15:04:33] INFO     logging_config:160 — Quoting Studio — logging initialised (debug=True)
[2026-08-17 15:04:34] INFO     logging_config:160 — Quoting Studio — logging initialised (debug=True)
[2026-08-17 15:04:40] INFO     v1:303 — Design saved: window=13 panes=3
[2026-08-17 15:04:40] INFO     v1:303 — Design saved: window=13 panes=3
[2026-08-17 15:04:45] INFO     model3d_assembly:69 — 3D assembly [win=13 sys=None]: head=HD-90(DXF) cill=SL-165(DXF) jamb=JB-67(DXF) mullion=GB-61(DXF) transom=GB-61-T(DXF) sash=TRS-108(DXF)
[2026-08-17 15:04:45] INFO     model3d_assembly:81 — 3D assembly: 6/6 members have real DXF sections
[2026-08-17 15:04:51] INFO     model3d:76 — trimesh assembly OK: fmt=step bytes=3122354
[2026-08-17 15:04:51] INFO     v1:242 — 3D export: window=13 fmt=step method=auto bytes=3122354
[2026-08-17 15:05:22] INFO     cad_export:124 — Advanced DXF built: window=13 1200x1400 → 72595 bytes
[2026-08-17 15:05:22] INFO     v1:150 — DXF export: window=13 bytes=72595
[2026-08-17 15:09:06] INFO     v1:303 — Design saved: window=13 panes=3
[2026-08-17 15:09:13] INFO     v1:303 — Design saved: window=13 panes=3
[2026-08-17 15:09:25] INFO     model3d:63 — FreeCAD 3D OK: fmt=glb bytes=176408
[2026-08-17 15:09:25] INFO     v1:242 — 3D export: window=13 fmt=glb method=auto bytes=176408
[2026-08-17 15:10:59] INFO     v1:303 — Design saved: window=13 panes=3
[2026-08-17 15:11:06] INFO     v1:303 — Design saved: window=13 panes=3
[2026-08-17 15:24:17] INFO     logging_config:160 — Quoting Studio — logging initialised (debug=True)
[2026-08-17 15:24:21] INFO     logging_config:160 — Quoting Studio — logging initialised (debug=True)
[2026-08-17 16:07:39] INFO     logging_config:160 — Quoting Studio — logging initialised (debug=True)
[2026-08-17 16:07:48] INFO     logging_config:160 — Quoting Studio — logging initialised (debug=True)
[2026-08-17 16:08:09] INFO     cad_export:124 — Advanced DXF built: window=13 1200x1400 → 72593 bytes
[2026-08-17 16:08:09] INFO     v1:150 — DXF export: window=13 bytes=72593
[2026-08-17 16:08:21] INFO     v1:303 — Design saved: window=13 panes=3
[2026-08-17 16:08:32] INFO     v1:303 — Design saved: window=13 panes=3
[2026-08-17 16:08:37] INFO     v1:303 — Design saved: window=13 panes=3
[2026-08-17 16:08:51] INFO     v1:303 — Design saved: window=13 panes=3
[2026-08-17 16:10:57] INFO     v1:303 — Design saved: window=13 panes=3
[2026-08-17 16:14:08] INFO     v1:303 — Design saved: window=13 panes=3
[2026-08-17 16:14:09] INFO     v1:303 — Design saved: window=13 panes=3
[2026-08-17 16:25:26] INFO     v1:303 — Design saved: window=13 panes=3
[2026-08-17 16:25:33] INFO     v1:303 — Design saved: window=13 panes=3
[2026-08-17 16:25:43] INFO     v1:303 — Design saved: window=13 panes=3
[2026-08-17 16:25:57] INFO     v1:303 — Design saved: window=13 panes=3
[2026-08-17 16:26:18] INFO     v1:303 — Design saved: window=13 panes=3
[2026-08-17 16:26:45] INFO     v1:303 — Design saved: window=13 panes=3
[2026-08-17 16:27:02] INFO     v1:303 — Design saved: window=13 panes=3
[2026-08-17 16:28:10] INFO     logging_config:160 — Quoting Studio — logging initialised (debug=True)
[2026-08-17 16:28:58] INFO     v1:303 — Design saved: window=13 panes=3
[2026-08-17 16:29:08] INFO     v1:303 — Design saved: window=13 panes=3
[2026-08-17 16:30:41] INFO     v1:303 — Design saved: window=13 panes=3
[2026-08-17 16:33:35] INFO     v1:303 — Design saved: window=13 panes=3
[2026-08-17 16:33:52] INFO     v1:303 — Design saved: window=13 panes=3
[2026-08-17 16:35:43] INFO     v1:303 — Design saved: window=13 panes=3
[2026-08-17 16:35:46] INFO     v1:303 — Design saved: window=13 panes=3
[2026-08-17 16:35:50] INFO     cad_export:124 — Advanced DXF built: window=13 1200x1400 → 72593 bytes
[2026-08-17 16:35:50] INFO     v1:150 — DXF export: window=13 bytes=72593
[2026-08-17 16:35:56] INFO     model3d_assembly:69 — 3D assembly [win=13 sys=1]: head=HD-90(DXF) cill=LB-DOOR(DXF) jamb=JB-67(DXF) mullion=SUP-D2-2(DXF) transom=SUP-STD(DXF) sash=MS-83(DXF)
[2026-08-17 16:35:56] INFO     model3d_assembly:81 — 3D assembly: 6/6 members have real DXF sections
[2026-08-17 16:36:08] INFO     v1:303 — Design saved: window=13 panes=3
[2026-08-17 16:36:43] INFO     model3d:76 — trimesh assembly OK: fmt=step bytes=2496220
[2026-08-17 16:36:43] INFO     v1:242 — 3D export: window=13 fmt=step method=auto bytes=2496220
[2026-08-17 16:37:15] INFO     v1:303 — Design saved: window=13 panes=3
[2026-08-17 16:39:08] INFO     v1:303 — Design saved: window=13 panes=3
[2026-08-17 16:39:42] INFO     v1:303 — Design saved: window=13 panes=3
[2026-08-17 16:45:33] INFO     v1:303 — Design saved: window=13 panes=3
[2026-08-17 16:45:36] INFO     v1:303 — Design saved: window=13 panes=3
[2026-08-17 16:46:28] INFO     v1:303 — Design saved: window=13 panes=3
[2026-08-17 16:47:15] INFO     v1:303 — Design saved: window=13 panes=3
[2026-08-17 16:47:15] INFO     model3d_assembly:69 — 3D assembly [win=13 sys=1]: head=HD-90(DXF) cill=LB-DOOR(DXF) jamb=JB-67(DXF) mullion=SUP-D2-2(DXF) transom=SUP-STD(DXF) sash=MS-83(DXF)
[2026-08-17 16:47:15] INFO     model3d_assembly:81 — 3D assembly: 6/6 members have real DXF sections
[2026-08-17 16:47:27] INFO     model3d:76 — trimesh assembly OK: fmt=glb bytes=4424
[2026-08-17 16:47:27] INFO     v1:242 — 3D export: window=13 fmt=glb method=auto bytes=4424
[2026-08-17 16:49:18] INFO     v1:303 — Design saved: window=13 panes=3
[2026-08-17 16:49:18] INFO     v1:303 — Design saved: window=13 panes=3
[2026-08-17 16:50:06] INFO     logging_config:160 — Quoting Studio — logging initialised (debug=True)
[2026-08-17 16:50:07] INFO     logging_config:160 — Quoting Studio — logging initialised (debug=True)
[2026-08-17 16:50:40] INFO     v1:303 — Design saved: window=13 panes=3
[2026-08-17 16:50:44] INFO     v1:303 — Design saved: window=13 panes=3
[2026-08-17 16:57:36] INFO     logging_config:160 — Quoting Studio — logging initialised (debug=True)
[2026-08-17 16:57:47] INFO     logging_config:160 — Quoting Studio — logging initialised (debug=True)
[2026-08-17 16:58:12] INFO     logging_config:160 — Quoting Studio — logging initialised (debug=True)
[2026-08-17 16:58:13] INFO     logging_config:160 — Quoting Studio — logging initialised (debug=True)
[2026-08-17 16:58:18] INFO     v1:303 — Design saved: window=13 panes=3
[2026-08-17 16:58:18] INFO     v1:303 — Design saved: window=13 panes=3
[2026-08-17 16:58:38] INFO     cad_export:124 — Advanced DXF built: window=13 1200x1400 → 72757 bytes
[2026-08-17 16:58:38] INFO     v1:150 — DXF export: window=13 bytes=72757
[2026-08-17 16:58:43] INFO     model3d_assembly:69 — 3D assembly [win=13 sys=1]: head=HD-90(DXF) cill=LB-DOOR(DXF) jamb=JB-67(DXF) mullion=SUP-D2-2(DXF) transom=SUP-STD(DXF) sash=MS-83(DXF)
[2026-08-17 16:58:43] INFO     model3d_assembly:81 — 3D assembly: 6/6 members have real DXF sections
[2026-08-17 16:58:46] INFO     model3d:76 — trimesh assembly OK: fmt=step bytes=2496220
[2026-08-17 16:58:46] INFO     v1:242 — 3D export: window=13 fmt=step method=auto bytes=2496220
[2026-08-17 16:58:51] INFO     model3d_assembly:69 — 3D assembly [win=13 sys=1]: head=HD-90(DXF) cill=LB-DOOR(DXF) jamb=JB-67(DXF) mullion=SUP-D2-2(DXF) transom=SUP-STD(DXF) sash=MS-83(DXF)
[2026-08-17 16:58:51] INFO     model3d_assembly:81 — 3D assembly: 6/6 members have real DXF sections
[2026-08-17 16:58:52] INFO     model3d:76 — trimesh assembly OK: fmt=glb bytes=4424
[2026-08-17 16:58:52] INFO     v1:242 — 3D export: window=13 fmt=glb method=auto bytes=4424
[2026-08-17 17:03:40] INFO     logging_config:160 — Quoting Studio — logging initialised (debug=True)
[2026-08-17 17:03:41] INFO     logging_config:160 — Quoting Studio — logging initialised (debug=True)
[2026-08-17 17:03:57] INFO     logging_config:160 — Quoting Studio — logging initialised (debug=True)
[2026-08-17 17:03:57] INFO     logging_config:160 — Quoting Studio — logging initialised (debug=True)
[2026-08-17 17:04:05] INFO     cad_export:124 — Advanced DXF built: window=13 1200x1400 → 72745 bytes
[2026-08-17 17:04:05] INFO     v1:150 — DXF export: window=13 bytes=72745
[2026-08-17 17:06:22] INFO     projects:380 — Unit added: id=52 project=7 type=door tpl=patioSlide2
[2026-08-17 17:06:46] INFO     v1:303 — Design saved: window=52 panes=2
[2026-08-17 17:06:56] INFO     v1:303 — Design saved: window=52 panes=2
[2026-08-17 17:06:59] INFO     v1:303 — Design saved: window=52 panes=2
[2026-08-17 17:07:03] INFO     v1:303 — Design saved: window=52 panes=2
[2026-08-17 17:07:07] INFO     cad_export:124 — Advanced DXF built: window=52 900x2100 → 67062 bytes
[2026-08-17 17:07:07] INFO     v1:150 — DXF export: window=52 bytes=67062
[2026-08-17 17:07:12] INFO     model3d_assembly:69 — 3D assembly [win=52 sys=None]: head=HD-STD(DXF) cill=SL-165(DXF) jamb=JB-67(DXF) mullion=SUP-D2-2(DXF) transom=GB-61-T(DXF) sash=TRS-108(DXF)
[2026-08-17 17:07:12] INFO     model3d_assembly:81 — 3D assembly: 9/9 members have real DXF sections
[2026-08-17 17:07:16] INFO     model3d:76 — trimesh assembly OK: fmt=step bytes=5025916
[2026-08-17 17:07:16] INFO     v1:242 — 3D export: window=52 fmt=step method=auto bytes=5025916
[2026-08-17 17:07:16] INFO     v1:303 — Design saved: window=52 panes=2
[2026-08-17 17:07:17] INFO     model3d_assembly:69 — 3D assembly [win=52 sys=None]: head=HD-STD(DXF) cill=SL-165(DXF) jamb=JB-67(DXF) mullion=SUP-D2-2(DXF) transom=GB-61-T(DXF) sash=TRS-108(DXF)
[2026-08-17 17:07:17] INFO     model3d_assembly:81 — 3D assembly: 9/9 members have real DXF sections
[2026-08-17 17:07:18] INFO     model3d:76 — trimesh assembly OK: fmt=glb bytes=4792
[2026-08-17 17:07:18] INFO     v1:242 — 3D export: window=52 fmt=glb method=auto bytes=4792
[2026-08-17 17:09:26] INFO     v1:303 — Design saved: window=52 panes=2
[2026-08-17 17:09:34] INFO     v1:303 — Design saved: window=52 panes=2
[2026-08-17 17:13:36] INFO     v1:303 — Design saved: window=52 panes=2
[2026-08-17 17:13:36] INFO     v1:303 — Design saved: window=52 panes=2
[2026-08-17 17:13:53] INFO     projects:37 — Project created: id=21 customer=demo tenant=1
[2026-08-17 17:13:57] INFO     projects:380 — Unit added: id=53 project=21 type=window tpl=single
[2026-08-17 17:14:02] INFO     v1:303 — Design saved: window=53 panes=1
[2026-08-17 17:14:03] INFO     v1:303 — Design saved: window=53 panes=1
[2026-08-17 17:14:05] INFO     v1:303 — Design saved: window=53 panes=1
[2026-08-17 17:14:10] INFO     v1:303 — Design saved: window=53 panes=1
[2026-08-17 17:14:15] INFO     v1:303 — Design saved: window=53 panes=1
[2026-08-17 17:15:01] INFO     v1:303 — Design saved: window=53 panes=1
[2026-08-17 17:15:02] INFO     v1:303 — Design saved: window=53 panes=1
[2026-08-17 17:15:12] INFO     v1:303 — Design saved: window=53 panes=2
[2026-08-17 17:15:14] INFO     v1:303 — Design saved: window=53 panes=3
[2026-08-17 17:15:32] INFO     v1:303 — Design saved: window=53 panes=7
[2026-08-17 17:15:35] INFO     v1:303 — Design saved: window=53 panes=7
[2026-08-17 17:15:37] INFO     v1:303 — Design saved: window=53 panes=7
[2026-08-17 17:15:40] INFO     v1:303 — Design saved: window=53 panes=7
[2026-08-17 17:16:09] INFO     v1:303 — Design saved: window=53 panes=7
[2026-08-17 17:16:13] INFO     v1:303 — Design saved: window=53 panes=7
[2026-08-17 17:16:16] INFO     v1:303 — Design saved: window=53 panes=7
[2026-08-17 17:16:19] INFO     v1:303 — Design saved: window=53 panes=7
[2026-08-17 17:16:22] INFO     v1:303 — Design saved: window=53 panes=7
[2026-08-17 17:16:42] INFO     v1:303 — Design saved: window=53 panes=7
[2026-08-17 17:16:45] INFO     v1:303 — Design saved: window=53 panes=7
[2026-08-17 17:17:26] INFO     v1:303 — Design saved: window=53 panes=7
[2026-08-17 17:17:55] INFO     cad_export:124 — Advanced DXF built: window=53 1200x1400 → 80088 bytes
[2026-08-17 17:17:55] INFO     v1:150 — DXF export: window=53 bytes=80088
[2026-08-17 17:18:02] INFO     model3d_assembly:69 — 3D assembly [win=53 sys=None]: head=HD-STD(DXF) cill=SL-165(DXF) jamb=JB-67(DXF) mullion=GB-61(DXF) transom=GB-61-T(DXF) sash=TRS-108(DXF)
[2026-08-17 17:18:02] INFO     model3d_assembly:81 — 3D assembly: 9/9 members have real DXF sections
[2026-08-17 17:18:04] INFO     model3d:76 — trimesh assembly OK: fmt=step bytes=4589870
[2026-08-17 17:18:04] INFO     v1:242 — 3D export: window=53 fmt=step method=auto bytes=4589870
[2026-08-17 17:18:28] INFO     v1:303 — Design saved: window=53 panes=7
[2026-08-17 17:44:46] INFO     v1:303 — Design saved: window=53 panes=7
[2026-08-17 17:44:48] INFO     v1:303 — Design saved: window=53 panes=7
[2026-08-17 17:45:55] INFO     v1:303 — Design saved: window=53 panes=7
[2026-08-17 17:46:37] INFO     v1:303 — Design saved: window=53 panes=7
[2026-08-17 17:46:44] INFO     v1:303 — Design saved: window=53 panes=7
[2026-08-17 17:48:31] INFO     v1:303 — Design saved: window=53 panes=7
[2026-08-17 17:48:35] INFO     v1:303 — Design saved: window=53 panes=7
[2026-08-17 17:48:44] INFO     v1:303 — Design saved: window=53 panes=7
[2026-08-17 17:48:54] INFO     v1:303 — Design saved: window=53 panes=7
[2026-08-17 17:48:54] INFO     v1:303 — Design saved: window=53 panes=7
[2026-08-17 17:49:09] INFO     projects:380 — Unit added: id=54 project=21 type=window tpl=double
[2026-08-17 17:49:13] INFO     v1:303 — Design saved: window=54 panes=2
[2026-08-17 17:49:13] INFO     v1:303 — Design saved: window=54 panes=2
[2026-08-17 17:49:23] INFO     v1:303 — Design saved: window=54 panes=2
[2026-08-17 17:49:23] INFO     v1:303 — Design saved: window=54 panes=2
[2026-08-17 17:49:44] INFO     cad_export:124 — Advanced DXF built: window=54 1200x1400 → 66766 bytes
[2026-08-17 17:49:44] INFO     v1:150 — DXF export: window=54 bytes=66766
[2026-08-17 17:56:10] INFO     logging_config:160 — Quoting Studio — logging initialised (debug=True)
[2026-08-17 17:56:46] INFO     logging_config:160 — Quoting Studio — logging initialised (debug=True)
[2026-08-17 17:56:48] INFO     logging_config:160 — Quoting Studio — logging initialised (debug=True)
[2026-08-17 17:56:56] INFO     cad_export:138 — Advanced DXF built: window=54 1200x1400 → 68377 bytes
[2026-08-17 17:56:56] INFO     v1:150 — DXF export: window=54 bytes=68377
[2026-08-20 09:59:00] INFO     logging_config:160 — Quoting Studio — logging initialised (debug=True)
[2026-08-20 09:59:17] INFO     logging_config:160 — Quoting Studio — logging initialised (debug=True)
[2026-08-20 10:00:59] INFO     __init__:96 — 404 Not Found — GET /favicon.ico
[2026-08-20 10:01:31] INFO     __init__:96 — 404 Not Found — GET /favicon.ico
[2026-08-20 10:01:44] WARNING  auth:36 — Login failed for email: aniket@gmail.com
[2026-08-20 10:01:49] WARNING  auth:36 — Login failed for email: aniket@gmail.com
[2026-08-20 10:01:58] WARNING  auth:36 — Login failed for email: aniket@gmail.com
[2026-08-20 10:03:03] INFO     auth:32 — Login success: aniket@gmail.com (tenant=1)
[2026-08-20 10:03:41] INFO     model3d_assembly:69 — 3D assembly [win=13 sys=1]: head=HD-90(DXF) cill=LB-DOOR(DXF) jamb=JB-67(DXF) mullion=SUP-D2-2(DXF) transom=SUP-STD(DXF) sash=MS-83(DXF)
[2026-08-20 10:03:41] INFO     model3d_assembly:81 — 3D assembly: 6/6 members have real DXF sections
[2026-08-20 10:03:52] INFO     model3d:76 — trimesh assembly OK: fmt=glb bytes=4424
[2026-08-20 10:03:52] INFO     v1:242 — 3D export: window=13 fmt=glb method=auto bytes=4424
[2026-08-20 10:03:58] INFO     model3d_assembly:69 — 3D assembly [win=13 sys=1]: head=HD-90(DXF) cill=LB-DOOR(DXF) jamb=JB-67(DXF) mullion=SUP-D2-2(DXF) transom=SUP-STD(DXF) sash=MS-83(DXF)
[2026-08-20 10:03:58] INFO     model3d_assembly:81 — 3D assembly: 6/6 members have real DXF sections
[2026-08-20 10:03:58] INFO     model3d:76 — trimesh assembly OK: fmt=glb bytes=4424
[2026-08-20 10:03:58] INFO     v1:242 — 3D export: window=13 fmt=glb method=auto bytes=4424
[2026-08-20 10:04:15] INFO     cad_export:138 — Advanced DXF built: window=13 1200x1400 → 72892 bytes
[2026-08-20 10:04:15] INFO     v1:150 — DXF export: window=13 bytes=72892
[2026-08-20 10:26:15] INFO     logging_config:160 — Quoting Studio — logging initialised (debug=True)
[2026-08-20 10:26:21] INFO     logging_config:160 — Quoting Studio — logging initialised (debug=True)
[2026-08-20 10:26:28] INFO     cad_export:143 — Advanced DXF built: window=13 1200x1400 → 81487 bytes
[2026-08-20 10:26:28] INFO     v1:150 — DXF export: window=13 bytes=81487
[2026-08-20 10:29:58] INFO     logging_config:160 — Quoting Studio — logging initialised (debug=True)
[2026-08-20 10:30:02] INFO     logging_config:160 — Quoting Studio — logging initialised (debug=True)
[2026-08-20 10:30:08] INFO     cad_export:143 — Advanced DXF built: window=13 1200x1400 → 81489 bytes
[2026-08-20 10:30:08] INFO     v1:150 — DXF export: window=13 bytes=81489
[2026-08-20 10:32:50] INFO     logging_config:160 — Quoting Studio — logging initialised (debug=True)
[2026-08-20 10:33:06] INFO     logging_config:160 — Quoting Studio — logging initialised (debug=True)
[2026-08-20 10:33:09] INFO     logging_config:160 — Quoting Studio — logging initialised (debug=True)
[2026-08-20 10:33:33] INFO     cad_export:143 — Advanced DXF built: window=13 1200x1400 → 81487 bytes
[2026-08-20 10:33:33] INFO     v1:150 — DXF export: window=13 bytes=81487
[2026-08-20 10:53:16] INFO     logging_config:160 — Quoting Studio — logging initialised (debug=True)
[2026-08-20 10:53:35] INFO     logging_config:160 — Quoting Studio — logging initialised (debug=True)
[2026-08-20 10:53:37] INFO     logging_config:160 — Quoting Studio — logging initialised (debug=True)
[2026-08-20 10:55:50] INFO     logging_config:160 — Quoting Studio — logging initialised (debug=True)
[2026-08-20 10:55:52] INFO     logging_config:160 — Quoting Studio — logging initialised (debug=True)
[2026-08-20 10:56:17] INFO     projects:380 — Unit added: id=55 project=7 type=window tpl=double
[2026-08-20 10:56:22] INFO     v1:303 — Design saved: window=55 panes=2
[2026-08-20 10:56:29] INFO     v1:303 — Design saved: window=55 panes=2
[2026-08-20 10:56:30] INFO     v1:303 — Design saved: window=55 panes=2
[2026-08-20 10:56:58] INFO     v1:303 — Design saved: window=55 panes=2
[2026-08-20 10:57:05] INFO     v1:303 — Design saved: window=55 panes=2
[2026-08-20 10:57:15] WARNING  cad_export:119 — Profile lookup failed: No module named 'models'
[2026-08-20 10:57:15] ERROR    cad_export:79 — DXF generation failed window=55: 
Traceback (most recent call last):
  File "D:\Quoting Studio\quoting_studio\app\services\cad_export.py", line 77, in generate_window_dxf
    return _build(window, panes, profile, tenant_id, **params)
           ^^^^^^^^^^^^^^^^^^^^^^^^^^^^^^^^^^^^^^^^^^^^^^^^^^^
  File "D:\Quoting Studio\quoting_studio\app\services\cad_export.py", line 161, in _build
    _cill(msp, W, cill_horn, cill_nose)
  File "D:\Quoting Studio\quoting_studio\app\services\cad_export.py", line 407, in _cill
    ).set_placement((label_x, label_y), align=1)
      ^^^^^^^^^^^^^^^^^^^^^^^^^^^^^^^^^^^^^^^^^^
  File "D:\Quoting Studio\quoting_studio\venv\Lib\site-packages\ezdxf\entities\text.py", line 259, in set_placement
    assert isinstance(align, TextEntityAlignment)
           ^^^^^^^^^^^^^^^^^^^^^^^^^^^^^^^^^^^^^^
AssertionError
[2026-08-20 10:57:15] ERROR    v1:155 — export_dxf error window=55: 
Traceback (most recent call last):
  File "D:\Quoting Studio\quoting_studio\app\api\v1.py", line 147, in export_dxf
    dxf    = generate_window_dxf(window, panes, tenant_id=current_user.tenant_id)
             ^^^^^^^^^^^^^^^^^^^^^^^^^^^^^^^^^^^^^^^^^^^^^^^^^^^^^^^^^^^^^^^^^^^^
  File "D:\Quoting Studio\quoting_studio\app\services\cad_export.py", line 77, in generate_window_dxf
    return _build(window, panes, profile, tenant_id, **params)
           ^^^^^^^^^^^^^^^^^^^^^^^^^^^^^^^^^^^^^^^^^^^^^^^^^^^
  File "D:\Quoting Studio\quoting_studio\app\services\cad_export.py", line 161, in _build
    _cill(msp, W, cill_horn, cill_nose)
  File "D:\Quoting Studio\quoting_studio\app\services\cad_export.py", line 407, in _cill
    ).set_placement((label_x, label_y), align=1)
      ^^^^^^^^^^^^^^^^^^^^^^^^^^^^^^^^^^^^^^^^^^
  File "D:\Quoting Studio\quoting_studio\venv\Lib\site-packages\ezdxf\entities\text.py", line 259, in set_placement
    assert isinstance(align, TextEntityAlignment)
           ^^^^^^^^^^^^^^^^^^^^^^^^^^^^^^^^^^^^^^
AssertionError
[2026-08-20 10:57:15] INFO     v1:303 — Design saved: window=55 panes=2
[2026-08-20 10:57:15] INFO     v1:303 — Design saved: window=55 panes=2
[2026-08-20 10:57:15] INFO     __init__:96 — 404 Not Found — GET /favicon.ico
[2026-08-20 11:00:42] INFO     v1:303 — Design saved: window=55 panes=2
[2026-08-20 11:01:04] INFO     v1:303 — Design saved: window=55 panes=2
[2026-08-20 11:01:07] INFO     v1:303 — Design saved: window=55 panes=2
[2026-08-20 11:03:48] INFO     v1:303 — Design saved: window=55 panes=2
[2026-08-20 11:04:09] INFO     v1:303 — Design saved: window=55 panes=2
[2026-08-20 11:04:45] INFO     v1:303 — Design saved: window=55 panes=2
[2026-08-20 11:04:51] INFO     v1:303 — Design saved: window=55 panes=2
[2026-08-20 11:05:42] INFO     v1:303 — Design saved: window=55 panes=2
[2026-08-20 11:05:45] INFO     model3d_assembly:69 — 3D assembly [win=55 sys=1]: head=HD-90(DXF) cill=SL-165(DXF) jamb=JB-67(DXF) mullion=PART-GLS(DXF) transom=SUP-STD(DXF) sash=MS-83(DXF)
[2026-08-20 11:05:45] INFO     model3d_assembly:81 — 3D assembly: 5/5 members have real DXF sections
[2026-08-20 11:06:04] WARNING  cad_export:119 — Profile lookup failed: No module named 'models'
[2026-08-20 11:06:04] INFO     v1:303 — Design saved: window=55 panes=2
[2026-08-20 11:06:04] ERROR    cad_export:79 — DXF generation failed window=55: 
Traceback (most recent call last):
  File "D:\Quoting Studio\quoting_studio\app\services\cad_export.py", line 77, in generate_window_dxf
    return _build(window, panes, profile, tenant_id, **params)
           ^^^^^^^^^^^^^^^^^^^^^^^^^^^^^^^^^^^^^^^^^^^^^^^^^^^
  File "D:\Quoting Studio\quoting_studio\app\services\cad_export.py", line 161, in _build
    _cill(msp, W, cill_horn, cill_nose)
  File "D:\Quoting Studio\quoting_studio\app\services\cad_export.py", line 407, in _cill
    ).set_placement((label_x, label_y), align=1)
      ^^^^^^^^^^^^^^^^^^^^^^^^^^^^^^^^^^^^^^^^^^
  File "D:\Quoting Studio\quoting_studio\venv\Lib\site-packages\ezdxf\entities\text.py", line 259, in set_placement
    assert isinstance(align, TextEntityAlignment)
           ^^^^^^^^^^^^^^^^^^^^^^^^^^^^^^^^^^^^^^
AssertionError
[2026-08-20 11:06:04] INFO     v1:303 — Design saved: window=55 panes=2
[2026-08-20 11:06:04] ERROR    v1:155 — export_dxf error window=55: 
Traceback (most recent call last):
  File "D:\Quoting Studio\quoting_studio\app\api\v1.py", line 147, in export_dxf
    dxf    = generate_window_dxf(window, panes, tenant_id=current_user.tenant_id)
             ^^^^^^^^^^^^^^^^^^^^^^^^^^^^^^^^^^^^^^^^^^^^^^^^^^^^^^^^^^^^^^^^^^^^
  File "D:\Quoting Studio\quoting_studio\app\services\cad_export.py", line 77, in generate_window_dxf
    return _build(window, panes, profile, tenant_id, **params)
           ^^^^^^^^^^^^^^^^^^^^^^^^^^^^^^^^^^^^^^^^^^^^^^^^^^^
  File "D:\Quoting Studio\quoting_studio\app\services\cad_export.py", line 161, in _build
    _cill(msp, W, cill_horn, cill_nose)
  File "D:\Quoting Studio\quoting_studio\app\services\cad_export.py", line 407, in _cill
    ).set_placement((label_x, label_y), align=1)
      ^^^^^^^^^^^^^^^^^^^^^^^^^^^^^^^^^^^^^^^^^^
  File "D:\Quoting Studio\quoting_studio\venv\Lib\site-packages\ezdxf\entities\text.py", line 259, in set_placement
    assert isinstance(align, TextEntityAlignment)
           ^^^^^^^^^^^^^^^^^^^^^^^^^^^^^^^^^^^^^^
AssertionError
[2026-08-20 11:06:04] INFO     v1:303 — Design saved: window=55 panes=2
[2026-08-20 11:06:19] INFO     model3d:76 — trimesh assembly OK: fmt=step bytes=2452947
[2026-08-20 11:06:19] INFO     v1:242 — 3D export: window=55 fmt=step method=auto bytes=2452947
[2026-08-20 11:07:08] INFO     logging_config:160 — Quoting Studio — logging initialised (debug=True)
[2026-08-20 11:08:33] INFO     logging_config:160 — Quoting Studio — logging initialised (debug=True)
[2026-08-20 11:08:55] INFO     logging_config:160 — Quoting Studio — logging initialised (debug=True)
[2026-08-20 11:09:04] INFO     logging_config:160 — Quoting Studio — logging initialised (debug=True)
[2026-08-20 11:09:22] INFO     logging_config:160 — Quoting Studio — logging initialised (debug=True)
[2026-08-20 11:09:26] INFO     logging_config:160 — Quoting Studio — logging initialised (debug=True)
[2026-08-20 11:09:30] INFO     logging_config:160 — Quoting Studio — logging initialised (debug=True)
[2026-08-20 11:09:47] INFO     logging_config:160 — Quoting Studio — logging initialised (debug=True)
